Matram,longitude,latitude,Z.Elev,Date,Salinity,Dist_to_TanChau_km,WaterLevel_Mean,WL_Mean_3D_Lag,WL_Mean_7D_Lag,Month_sin,Month_cos,Day_sin,Day_cos
BD00012019,106.58,10.43,0.95,2019-03-04,8.1,158.19538061299636,0.68,0.2999999999999997,0.3857142857142858,1.0,6.123233995736766e-17,0.8840675099433636,0.4673592171580022
BD00012019,106.58,10.43,0.95,2019-03-18,9.0,158.19538061299636,0.26,0.0999999999999997,0.3485714285714287,1.0,6.123233995736766e-17,0.9700639218515071,0.2428497220959356
BD00012019,106.58,10.43,0.95,2019-04-02,8.0,158.19538061299636,0.5700000000000001,0.37999999999999984,0.5014285714285716,0.8660254037844387,-0.4999999999999998,0.9999166586547379,-0.01291029607500882
BD00012019,106.58,10.43,0.95,2019-04-16,9.4,158.19538061299636,0.24,0.1333333333333332,0.542857142857143,0.8660254037844387,-0.4999999999999998,0.9679377830240642,-0.25119006388481935
BD00012019,106.58,10.43,0.95,2019-05-01,6.7,158.19538061299636,0.37,0.25999999999999984,0.47571428571428587,0.49999999999999994,-0.8660254037844387,0.8717063187093218,-0.4900286664290592
BD00012019,106.58,10.43,1.07,2019-05-16,4.1,158.19538061299636,0.44,0.19999999999999982,0.38000000000000017,0.49999999999999994,-0.8660254037844387,0.717676913675962,-0.6963762255968722
BD00012019,106.58,10.43,1.07,2019-06-01,4.4,158.19538061299636,0.42,0.19666666666666655,0.21571428571428583,1.2246467991473532e-16,-1.0,0.5012418134457758,-0.865307254363206
BD00012019,106.58,10.43,1.07,2019-06-19,0.9,158.19538061299636,1.12,0.8366666666666666,0.5571428571428573,1.2246467991473532e-16,-1.0,0.21352091543979612,-0.9769384927771817
BD00012020,106.58,10.43,0.73,2020-03-09,19.8,158.19538061299636,0.13,-0.03000000000000022,0.09285714285714299,1.0,6.123233995736766e-17,0.9275416835791966,0.37371971479046906
BD00012020,106.58,10.43,1.03,2020-03-27,12.9,158.19538061299636,0.87,0.4299999999999997,0.2371428571428573,1.0,6.123233995736766e-17,0.9973249731081555,0.07309512989807777
BD00012020,106.58,10.43,1.03,2020-04-27,12.8,158.19538061299636,0.72,0.7733333333333331,0.482857142857143,0.8660254037844387,-0.4999999999999998,0.895839290734909,-0.4443781781046132
BD00012020,106.58,10.43,1.03,2020-05-09,13.5,158.19538061299636,0.92,0.17666666666666642,0.054285714285714416,0.49999999999999994,-0.8660254037844387,0.7856498550787147,-0.6186714032625031
BD00012020,106.58,10.43,1.03,2020-05-25,11.8,158.19538061299636,0.68,0.5699999999999997,0.14714285714285727,0.49999999999999994,-0.8660254037844387,0.5877852522924732,-0.8090169943749473
BD00012020,106.58,10.43,1.03,2020-06-09,7.5,158.19538061299636,0.85,0.6466666666666665,0.11571428571428584,1.2246467991473532e-16,-1.0,0.36171373072976765,-0.9322892131745133
BD00012020,106.58,10.43,1.03,2020-06-23,3.2,158.19538061299636,0.8200000000000001,0.5299999999999998,0.018571428571428683,1.2246467991473532e-16,-1.0,0.12874817745258132,-0.99167731989929
BD00012021,106.58,10.43,0.64,2021-01-29,3.68,158.19538061299636,0.81,0.5566666666666665,0.5485714285714287,0.49999999999999994,0.8660254037844387,0.47873384011578846,0.8779600847008882
BD00012021,106.58,10.43,0.64,2021-02-28,1.3,158.19538061299636,0.61,0.30666666666666653,0.21000000000000016,0.8660254037844386,0.5000000000000001,0.8498170915275278,0.5270777086423722
BD00012021,106.58,10.43,0.64,2021-03-15,9.95,158.19538061299636,1.02,0.4633333333333332,0.17857142857142877,1.0,6.123233995736766e-17,0.9562348265919056,0.29260033563334836
BD00012021,106.58,10.43,0.64,2021-03-29,11.0,158.19538061299636,0.5700000000000001,0.20333333333333317,-0.01714285714285696,1.0,6.123233995736766e-17,0.9984354211555643,0.055916990100603484
BD00012021,106.58,10.43,0.58,2021-04-14,9.2,158.19538061299636,1.07,0.5866666666666666,0.19428571428571448,0.8660254037844387,-0.4999999999999998,0.9760105506323683,-0.21772323039653177
BD00012021,106.58,10.43,0.58,2021-04-28,4.2,158.19538061299636,0.48,-0.0333333333333334,-0.14285714285714263,0.8660254037844387,-0.4999999999999998,0.895839290734909,-0.4443781781046132
BD00012021,106.58,10.43,0.58,2021-05-14,4.7,158.19538061299636,1.04,0.8766666666666666,0.43571428571428594,0.49999999999999994,-0.8660254037844387,0.7412220108485958,-0.6712599575675313
BD00022019,106.55,10.47,1.07,2019-03-04,0.2,153.91461224529854,0.68,0.2999999999999997,0.3857142857142858,1.0,6.123233995736766e-17,0.8840675099433636,0.4673592171580022
BD00022019,106.55,10.47,1.07,2019-03-18,0.4,153.91461224529854,0.26,0.0999999999999997,0.3485714285714287,1.0,6.123233995736766e-17,0.9700639218515071,0.2428497220959356
BD00022019,106.55,10.47,1.07,2019-04-02,0.5,153.91461224529854,0.5700000000000001,0.37999999999999984,0.5014285714285716,0.8660254037844387,-0.4999999999999998,0.9999166586547379,-0.01291029607500882
BD00022019,106.55,10.47,1.07,2019-04-16,1.7,153.91461224529854,0.24,0.1333333333333332,0.542857142857143,0.8660254037844387,-0.4999999999999998,0.9679377830240642,-0.25119006388481935
BD00022019,106.55,10.47,1.87,2019-05-01,0.5,153.91461224529854,0.37,0.25999999999999984,0.47571428571428587,0.49999999999999994,-0.8660254037844387,0.8717063187093218,-0.4900286664290592
BD00022019,106.55,10.47,1.87,2019-05-16,1.0,153.91461224529854,0.44,0.19999999999999982,0.38000000000000017,0.49999999999999994,-0.8660254037844387,0.717676913675962,-0.6963762255968722
BD00022019,106.55,10.47,1.87,2019-06-01,0.5,153.91461224529854,0.42,0.19666666666666655,0.21571428571428583,1.2246467991473532e-16,-1.0,0.5012418134457758,-0.865307254363206
BD00022019,106.55,10.47,1.87,2019-06-19,0.4,153.91461224529854,1.12,0.8366666666666666,0.5571428571428573,1.2246467991473532e-16,-1.0,0.21352091543979612,-0.9769384927771817
BD00022020,106.55,10.47,1.03,2020-03-09,3.0,153.91461224529854,0.13,-0.03000000000000022,0.09285714285714299,1.0,6.123233995736766e-17,0.9275416835791966,0.37371971479046906
BD00022020,106.55,10.47,1.04,2020-03-27,2.87,153.91461224529854,0.87,0.4299999999999997,0.2371428571428573,1.0,6.123233995736766e-17,0.9973249731081555,0.07309512989807777
BD00022020,106.55,10.47,1.04,2020-04-27,6.6,153.91461224529854,0.72,0.7733333333333331,0.482857142857143,0.8660254037844387,-0.4999999999999998,0.895839290734909,-0.4443781781046132
BD00022020,106.55,10.47,1.04,2020-05-09,2.9,153.91461224529854,0.92,0.17666666666666642,0.054285714285714416,0.49999999999999994,-0.8660254037844387,0.7856498550787147,-0.6186714032625031
BD00022020,106.55,10.47,1.04,2020-05-25,1.29,153.91461224529854,0.68,0.5699999999999997,0.14714285714285727,0.49999999999999994,-0.8660254037844387,0.5877852522924732,-0.8090169943749473
BD00022020,106.55,10.47,1.04,2020-06-09,3.23,153.91461224529854,0.85,0.6466666666666665,0.11571428571428584,1.2246467991473532e-16,-1.0,0.36171373072976765,-0.9322892131745133
BD00022020,106.55,10.47,0.66,2020-06-23,1.87,153.91461224529854,0.8200000000000001,0.5299999999999998,0.018571428571428683,1.2246467991473532e-16,-1.0,0.12874817745258132,-0.99167731989929
BD00022021,106.55,10.47,0.58,2021-01-29,0.72,153.91461224529854,0.81,0.5566666666666665,0.5485714285714287,0.49999999999999994,0.8660254037844387,0.47873384011578846,0.8779600847008882
BD00022021,106.55,10.47,0.58,2021-02-28,1.3,153.91461224529854,0.61,0.30666666666666653,0.21000000000000016,0.8660254037844386,0.5000000000000001,0.8498170915275278,0.5270777086423722
BD00022021,106.55,10.47,0.58,2021-03-15,1.84,153.91461224529854,1.02,0.4633333333333332,0.17857142857142877,1.0,6.123233995736766e-17,0.9562348265919056,0.29260033563334836
BD00022021,106.55,10.47,0.58,2021-03-29,1.9,153.91461224529854,0.5700000000000001,0.20333333333333317,-0.01714285714285696,1.0,6.123233995736766e-17,0.9984354211555643,0.055916990100603484
BD00022021,106.55,10.47,0.58,2021-04-14,2.0,153.91461224529854,1.07,0.5866666666666666,0.19428571428571448,0.8660254037844387,-0.4999999999999998,0.9760105506323683,-0.21772323039653177
BD00022021,106.55,10.47,0.46,2021-04-28,1.5,153.91461224529854,0.48,-0.0333333333333334,-0.14285714285714263,0.8660254037844387,-0.4999999999999998,0.895839290734909,-0.4443781781046132
BD00022021,106.55,10.47,0.46,2021-05-14,1.3,153.91461224529854,1.04,0.8766666666666666,0.43571428571428594,0.49999999999999994,-0.8660254037844387,0.7412220108485958,-0.6712599575675313
BD00032019,106.47,10.51,1.87,2019-03-04,0.1,144.38075520951236,0.68,0.2999999999999997,0.3857142857142858,1.0,6.123233995736766e-17,0.8840675099433636,0.4673592171580022
BD00032019,106.47,10.51,1.87,2019-03-18,0.1,144.38075520951236,0.26,0.0999999999999997,0.3485714285714287,1.0,6.123233995736766e-17,0.9700639218515071,0.2428497220959356
BD00032019,106.47,10.51,1.87,2019-04-02,0.2,144.38075520951236,0.5700000000000001,0.37999999999999984,0.5014285714285716,0.8660254037844387,-0.4999999999999998,0.9999166586547379,-0.01291029607500882
BD00032019,106.47,10.51,1.56,2019-04-16,0.2,144.38075520951236,0.24,0.1333333333333332,0.542857142857143,0.8660254037844387,-0.4999999999999998,0.9679377830240642,-0.25119006388481935
BD00032019,106.47,10.51,1.56,2019-05-01,0.3,144.38075520951236,0.37,0.25999999999999984,0.47571428571428587,0.49999999999999994,-0.8660254037844387,0.8717063187093218,-0.4900286664290592
BD00032019,106.47,10.51,1.56,2019-05-16,0.3,144.38075520951236,0.44,0.19999999999999982,0.38000000000000017,0.49999999999999994,-0.8660254037844387,0.717676913675962,-0.6963762255968722
BD00032019,106.47,10.51,1.56,2019-06-01,0.2,144.38075520951236,0.42,0.19666666666666655,0.21571428571428583,1.2246467991473532e-16,-1.0,0.5012418134457758,-0.865307254363206
BD00032019,106.47,10.51,1.56,2019-06-19,0.2,144.38075520951236,1.12,0.8366666666666666,0.5571428571428573,1.2246467991473532e-16,-1.0,0.21352091543979612,-0.9769384927771817
BD00032020,106.47,10.51,0.66,2020-03-09,1.3,144.38075520951236,0.13,-0.03000000000000022,0.09285714285714299,1.0,6.123233995736766e-17,0.9275416835791966,0.37371971479046906
BD00032020,106.47,10.51,0.66,2020-03-27,1.16,144.38075520951236,0.87,0.4299999999999997,0.2371428571428573,1.0,6.123233995736766e-17,0.9973249731081555,0.07309512989807777
BD00032020,106.47,10.51,0.66,2020-04-27,2.5,144.38075520951236,0.72,0.7733333333333331,0.482857142857143,0.8660254037844387,-0.4999999999999998,0.895839290734909,-0.4443781781046132
BD00032020,106.47,10.51,0.66,2020-05-09,1.33,144.38075520951236,0.92,0.17666666666666642,0.054285714285714416,0.49999999999999994,-0.8660254037844387,0.7856498550787147,-0.6186714032625031
BD00032020,106.47,10.51,0.66,2020-05-25,1.12,144.38075520951236,0.68,0.5699999999999997,0.14714285714285727,0.49999999999999994,-0.8660254037844387,0.5877852522924732,-0.8090169943749473
BD00032020,106.47,10.51,0.66,2020-06-09,0.73,144.38075520951236,0.85,0.6466666666666665,0.11571428571428584,1.2246467991473532e-16,-1.0,0.36171373072976765,-0.9322892131745133
BD00032020,106.47,10.51,0.66,2020-06-23,0.66,144.38075520951236,0.8200000000000001,0.5299999999999998,0.018571428571428683,1.2246467991473532e-16,-1.0,0.12874817745258132,-0.99167731989929
BD00032021,106.47,10.51,0.46,2021-01-29,0.15,144.38075520951236,0.81,0.5566666666666665,0.5485714285714287,0.49999999999999994,0.8660254037844387,0.47873384011578846,0.8779600847008882
BD00032021,106.47,10.51,0.46,2021-02-28,0.2,144.38075520951236,0.61,0.30666666666666653,0.21000000000000016,0.8660254037844386,0.5000000000000001,0.8498170915275278,0.5270777086423722
BD00032021,106.47,10.51,0.46,2021-03-15,0.2,144.38075520951236,1.02,0.4633333333333332,0.17857142857142877,1.0,6.123233995736766e-17,0.9562348265919056,0.29260033563334836
BD00032021,106.47,10.51,0.46,2021-03-29,0.1,144.38075520951236,0.5700000000000001,0.20333333333333317,-0.01714285714285696,1.0,6.123233995736766e-17,0.9984354211555643,0.055916990100603484
BD00032021,106.47,10.51,0.46,2021-04-14,0.2,144.38075520951236,1.07,0.5866666666666666,0.19428571428571448,0.8660254037844387,-0.4999999999999998,0.9760105506323683,-0.21772323039653177
BD00032021,106.47,10.51,0.46,2021-04-28,0.4,144.38075520951236,0.48,-0.0333333333333334,-0.14285714285714263,0.8660254037844387,-0.4999999999999998,0.895839290734909,-0.4443781781046132
BD00032021,106.47,10.51,0.56,2021-05-14,0.3,144.38075520951236,1.04,0.8766666666666666,0.43571428571428594,0.49999999999999994,-0.8660254037844387,0.7412220108485958,-0.6712599575675313
BD00042019,106.41,10.53,1.56,2019-03-04,0.1,137.49347124661062,0.68,0.2999999999999997,0.3857142857142858,1.0,6.123233995736766e-17,0.8840675099433636,0.4673592171580022
BD00042019,106.41,10.53,1.56,2019-03-18,0.1,137.49347124661062,0.26,0.0999999999999997,0.3485714285714287,1.0,6.123233995736766e-17,0.9700639218515071,0.2428497220959356
BD00042019,106.41,10.53,1.0,2019-04-02,0.2,137.49347124661062,0.5700000000000001,0.37999999999999984,0.5014285714285716,0.8660254037844387,-0.4999999999999998,0.9999166586547379,-0.01291029607500882
BD00042019,106.41,10.53,1.0,2019-04-16,0.1,137.49347124661062,0.24,0.1333333333333332,0.542857142857143,0.8660254037844387,-0.4999999999999998,0.9679377830240642,-0.25119006388481935
BD00042019,106.41,10.53,1.0,2019-05-01,0.2,137.49347124661062,0.37,0.25999999999999984,0.47571428571428587,0.49999999999999994,-0.8660254037844387,0.8717063187093218,-0.4900286664290592
BD00042019,106.41,10.53,1.0,2019-05-16,0.2,137.49347124661062,0.44,0.19999999999999982,0.38000000000000017,0.49999999999999994,-0.8660254037844387,0.717676913675962,-0.6963762255968722
BD00042019,106.41,10.53,1.0,2019-06-01,0.2,137.49347124661062,0.42,0.19666666666666655,0.21571428571428583,1.2246467991473532e-16,-1.0,0.5012418134457758,-0.865307254363206
BD00042019,106.41,10.53,1.0,2019-06-19,0.2,137.49347124661062,1.12,0.8366666666666666,0.5571428571428573,1.2246467991473532e-16,-1.0,0.21352091543979612,-0.9769384927771817
BD00042020,106.41,10.53,0.54,2020-03-09,1.2,137.49347124661062,0.13,-0.03000000000000022,0.09285714285714299,1.0,6.123233995736766e-17,0.9275416835791966,0.37371971479046906
BD00042020,106.41,10.53,0.54,2020-03-27,1.5,137.49347124661062,0.87,0.4299999999999997,0.2371428571428573,1.0,6.123233995736766e-17,0.9973249731081555,0.07309512989807777
BD00042020,106.41,10.53,0.54,2020-04-27,1.38,137.49347124661062,0.72,0.7733333333333331,0.482857142857143,0.8660254037844387,-0.4999999999999998,0.895839290734909,-0.4443781781046132
BD00042020,106.41,10.53,0.54,2020-05-09,5.66,137.49347124661062,0.92,0.17666666666666642,0.054285714285714416,0.49999999999999994,-0.8660254037844387,0.7856498550787147,-0.6186714032625031
BD00042020,106.41,10.53,0.54,2020-05-25,1.2,137.49347124661062,0.68,0.5699999999999997,0.14714285714285727,0.49999999999999994,-0.8660254037844387,0.5877852522924732,-0.8090169943749473
BD00042020,106.41,10.53,0.54,2020-06-09,0.52,137.49347124661062,0.85,0.6466666666666665,0.11571428571428584,1.2246467991473532e-16,-1.0,0.36171373072976765,-0.9322892131745133
BD00042020,106.41,10.53,0.54,2020-06-23,0.44,137.49347124661062,0.8200000000000001,0.5299999999999998,0.018571428571428683,1.2246467991473532e-16,-1.0,0.12874817745258132,-0.99167731989929
BD00042021,106.41,10.53,0.56,2021-01-29,0.17,137.49347124661062,0.81,0.5566666666666665,0.5485714285714287,0.49999999999999994,0.8660254037844387,0.47873384011578846,0.8779600847008882
BD00042021,106.41,10.53,0.56,2021-02-28,0.18,137.49347124661062,0.61,0.30666666666666653,0.21000000000000016,0.8660254037844386,0.5000000000000001,0.8498170915275278,0.5270777086423722
BD00042021,106.41,10.53,0.56,2021-03-15,0.39,137.49347124661062,1.02,0.4633333333333332,0.17857142857142877,1.0,6.123233995736766e-17,0.9562348265919056,0.29260033563334836
BD00042021,106.41,10.53,0.56,2021-03-29,0.3,137.49347124661062,0.5700000000000001,0.20333333333333317,-0.01714285714285696,1.0,6.123233995736766e-17,0.9984354211555643,0.055916990100603484
BD00042021,106.41,10.53,0.56,2021-04-14,0.6,137.49347124661062,1.07,0.5866666666666666,0.19428571428571448,0.8660254037844387,-0.4999999999999998,0.9760105506323683,-0.21772323039653177
BD00042021,106.41,10.53,0.56,2021-04-28,0.2,137.49347124661062,0.48,-0.0333333333333334,-0.14285714285714263,0.8660254037844387,-0.4999999999999998,0.895839290734909,-0.4443781781046132
BD00042021,106.41,10.53,0.56,2021-05-14,0.2,137.49347124661062,1.04,0.8766666666666666,0.43571428571428594,0.49999999999999994,-0.8660254037844387,0.7412220108485958,-0.6712599575675313
BD00052019,106.36,10.56,1.0,2019-03-04,0.1,131.4521405591422,0.79,0.4799999999999997,0.36000000000000015,1.0,6.123233995736766e-17,0.8840675099433636,0.4673592171580022
BD00052019,106.36,10.56,0.73,2019-03-18,0.2,131.4521405591422,0.46,0.1599999999999997,0.2714285714285715,1.0,6.123233995736766e-17,0.9700639218515071,0.2428497220959356
BD00052019,106.36,10.56,0.73,2019-04-02,0.6,131.4521405591422,0.66,0.4766666666666665,0.44142857142857156,0.8660254037844387,-0.4999999999999998,0.9999166586547379,-0.01291029607500882
BD00052019,106.36,10.56,0.73,2019-04-16,0.7,131.4521405591422,0.39,0.10333333333333318,0.4285714285714287,0.8660254037844387,-0.4999999999999998,0.9679377830240642,-0.25119006388481935
BD00052019,106.36,10.56,0.73,2019-05-01,0.7,131.4521405591422,0.42,0.30666666666666653,0.37571428571428583,0.49999999999999994,-0.8660254037844387,0.8717063187093218,-0.4900286664290592
BD00052019,106.36,10.56,0.73,2019-05-16,0.6,131.4521405591422,0.53,0.3033333333333332,0.32857142857142874,0.49999999999999994,-0.8660254037844387,0.717676913675962,-0.6963762255968722
BD00052019,106.36,10.56,0.73,2019-06-01,0.3,131.4521405591422,0.63,0.27999999999999986,0.20857142857142869,1.2246467991473532e-16,-1.0,0.5012418134457758,-0.865307254363206
BD00052019,106.36,10.56,0.73,2019-06-19,0.2,131.4521405591422,1.15,1.0,0.6800000000000003,1.2246467991473532e-16,-1.0,0.21352091543979612,-0.9769384927771817
BD00052020,106.36,10.56,0.54,2020-03-09,1.2,131.4521405591422,0.35000000000000003,0.04999999999999979,0.0385714285714287,1.0,6.123233995736766e-17,0.9275416835791966,0.37371971479046906
BD00052020,106.36,10.56,0.57,2020-03-27,1.11,131.4521405591422,0.8,0.5999999999999998,0.36000000000000015,1.0,6.123233995736766e-17,0.9973249731081555,0.07309512989807777
BD00052020,106.36,10.56,0.57,2020-04-27,1.4,131.4521405591422,0.62,0.7533333333333331,0.5642857142857144,0.8660254037844387,-0.4999999999999998,0.895839290734909,-0.4443781781046132
BD00052020,106.36,10.56,0.57,2020-05-09,1.8,131.4521405591422,0.9500000000000001,0.47999999999999976,0.1985714285714287,0.49999999999999994,-0.8660254037844387,0.7856498550787147,-0.6186714032625031
BD00052020,106.36,10.56,0.57,2020-05-25,1.3,131.4521405591422,0.62,0.6833333333333331,0.2842857142857144,0.49999999999999994,-0.8660254037844387,0.5877852522924732,-0.8090169943749473
BD00052020,106.36,10.56,0.57,2020-06-09,0.74,131.4521405591422,0.6900000000000001,0.8399999999999999,0.30000000000000016,1.2246467991473532e-16,-1.0,0.36171373072976765,-0.9322892131745133
BD00052020,106.36,10.56,0.57,2020-06-23,0.58,131.4521405591422,0.75,0.7333333333333331,0.20000000000000012,1.2246467991473532e-16,-1.0,0.12874817745258132,-0.99167731989929
BD00052021,106.36,10.56,0.39,2021-01-29,0.15,131.4521405591422,0.87,0.6799999999999998,0.5614285714285716,0.49999999999999994,0.8660254037844387,0.47873384011578846,0.8779600847008882
BD00052021,106.36,10.56,0.39,2021-02-28,0.2,131.4521405591422,0.8200000000000001,0.4333333333333331,0.28285714285714303,0.8660254037844386,0.5000000000000001,0.8498170915275278,0.5270777086423722
BD00052021,106.36,10.56,0.39,2021-03-15,0.32,131.4521405591422,1.24,0.7399999999999999,0.3342857142857145,1.0,6.123233995736766e-17,0.9562348265919056,0.29260033563334836
BD00052021,106.36,10.56,0.39,2021-03-29,0.3,131.4521405591422,0.93,0.41333333333333316,0.08428571428571449,1.0,6.123233995736766e-17,0.9984354211555643,0.055916990100603484
BD00052021,106.36,10.56,0.39,2021-04-14,0.2,131.4521405591422,1.11,0.8433333333333334,0.38285714285714306,0.8660254037844387,-0.4999999999999998,0.9760105506323683,-0.21772323039653177
BD00052021,106.36,10.56,0.39,2021-04-28,0.3,131.4521405591422,0.89,0.18999999999999995,-0.06285714285714263,0.8660254037844387,-0.4999999999999998,0.895839290734909,-0.4443781781046132
BD00052021,106.36,10.56,0.39,2021-05-14,0.2,131.4521405591422,0.93,1.0599999999999998,0.585714285714286,0.49999999999999994,-0.8660254037844387,0.7412220108485958,-0.6712599575675313
BD00062019,106.49,10.38,1.03,2019-03-04,0.2,150.33330946754674,0.68,0.2999999999999997,0.3857142857142858,1.0,6.123233995736766e-17,0.8840675099433636,0.4673592171580022
BD00062019,106.49,10.38,1.03,2019-03-18,0.1,150.33330946754674,0.26,0.0999999999999997,0.3485714285714287,1.0,6.123233995736766e-17,0.9700639218515071,0.2428497220959356
BD00062019,106.49,10.38,1.03,2019-04-02,0.3,150.33330946754674,0.5700000000000001,0.37999999999999984,0.5014285714285716,0.8660254037844387,-0.4999999999999998,0.9999166586547379,-0.01291029607500882
BD00062019,106.49,10.38,1.03,2019-04-16,0.2,150.33330946754674,0.24,0.1333333333333332,0.542857142857143,0.8660254037844387,-0.4999999999999998,0.9679377830240642,-0.25119006388481935
BD00062019,106.49,10.38,1.03,2019-05-01,0.2,150.33330946754674,0.37,0.25999999999999984,0.47571428571428587,0.49999999999999994,-0.8660254037844387,0.8717063187093218,-0.4900286664290592
BD00062019,106.49,10.38,1.03,2019-05-16,0.2,150.33330946754674,0.44,0.19999999999999982,0.38000000000000017,0.49999999999999994,-0.8660254037844387,0.717676913675962,-0.6963762255968722
BD00062019,106.49,10.38,1.03,2019-06-01,0.3,150.33330946754674,0.42,0.19666666666666655,0.21571428571428583,1.2246467991473532e-16,-1.0,0.5012418134457758,-0.865307254363206
BD00062019,106.49,10.38,1.04,2019-06-19,0.3,150.33330946754674,1.12,0.8366666666666666,0.5571428571428573,1.2246467991473532e-16,-1.0,0.21352091543979612,-0.9769384927771817
BD00062020,106.49,10.38,0.57,2020-03-09,1.9,150.33330946754674,0.13,-0.03000000000000022,0.09285714285714299,1.0,6.123233995736766e-17,0.9275416835791966,0.37371971479046906
BD00062020,106.49,10.38,0.57,2020-03-27,1.72,150.33330946754674,0.87,0.4299999999999997,0.2371428571428573,1.0,6.123233995736766e-17,0.9973249731081555,0.07309512989807777
BD00062020,106.49,10.38,0.41,2020-04-27,1.97,150.33330946754674,0.72,0.7733333333333331,0.482857142857143,0.8660254037844387,-0.4999999999999998,0.895839290734909,-0.4443781781046132
BD00062020,106.49,10.38,0.41,2020-05-09,1.52,150.33330946754674,0.92,0.17666666666666642,0.054285714285714416,0.49999999999999994,-0.8660254037844387,0.7856498550787147,-0.6186714032625031
BD00062020,106.49,10.38,0.41,2020-05-25,1.15,150.33330946754674,0.68,0.5699999999999997,0.14714285714285727,0.49999999999999994,-0.8660254037844387,0.5877852522924732,-0.8090169943749473
BD00062020,106.49,10.38,0.41,2020-06-09,1.98,150.33330946754674,0.85,0.6466666666666665,0.11571428571428584,1.2246467991473532e-16,-1.0,0.36171373072976765,-0.9322892131745133
BD00062020,106.49,10.38,0.41,2020-06-23,2.12,150.33330946754674,0.8200000000000001,0.5299999999999998,0.018571428571428683,1.2246467991473532e-16,-1.0,0.12874817745258132,-0.99167731989929
BD00062021,106.49,10.38,0.39,2021-01-29,0.17,150.33330946754674,0.81,0.5566666666666665,0.5485714285714287,0.49999999999999994,0.8660254037844387,0.47873384011578846,0.8779600847008882
BD00062021,106.49,10.38,0.38,2021-02-28,0.6,150.33330946754674,0.61,0.30666666666666653,0.21000000000000016,0.8660254037844386,0.5000000000000001,0.8498170915275278,0.5270777086423722
BD00062021,106.49,10.38,0.38,2021-03-15,0.44,150.33330946754674,1.02,0.4633333333333332,0.17857142857142877,1.0,6.123233995736766e-17,0.9562348265919056,0.29260033563334836
BD00062021,106.49,10.38,0.38,2021-03-29,0.3,150.33330946754674,0.5700000000000001,0.20333333333333317,-0.01714285714285696,1.0,6.123233995736766e-17,0.9984354211555643,0.055916990100603484
BD00062021,106.49,10.38,0.38,2021-04-14,0.6,150.33330946754674,1.07,0.5866666666666666,0.19428571428571448,0.8660254037844387,-0.4999999999999998,0.9760105506323683,-0.21772323039653177
BD00062021,106.49,10.38,0.38,2021-04-28,0.5,150.33330946754674,0.48,-0.0333333333333334,-0.14285714285714263,0.8660254037844387,-0.4999999999999998,0.895839290734909,-0.4443781781046132
BD00062021,106.49,10.38,0.38,2021-05-14,0.2,150.33330946754674,1.04,0.8766666666666666,0.43571428571428594,0.49999999999999994,-0.8660254037844387,0.7412220108485958,-0.6712599575675313
BD00072019,106.4,10.49,1.04,2019-03-04,0.2,137.46404850604512,0.68,0.2999999999999997,0.3857142857142858,1.0,6.123233995736766e-17,0.8840675099433636,0.4673592171580022
BD00072019,106.4,10.49,1.04,2019-03-18,0.1,137.46404850604512,0.26,0.0999999999999997,0.3485714285714287,1.0,6.123233995736766e-17,0.9700639218515071,0.2428497220959356
BD00072019,106.4,10.49,1.04,2019-04-02,0.2,137.46404850604512,0.5700000000000001,0.37999999999999984,0.5014285714285716,0.8660254037844387,-0.4999999999999998,0.9999166586547379,-0.01291029607500882
BD00072019,106.4,10.49,1.04,2019-04-16,0.1,137.46404850604512,0.24,0.1333333333333332,0.542857142857143,0.8660254037844387,-0.4999999999999998,0.9679377830240642,-0.25119006388481935
BD00072019,106.4,10.49,1.04,2019-05-01,0.2,137.46404850604512,0.37,0.25999999999999984,0.47571428571428587,0.49999999999999994,-0.8660254037844387,0.8717063187093218,-0.4900286664290592
BD00072019,106.4,10.49,1.04,2019-05-16,0.1,137.46404850604512,0.44,0.19999999999999982,0.38000000000000017,0.49999999999999994,-0.8660254037844387,0.717676913675962,-0.6963762255968722
BD00072019,106.4,10.49,0.65,2019-06-01,0.3,137.46404850604512,0.42,0.19666666666666655,0.21571428571428583,1.2246467991473532e-16,-1.0,0.5012418134457758,-0.865307254363206
BD00072019,106.4,10.49,0.65,2019-06-19,0.1,137.46404850604512,1.12,0.8366666666666666,0.5571428571428573,1.2246467991473532e-16,-1.0,0.21352091543979612,-0.9769384927771817
BD00072020,106.4,10.49,0.41,2020-03-09,1.1,137.46404850604512,0.13,-0.03000000000000022,0.09285714285714299,1.0,6.123233995736766e-17,0.9275416835791966,0.37371971479046906
BD00072020,106.4,10.49,0.41,2020-03-27,1.42,137.46404850604512,0.87,0.4299999999999997,0.2371428571428573,1.0,6.123233995736766e-17,0.9973249731081555,0.07309512989807777
BD00072020,106.4,10.49,0.41,2020-04-27,1.51,137.46404850604512,0.72,0.7733333333333331,0.482857142857143,0.8660254037844387,-0.4999999999999998,0.895839290734909,-0.4443781781046132
BD00072020,106.4,10.49,0.32,2020-05-09,1.26,137.46404850604512,0.92,0.17666666666666642,0.054285714285714416,0.49999999999999994,-0.8660254037844387,0.7856498550787147,-0.6186714032625031
BD00072020,106.4,10.49,0.32,2020-05-25,1.8,137.46404850604512,0.68,0.5699999999999997,0.14714285714285727,0.49999999999999994,-0.8660254037844387,0.5877852522924732,-0.8090169943749473
BD00072020,106.4,10.49,0.32,2020-06-09,0.49,137.46404850604512,0.85,0.6466666666666665,0.11571428571428584,1.2246467991473532e-16,-1.0,0.36171373072976765,-0.9322892131745133
BD00072020,106.4,10.49,0.32,2020-06-23,0.32,137.46404850604512,0.8200000000000001,0.5299999999999998,0.018571428571428683,1.2246467991473532e-16,-1.0,0.12874817745258132,-0.99167731989929
BD00072021,106.4,10.49,0.38,2021-01-29,0.1,137.46404850604512,0.81,0.5566666666666665,0.5485714285714287,0.49999999999999994,0.8660254037844387,0.47873384011578846,0.8779600847008882
BD00072021,106.4,10.49,0.38,2021-02-28,0.7,137.46404850604512,0.61,0.30666666666666653,0.21000000000000016,0.8660254037844386,0.5000000000000001,0.8498170915275278,0.5270777086423722
BD00072021,106.4,10.49,0.4,2021-03-15,0.18,137.46404850604512,1.02,0.4633333333333332,0.17857142857142877,1.0,6.123233995736766e-17,0.9562348265919056,0.29260033563334836
BD00072021,106.4,10.49,0.4,2021-03-29,0.2,137.46404850604512,0.5700000000000001,0.20333333333333317,-0.01714285714285696,1.0,6.123233995736766e-17,0.9984354211555643,0.055916990100603484
BD00072021,106.4,10.49,0.4,2021-04-14,0.2,137.46404850604512,1.07,0.5866666666666666,0.19428571428571448,0.8660254037844387,-0.4999999999999998,0.9760105506323683,-0.21772323039653177
BD00072021,106.4,10.49,0.4,2021-04-28,0.2,137.46404850604512,0.48,-0.0333333333333334,-0.14285714285714263,0.8660254037844387,-0.4999999999999998,0.895839290734909,-0.4443781781046132
BD00072021,106.4,10.49,0.4,2021-05-14,0.1,137.46404850604512,1.04,0.8766666666666666,0.43571428571428594,0.49999999999999994,-0.8660254037844387,0.7412220108485958,-0.6712599575675313
BD00082019,106.37,10.36,0.65,2019-03-04,0.2,138.6730483308964,0.68,0.2999999999999997,0.3857142857142858,1.0,6.123233995736766e-17,0.8840675099433636,0.4673592171580022
BD00082019,106.37,10.36,0.65,2019-03-18,0.1,138.6730483308964,0.26,0.0999999999999997,0.3485714285714287,1.0,6.123233995736766e-17,0.9700639218515071,0.2428497220959356
BD00082019,106.37,10.36,0.65,2019-04-02,0.3,138.6730483308964,0.5700000000000001,0.37999999999999984,0.5014285714285716,0.8660254037844387,-0.4999999999999998,0.9999166586547379,-0.01291029607500882
BD00082019,106.37,10.36,0.65,2019-04-16,0.5,138.6730483308964,0.24,0.1333333333333332,0.542857142857143,0.8660254037844387,-0.4999999999999998,0.9679377830240642,-0.25119006388481935
BD00082019,106.37,10.36,0.65,2019-05-01,0.4,138.6730483308964,0.37,0.25999999999999984,0.47571428571428587,0.49999999999999994,-0.8660254037844387,0.8717063187093218,-0.4900286664290592
BD00082019,106.37,10.36,0.7,2019-05-16,0.1,138.6730483308964,0.44,0.19999999999999982,0.38000000000000017,0.49999999999999994,-0.8660254037844387,0.717676913675962,-0.6963762255968722
BD00082019,106.37,10.36,0.7,2019-06-01,0.1,138.6730483308964,0.42,0.19666666666666655,0.21571428571428583,1.2246467991473532e-16,-1.0,0.5012418134457758,-0.865307254363206
BD00082019,106.37,10.36,0.7,2019-06-19,0.1,138.6730483308964,1.12,0.8366666666666666,0.5571428571428573,1.2246467991473532e-16,-1.0,0.21352091543979612,-0.9769384927771817
BD00082020,106.37,10.36,0.32,2020-03-09,1.3,138.6730483308964,0.13,-0.03000000000000022,0.09285714285714299,1.0,6.123233995736766e-17,0.9275416835791966,0.37371971479046906
BD00082020,106.37,10.36,0.32,2020-03-27,2.43,138.6730483308964,0.87,0.4299999999999997,0.2371428571428573,1.0,6.123233995736766e-17,0.9973249731081555,0.07309512989807777
BD00082020,106.37,10.36,0.32,2020-04-27,1.54,138.6730483308964,0.72,0.7733333333333331,0.482857142857143,0.8660254037844387,-0.4999999999999998,0.895839290734909,-0.4443781781046132
BD00082020,106.37,10.36,0.32,2020-05-09,1.42,138.6730483308964,0.92,0.17666666666666642,0.054285714285714416,0.49999999999999994,-0.8660254037844387,0.7856498550787147,-0.6186714032625031
BD00082020,106.37,10.36,0.44,2020-05-25,1.58,138.6730483308964,0.68,0.5699999999999997,0.14714285714285727,0.49999999999999994,-0.8660254037844387,0.5877852522924732,-0.8090169943749473
BD00082020,106.37,10.36,0.44,2020-06-09,0.41,138.6730483308964,0.85,0.6466666666666665,0.11571428571428584,1.2246467991473532e-16,-1.0,0.36171373072976765,-0.9322892131745133
BD00082020,106.37,10.36,0.44,2020-06-23,0.26,138.6730483308964,0.8200000000000001,0.5299999999999998,0.018571428571428683,1.2246467991473532e-16,-1.0,0.12874817745258132,-0.99167731989929
BD00082021,106.37,10.36,0.4,2021-01-29,0.35,138.6730483308964,0.81,0.5566666666666665,0.5485714285714287,0.49999999999999994,0.8660254037844387,0.47873384011578846,0.8779600847008882
BD00082021,106.37,10.36,0.4,2021-02-28,0.14,138.6730483308964,0.61,0.30666666666666653,0.21000000000000016,0.8660254037844386,0.5000000000000001,0.8498170915275278,0.5270777086423722
BD00082021,106.37,10.36,0.4,2021-03-15,0.21,138.6730483308964,1.02,0.4633333333333332,0.17857142857142877,1.0,6.123233995736766e-17,0.9562348265919056,0.29260033563334836
BD00082021,106.37,10.36,0.44,2021-03-29,0.2,138.6730483308964,0.5700000000000001,0.20333333333333317,-0.01714285714285696,1.0,6.123233995736766e-17,0.9984354211555643,0.055916990100603484
BD00082021,106.37,10.36,0.44,2021-04-14,0.2,138.6730483308964,1.07,0.5866666666666666,0.19428571428571448,0.8660254037844387,-0.4999999999999998,0.9760105506323683,-0.21772323039653177
BD00082021,106.37,10.36,0.44,2021-04-28,0.3,138.6730483308964,0.48,-0.0333333333333334,-0.14285714285714263,0.8660254037844387,-0.4999999999999998,0.895839290734909,-0.4443781781046132
BD00082021,106.37,10.36,0.44,2021-05-14,0.1,138.6730483308964,1.04,0.8766666666666666,0.43571428571428594,0.49999999999999994,-0.8660254037844387,0.7412220108485958,-0.6712599575675313
BD00092019,106.34,10.39,0.7,2019-03-04,0.1,134.4451058236184,0.79,0.4799999999999997,0.36000000000000015,1.0,6.123233995736766e-17,0.8840675099433636,0.4673592171580022
BD00092019,106.34,10.39,0.7,2019-03-18,0.1,134.4451058236184,0.46,0.1599999999999997,0.2714285714285715,1.0,6.123233995736766e-17,0.9700639218515071,0.2428497220959356
BD00092019,106.34,10.39,0.7,2019-04-02,0.3,134.4451058236184,0.66,0.4766666666666665,0.44142857142857156,0.8660254037844387,-0.4999999999999998,0.9999166586547379,-0.01291029607500882
BD00092019,106.34,10.39,0.7,2019-04-16,0.1,134.4451058236184,0.39,0.10333333333333318,0.4285714285714287,0.8660254037844387,-0.4999999999999998,0.9679377830240642,-0.25119006388481935
BD00092019,106.34,10.39,1.03,2019-05-01,0.1,134.4451058236184,0.42,0.30666666666666653,0.37571428571428583,0.49999999999999994,-0.8660254037844387,0.8717063187093218,-0.4900286664290592
BD00092019,106.34,10.39,1.03,2019-05-16,0.1,134.4451058236184,0.53,0.3033333333333332,0.32857142857142874,0.49999999999999994,-0.8660254037844387,0.717676913675962,-0.6963762255968722
BD00092019,106.34,10.39,1.03,2019-06-01,0.1,134.4451058236184,0.63,0.27999999999999986,0.20857142857142869,1.2246467991473532e-16,-1.0,0.5012418134457758,-0.865307254363206
BD00092019,106.34,10.39,1.03,2019-06-19,0.1,134.4451058236184,1.15,1.0,0.6800000000000003,1.2246467991473532e-16,-1.0,0.21352091543979612,-0.9769384927771817
BD00092020,106.34,10.39,0.44,2020-03-09,1.5,134.4451058236184,0.35000000000000003,0.04999999999999979,0.0385714285714287,1.0,6.123233995736766e-17,0.9275416835791966,0.37371971479046906
BD00092020,106.34,10.39,0.44,2020-03-27,1.89,134.4451058236184,0.8,0.5999999999999998,0.36000000000000015,1.0,6.123233995736766e-17,0.9973249731081555,0.07309512989807777
BD00092020,106.34,10.39,0.44,2020-04-27,1.44,134.4451058236184,0.62,0.7533333333333331,0.5642857142857144,0.8660254037844387,-0.4999999999999998,0.895839290734909,-0.4443781781046132
BD00092020,106.34,10.39,0.44,2020-05-09,1.39,134.4451058236184,0.9500000000000001,0.47999999999999976,0.1985714285714287,0.49999999999999994,-0.8660254037844387,0.7856498550787147,-0.6186714032625031
BD00092020,106.34,10.39,0.44,2020-05-25,1.26,134.4451058236184,0.62,0.6833333333333331,0.2842857142857144,0.49999999999999994,-0.8660254037844387,0.5877852522924732,-0.8090169943749473
BD00092020,106.34,10.39,0.25,2020-06-09,0.63,134.4451058236184,0.6900000000000001,0.8399999999999999,0.30000000000000016,1.2246467991473532e-16,-1.0,0.36171373072976765,-0.9322892131745133
BD00092020,106.34,10.39,0.25,2020-06-23,0.24,134.4451058236184,0.75,0.7333333333333331,0.20000000000000012,1.2246467991473532e-16,-1.0,0.12874817745258132,-0.99167731989929
BD00092021,106.34,10.39,0.44,2021-01-29,0.15,134.4451058236184,0.87,0.6799999999999998,0.5614285714285716,0.49999999999999994,0.8660254037844387,0.47873384011578846,0.8779600847008882
BD00092021,106.34,10.39,0.44,2021-02-28,0.12,134.4451058236184,0.8200000000000001,0.4333333333333331,0.28285714285714303,0.8660254037844386,0.5000000000000001,0.8498170915275278,0.5270777086423722
BD00092021,106.34,10.39,0.44,2021-03-15,0.18,134.4451058236184,1.24,0.7399999999999999,0.3342857142857145,1.0,6.123233995736766e-17,0.9562348265919056,0.29260033563334836
BD00092021,106.34,10.39,0.44,2021-03-29,0.2,134.4451058236184,0.93,0.41333333333333316,0.08428571428571449,1.0,6.123233995736766e-17,0.9984354211555643,0.055916990100603484
BD00092021,106.34,10.39,0.41,2021-04-14,0.2,134.4451058236184,1.11,0.8433333333333334,0.38285714285714306,0.8660254037844387,-0.4999999999999998,0.9760105506323683,-0.21772323039653177
BD00092021,106.34,10.39,0.41,2021-04-28,0.2,134.4451058236184,0.89,0.18999999999999995,-0.06285714285714263,0.8660254037844387,-0.4999999999999998,0.895839290734909,-0.4443781781046132
BD00092021,106.34,10.39,0.41,2021-05-14,0.1,134.4451058236184,0.93,1.0599999999999998,0.585714285714286,0.49999999999999994,-0.8660254037844387,0.7412220108485958,-0.6712599575675313
BD00102019,106.3,10.43,1.03,2019-03-04,0.1,128.8571497115012,0.79,0.4799999999999997,0.36000000000000015,1.0,6.123233995736766e-17,0.8840675099433636,0.4673592171580022
BD00102019,106.3,10.43,1.03,2019-03-18,0.1,128.8571497115012,0.46,0.1599999999999997,0.2714285714285715,1.0,6.123233995736766e-17,0.9700639218515071,0.2428497220959356
BD00102019,106.3,10.43,1.03,2019-04-02,0.2,128.8571497115012,0.66,0.4766666666666665,0.44142857142857156,0.8660254037844387,-0.4999999999999998,0.9999166586547379,-0.01291029607500882
BD00102019,106.3,10.43,0.64,2019-04-16,0.2,128.8571497115012,0.39,0.10333333333333318,0.4285714285714287,0.8660254037844387,-0.4999999999999998,0.9679377830240642,-0.25119006388481935
BD00102019,106.3,10.43,0.64,2019-05-01,0.2,128.8571497115012,0.42,0.30666666666666653,0.37571428571428583,0.49999999999999994,-0.8660254037844387,0.8717063187093218,-0.4900286664290592
BD00102019,106.3,10.43,0.64,2019-05-16,0.1,128.8571497115012,0.53,0.3033333333333332,0.32857142857142874,0.49999999999999994,-0.8660254037844387,0.717676913675962,-0.6963762255968722
BD00102019,106.3,10.43,0.64,2019-06-01,0.2,128.8571497115012,0.63,0.27999999999999986,0.20857142857142869,1.2246467991473532e-16,-1.0,0.5012418134457758,-0.865307254363206
BD00102019,106.3,10.43,0.64,2019-06-19,0.1,128.8571497115012,1.15,1.0,0.6800000000000003,1.2246467991473532e-16,-1.0,0.21352091543979612,-0.9769384927771817
BD00102020,106.3,10.43,0.25,2020-03-09,0.3,128.8571497115012,0.35000000000000003,0.04999999999999979,0.0385714285714287,1.0,6.123233995736766e-17,0.9275416835791966,0.37371971479046906
BD00102020,106.3,10.43,0.25,2020-03-27,1.67,128.8571497115012,0.8,0.5999999999999998,0.36000000000000015,1.0,6.123233995736766e-17,0.9973249731081555,0.07309512989807777
BD00102020,106.3,10.43,0.25,2020-04-27,1.71,128.8571497115012,0.62,0.7533333333333331,0.5642857142857144,0.8660254037844387,-0.4999999999999998,0.895839290734909,-0.4443781781046132
BD00102020,106.3,10.43,0.25,2020-05-09,1.49,128.8571497115012,0.9500000000000001,0.47999999999999976,0.1985714285714287,0.49999999999999994,-0.8660254037844387,0.7856498550787147,-0.6186714032625031
BD00102020,106.3,10.43,0.25,2020-05-25,1.34,128.8571497115012,0.62,0.6833333333333331,0.2842857142857144,0.49999999999999994,-0.8660254037844387,0.5877852522924732,-0.8090169943749473
BD00102020,106.3,10.43,0.25,2020-06-09,0.74,128.8571497115012,0.6900000000000001,0.8399999999999999,0.30000000000000016,1.2246467991473532e-16,-1.0,0.36171373072976765,-0.9322892131745133
BD00102020,106.3,10.43,0.31,2020-06-23,0.28,128.8571497115012,0.75,0.7333333333333331,0.20000000000000012,1.2246467991473532e-16,-1.0,0.12874817745258132,-0.99167731989929
BD00102021,106.3,10.43,0.41,2021-01-29,0.17,128.8571497115012,0.87,0.6799999999999998,0.5614285714285716,0.49999999999999994,0.8660254037844387,0.47873384011578846,0.8779600847008882
BD00102021,106.3,10.43,0.41,2021-02-28,0.13,128.8571497115012,0.8200000000000001,0.4333333333333331,0.28285714285714303,0.8660254037844386,0.5000000000000001,0.8498170915275278,0.5270777086423722
BD00102021,106.3,10.43,0.41,2021-03-15,0.19,128.8571497115012,1.24,0.7399999999999999,0.3342857142857145,1.0,6.123233995736766e-17,0.9562348265919056,0.29260033563334836
BD00102021,106.3,10.43,0.41,2021-03-29,0.2,128.8571497115012,0.93,0.41333333333333316,0.08428571428571449,1.0,6.123233995736766e-17,0.9984354211555643,0.055916990100603484
BD00102021,106.3,10.43,0.41,2021-04-14,0.2,128.8571497115012,1.11,0.8433333333333334,0.38285714285714306,0.8660254037844387,-0.4999999999999998,0.9760105506323683,-0.21772323039653177
BD00102021,106.3,10.43,0.31,2021-04-28,0.2,128.8571497115012,0.89,0.18999999999999995,-0.06285714285714263,0.8660254037844387,-0.4999999999999998,0.895839290734909,-0.4443781781046132
BD00102021,106.3,10.43,0.31,2021-05-14,0.1,128.8571497115012,0.93,1.0599999999999998,0.585714285714286,0.49999999999999994,-0.8660254037844387,0.7412220108485958,-0.6712599575675313
BD00112019,106.29,10.52,0.64,2019-03-04,0.1,124.9861582682449,0.79,0.4799999999999997,0.36000000000000015,1.0,6.123233995736766e-17,0.8840675099433636,0.4673592171580022
BD00112019,106.29,10.52,0.64,2019-03-18,0.2,124.9861582682449,0.46,0.1599999999999997,0.2714285714285715,1.0,6.123233995736766e-17,0.9700639218515071,0.2428497220959356
BD00112019,106.29,10.52,0.06,2019-04-02,0.3,124.9861582682449,0.66,0.4766666666666665,0.44142857142857156,0.8660254037844387,-0.4999999999999998,0.9999166586547379,-0.01291029607500882
BD00112019,106.29,10.52,0.06,2019-04-16,0.2,124.9861582682449,0.39,0.10333333333333318,0.4285714285714287,0.8660254037844387,-0.4999999999999998,0.9679377830240642,-0.25119006388481935
BD00112019,106.29,10.52,0.06,2019-05-01,0.3,124.9861582682449,0.42,0.30666666666666653,0.37571428571428583,0.49999999999999994,-0.8660254037844387,0.8717063187093218,-0.4900286664290592
BD00112019,106.29,10.52,0.06,2019-05-16,0.3,124.9861582682449,0.53,0.3033333333333332,0.32857142857142874,0.49999999999999994,-0.8660254037844387,0.717676913675962,-0.6963762255968722
BD00112019,106.29,10.52,0.06,2019-06-01,0.3,124.9861582682449,0.63,0.27999999999999986,0.20857142857142869,1.2246467991473532e-16,-1.0,0.5012418134457758,-0.865307254363206
BD00112019,106.29,10.52,0.06,2019-06-19,0.1,124.9861582682449,1.15,1.0,0.6800000000000003,1.2246467991473532e-16,-1.0,0.21352091543979612,-0.9769384927771817
BD00112020,106.29,10.52,0.31,2020-03-09,0.8,124.9861582682449,0.35000000000000003,0.04999999999999979,0.0385714285714287,1.0,6.123233995736766e-17,0.9275416835791966,0.37371971479046906
BD00112020,106.29,10.52,0.31,2020-03-27,0.95,124.9861582682449,0.8,0.5999999999999998,0.36000000000000015,1.0,6.123233995736766e-17,0.9973249731081555,0.07309512989807777
BD00112020,106.29,10.52,0.31,2020-04-27,1.21,124.9861582682449,0.62,0.7533333333333331,0.5642857142857144,0.8660254037844387,-0.4999999999999998,0.895839290734909,-0.4443781781046132
BD00112020,106.29,10.52,0.31,2020-05-09,0.84,124.9861582682449,0.9500000000000001,0.47999999999999976,0.1985714285714287,0.49999999999999994,-0.8660254037844387,0.7856498550787147,-0.6186714032625031
BD00112020,106.29,10.52,0.31,2020-05-25,1.23,124.9861582682449,0.62,0.6833333333333331,0.2842857142857144,0.49999999999999994,-0.8660254037844387,0.5877852522924732,-0.8090169943749473
BD00112020,106.29,10.52,0.31,2020-06-09,0.62,124.9861582682449,0.6900000000000001,0.8399999999999999,0.30000000000000016,1.2246467991473532e-16,-1.0,0.36171373072976765,-0.9322892131745133
BD00112020,106.29,10.52,0.31,2020-06-23,0.48,124.9861582682449,0.75,0.7333333333333331,0.20000000000000012,1.2246467991473532e-16,-1.0,0.12874817745258132,-0.99167731989929
BD00112021,106.29,10.52,0.31,2021-01-29,0.15,124.9861582682449,0.87,0.6799999999999998,0.5614285714285716,0.49999999999999994,0.8660254037844387,0.47873384011578846,0.8779600847008882
BD00112021,106.29,10.52,0.31,2021-02-28,0.14,124.9861582682449,0.8200000000000001,0.4333333333333331,0.28285714285714303,0.8660254037844386,0.5000000000000001,0.8498170915275278,0.5270777086423722
BD00112021,106.29,10.52,0.31,2021-03-15,0.19,124.9861582682449,1.24,0.7399999999999999,0.3342857142857145,1.0,6.123233995736766e-17,0.9562348265919056,0.29260033563334836
BD00112021,106.29,10.52,0.31,2021-03-29,0.1,124.9861582682449,0.93,0.41333333333333316,0.08428571428571449,1.0,6.123233995736766e-17,0.9984354211555643,0.055916990100603484
BD00112021,106.29,10.52,0.31,2021-04-14,0.2,124.9861582682449,1.11,0.8433333333333334,0.38285714285714306,0.8660254037844387,-0.4999999999999998,0.9760105506323683,-0.21772323039653177
BD00112021,106.29,10.52,0.31,2021-04-28,0.2,124.9861582682449,0.89,0.18999999999999995,-0.06285714285714263,0.8660254037844387,-0.4999999999999998,0.895839290734909,-0.4443781781046132
BD00112021,106.29,10.52,0.41,2021-05-14,0.2,124.9861582682449,0.93,1.0599999999999998,0.585714285714286,0.49999999999999994,-0.8660254037844387,0.7412220108485958,-0.6712599575675313
BD00122019,106.2,10.48,0.06,2019-03-04,0.1,116.73878510430397,0.79,0.4799999999999997,0.36000000000000015,1.0,6.123233995736766e-17,0.8840675099433636,0.4673592171580022
BD00122019,106.2,10.48,0.52,2019-03-18,0.1,116.73878510430397,0.46,0.1599999999999997,0.2714285714285715,1.0,6.123233995736766e-17,0.9700639218515071,0.2428497220959356
BD00122019,106.2,10.48,0.52,2019-04-02,0.2,116.73878510430397,0.66,0.4766666666666665,0.44142857142857156,0.8660254037844387,-0.4999999999999998,0.9999166586547379,-0.01291029607500882
BD00122019,106.2,10.48,0.52,2019-04-16,0.1,116.73878510430397,0.39,0.10333333333333318,0.4285714285714287,0.8660254037844387,-0.4999999999999998,0.9679377830240642,-0.25119006388481935
BD00122019,106.2,10.48,0.52,2019-05-01,0.2,116.73878510430397,0.42,0.30666666666666653,0.37571428571428583,0.49999999999999994,-0.8660254037844387,0.8717063187093218,-0.4900286664290592
BD00122019,106.2,10.48,0.52,2019-05-16,0.2,116.73878510430397,0.53,0.3033333333333332,0.32857142857142874,0.49999999999999994,-0.8660254037844387,0.717676913675962,-0.6963762255968722
BD00122019,106.2,10.48,0.52,2019-06-01,0.3,116.73878510430397,0.63,0.27999999999999986,0.20857142857142869,1.2246467991473532e-16,-1.0,0.5012418134457758,-0.865307254363206
BD00122019,106.2,10.48,0.52,2019-06-19,0.2,116.73878510430397,1.15,1.0,0.6800000000000003,1.2246467991473532e-16,-1.0,0.21352091543979612,-0.9769384927771817
BD00122020,106.2,10.48,0.36,2020-03-09,0.9,116.73878510430397,0.35000000000000003,0.04999999999999979,0.0385714285714287,1.0,6.123233995736766e-17,0.9275416835791966,0.37371971479046906
BD00122020,106.2,10.48,0.36,2020-03-27,1.73,116.73878510430397,0.8,0.5999999999999998,0.36000000000000015,1.0,6.123233995736766e-17,0.9973249731081555,0.07309512989807777
BD00122020,106.2,10.48,0.36,2020-04-27,1.33,116.73878510430397,0.62,0.7533333333333331,0.5642857142857144,0.8660254037844387,-0.4999999999999998,0.895839290734909,-0.4443781781046132
BD00122020,106.2,10.48,0.36,2020-05-09,1.2,116.73878510430397,0.9500000000000001,0.47999999999999976,0.1985714285714287,0.49999999999999994,-0.8660254037844387,0.7856498550787147,-0.6186714032625031
BD00122020,106.2,10.48,0.36,2020-05-25,1.42,116.73878510430397,0.62,0.6833333333333331,0.2842857142857144,0.49999999999999994,-0.8660254037844387,0.5877852522924732,-0.8090169943749473
BD00122020,106.2,10.48,0.36,2020-06-09,0.8,116.73878510430397,0.6900000000000001,0.8399999999999999,0.30000000000000016,1.2246467991473532e-16,-1.0,0.36171373072976765,-0.9322892131745133
BD00122020,106.2,10.48,0.36,2020-06-23,0.72,116.73878510430397,0.75,0.7333333333333331,0.20000000000000012,1.2246467991473532e-16,-1.0,0.12874817745258132,-0.99167731989929
BD00122021,106.2,10.48,0.41,2021-01-29,0.15,116.73878510430397,0.87,0.6799999999999998,0.5614285714285716,0.49999999999999994,0.8660254037844387,0.47873384011578846,0.8779600847008882
BD00122021,106.2,10.48,0.41,2021-02-28,0.19,116.73878510430397,0.8200000000000001,0.4333333333333331,0.28285714285714303,0.8660254037844386,0.5000000000000001,0.8498170915275278,0.5270777086423722
BD00122021,106.2,10.48,0.41,2021-03-15,0.18,116.73878510430397,1.24,0.7399999999999999,0.3342857142857145,1.0,6.123233995736766e-17,0.9562348265919056,0.29260033563334836
BD00122021,106.2,10.48,0.41,2021-03-29,0.1,116.73878510430397,0.93,0.41333333333333316,0.08428571428571449,1.0,6.123233995736766e-17,0.9984354211555643,0.055916990100603484
BD00122021,106.2,10.48,0.41,2021-04-14,0.1,116.73878510430397,1.11,0.8433333333333334,0.38285714285714306,0.8660254037844387,-0.4999999999999998,0.9760105506323683,-0.21772323039653177
BD00122021,106.2,10.48,0.41,2021-04-28,0.2,116.73878510430397,0.89,0.18999999999999995,-0.06285714285714263,0.8660254037844387,-0.4999999999999998,0.895839290734909,-0.4443781781046132
BD00122021,106.2,10.48,0.41,2021-05-14,0.2,116.73878510430397,0.93,1.0599999999999998,0.585714285714286,0.49999999999999994,-0.8660254037844387,0.7412220108485958,-0.6712599575675313
BD00132019,106.29,10.34,1.62,2019-03-04,0.1,131.35754311510743,0.79,0.4799999999999997,0.36000000000000015,1.0,6.123233995736766e-17,0.8840675099433636,0.4673592171580022
BD00132019,106.29,10.34,1.62,2019-03-18,0.029881990999999997,131.35754311510743,0.46,0.1599999999999997,0.2714285714285715,1.0,6.123233995736766e-17,0.9700639218515071,0.2428497220959356
BD00132019,106.29,10.34,1.62,2019-04-02,0.1,131.35754311510743,0.66,0.4766666666666665,0.44142857142857156,0.8660254037844387,-0.4999999999999998,0.9999166586547379,-0.01291029607500882
BD00132019,106.29,10.34,1.62,2019-04-16,0.1,131.35754311510743,0.39,0.10333333333333318,0.4285714285714287,0.8660254037844387,-0.4999999999999998,0.9679377830240642,-0.25119006388481935
BD00132019,106.29,10.34,1.62,2019-05-01,0.1,131.35754311510743,0.42,0.30666666666666653,0.37571428571428583,0.49999999999999994,-0.8660254037844387,0.8717063187093218,-0.4900286664290592
BD00132019,106.29,10.34,1.62,2019-05-16,0.0021860465,131.35754311510743,0.53,0.3033333333333332,0.32857142857142874,0.49999999999999994,-0.8660254037844387,0.717676913675962,-0.6963762255968722
BD00132019,106.29,10.34,1.62,2019-06-01,0.1,131.35754311510743,0.63,0.27999999999999986,0.20857142857142869,1.2246467991473532e-16,-1.0,0.5012418134457758,-0.865307254363206
BD00132019,106.29,10.34,0.95,2019-06-19,0.1,131.35754311510743,1.15,1.0,0.6800000000000003,1.2246467991473532e-16,-1.0,0.21352091543979612,-0.9769384927771817
BD00132020,106.29,10.34,0.36,2020-03-09,5.3,131.35754311510743,0.35000000000000003,0.04999999999999979,0.0385714285714287,1.0,6.123233995736766e-17,0.9275416835791966,0.37371971479046906
BD00132020,106.29,10.34,0.19,2020-03-27,5.61,131.35754311510743,0.8,0.5999999999999998,0.36000000000000015,1.0,6.123233995736766e-17,0.9973249731081555,0.07309512989807777
BD00132020,106.29,10.34,0.19,2020-04-27,3.69,131.35754311510743,0.62,0.7533333333333331,0.5642857142857144,0.8660254037844387,-0.4999999999999998,0.895839290734909,-0.4443781781046132
BD00132020,106.29,10.34,0.19,2020-05-09,5.2,131.35754311510743,0.9500000000000001,0.47999999999999976,0.1985714285714287,0.49999999999999994,-0.8660254037844387,0.7856498550787147,-0.6186714032625031
BD00132020,106.29,10.34,0.19,2020-05-25,2.38,131.35754311510743,0.62,0.6833333333333331,0.2842857142857144,0.49999999999999994,-0.8660254037844387,0.5877852522924732,-0.8090169943749473
BD00132020,106.29,10.34,0.19,2020-06-09,0.43,131.35754311510743,0.6900000000000001,0.8399999999999999,0.30000000000000016,1.2246467991473532e-16,-1.0,0.36171373072976765,-0.9322892131745133
BD00132020,106.29,10.34,0.19,2020-06-23,0.26,131.35754311510743,0.75,0.7333333333333331,0.20000000000000012,1.2246467991473532e-16,-1.0,0.12874817745258132,-0.99167731989929
BD00132021,106.29,10.34,0.33,2021-01-29,0.16,131.35754311510743,0.87,0.6799999999999998,0.5614285714285716,0.49999999999999994,0.8660254037844387,0.47873384011578846,0.8779600847008882
BD00132021,106.29,10.34,0.33,2021-02-28,0.13,131.35754311510743,0.8200000000000001,0.4333333333333331,0.28285714285714303,0.8660254037844386,0.5000000000000001,0.8498170915275278,0.5270777086423722
BD00132021,106.29,10.34,0.33,2021-03-15,0.32,131.35754311510743,1.24,0.7399999999999999,0.3342857142857145,1.0,6.123233995736766e-17,0.9562348265919056,0.29260033563334836
BD00132021,106.29,10.34,0.33,2021-03-29,0.2,131.35754311510743,0.93,0.41333333333333316,0.08428571428571449,1.0,6.123233995736766e-17,0.9984354211555643,0.055916990100603484
BD00132021,106.29,10.34,0.33,2021-04-14,0.1,131.35754311510743,1.11,0.8433333333333334,0.38285714285714306,0.8660254037844387,-0.4999999999999998,0.9760105506323683,-0.21772323039653177
BD00132021,106.29,10.34,0.33,2021-04-28,0.029665193000000003,131.35754311510743,0.89,0.18999999999999995,-0.06285714285714263,0.8660254037844387,-0.4999999999999998,0.895839290734909,-0.4443781781046132
BD00132021,106.29,10.34,0.33,2021-05-14,0.1,131.35754311510743,0.93,1.0599999999999998,0.585714285714286,0.49999999999999994,-0.8660254037844387,0.7412220108485958,-0.6712599575675313
BD00142019,106.26,10.46,0.95,2019-03-04,0.1,123.66472168210629,0.79,0.4799999999999997,0.36000000000000015,1.0,6.123233995736766e-17,0.8840675099433636,0.4673592171580022
BD00142019,106.26,10.46,0.95,2019-03-18,0.1,123.66472168210629,0.46,0.1599999999999997,0.2714285714285715,1.0,6.123233995736766e-17,0.9700639218515071,0.2428497220959356
BD00142019,106.26,10.46,0.95,2019-04-02,0.2,123.66472168210629,0.66,0.4766666666666665,0.44142857142857156,0.8660254037844387,-0.4999999999999998,0.9999166586547379,-0.01291029607500882
BD00142019,106.26,10.46,0.95,2019-04-16,0.1,123.66472168210629,0.39,0.10333333333333318,0.4285714285714287,0.8660254037844387,-0.4999999999999998,0.9679377830240642,-0.25119006388481935
BD00142019,106.26,10.46,0.95,2019-05-01,0.2,123.66472168210629,0.42,0.30666666666666653,0.37571428571428583,0.49999999999999994,-0.8660254037844387,0.8717063187093218,-0.4900286664290592
BD00142019,106.26,10.46,0.95,2019-05-16,0.2,123.66472168210629,0.53,0.3033333333333332,0.32857142857142874,0.49999999999999994,-0.8660254037844387,0.717676913675962,-0.6963762255968722
BD00142019,106.26,10.46,1.07,2019-06-01,0.2,123.66472168210629,0.63,0.27999999999999986,0.20857142857142869,1.2246467991473532e-16,-1.0,0.5012418134457758,-0.865307254363206
BD00142019,106.26,10.46,1.07,2019-06-19,0.2,123.66472168210629,1.15,1.0,0.6800000000000003,1.2246467991473532e-16,-1.0,0.21352091543979612,-0.9769384927771817
BD00142020,106.44,10.42,0.19,2020-03-09,1.5,143.78096028253566,0.13,-0.03000000000000022,0.09285714285714299,1.0,6.123233995736766e-17,0.9275416835791966,0.37371971479046906
BD00142020,106.44,10.42,0.19,2020-03-27,1.4,143.78096028253566,0.87,0.4299999999999997,0.2371428571428573,1.0,6.123233995736766e-17,0.9973249731081555,0.07309512989807777
BD00142020,106.44,10.42,0.33,2020-04-27,1.78,143.78096028253566,0.72,0.7733333333333331,0.482857142857143,0.8660254037844387,-0.4999999999999998,0.895839290734909,-0.4443781781046132
BD00142020,106.44,10.42,0.33,2020-05-09,1.25,143.78096028253566,0.92,0.17666666666666642,0.054285714285714416,0.49999999999999994,-0.8660254037844387,0.7856498550787147,-0.6186714032625031
BD00142020,106.44,10.42,0.33,2020-05-25,1.9,143.78096028253566,0.68,0.5699999999999997,0.14714285714285727,0.49999999999999994,-0.8660254037844387,0.5877852522924732,-0.8090169943749473
BD00142020,106.44,10.42,0.33,2020-06-09,0.74,143.78096028253566,0.85,0.6466666666666665,0.11571428571428584,1.2246467991473532e-16,-1.0,0.36171373072976765,-0.9322892131745133
BD00142020,106.44,10.42,0.33,2020-06-23,0.76,143.78096028253566,0.8200000000000001,0.5299999999999998,0.018571428571428683,1.2246467991473532e-16,-1.0,0.12874817745258132,-0.99167731989929
BD00142021,106.45,10.35,0.33,2021-01-29,3.1,147.27191155873152,0.81,0.5566666666666665,0.5485714285714287,0.49999999999999994,0.8660254037844387,0.47873384011578846,0.8779600847008882
BD00152019,106.35,10.54,1.07,2019-03-04,0.1,130.84937024357686,0.79,0.4799999999999997,0.36000000000000015,1.0,6.123233995736766e-17,0.8840675099433636,0.4673592171580022
BD00152019,106.35,10.54,1.07,2019-03-18,0.2,130.84937024357686,0.46,0.1599999999999997,0.2714285714285715,1.0,6.123233995736766e-17,0.9700639218515071,0.2428497220959356
BD00152019,106.35,10.54,1.07,2019-04-02,0.3,130.84937024357686,0.66,0.4766666666666665,0.44142857142857156,0.8660254037844387,-0.4999999999999998,0.9999166586547379,-0.01291029607500882
BD00152019,106.35,10.54,1.07,2019-04-16,0.1,130.84937024357686,0.39,0.10333333333333318,0.4285714285714287,0.8660254037844387,-0.4999999999999998,0.9679377830240642,-0.25119006388481935
BD00152019,106.35,10.54,1.07,2019-05-01,0.2,130.84937024357686,0.42,0.30666666666666653,0.37571428571428583,0.49999999999999994,-0.8660254037844387,0.8717063187093218,-0.4900286664290592
BD00152019,106.35,10.54,1.87,2019-05-16,0.5,130.84937024357686,0.53,0.3033333333333332,0.32857142857142874,0.49999999999999994,-0.8660254037844387,0.717676913675962,-0.6963762255968722
BD00152019,106.35,10.54,1.87,2019-06-01,0.3,130.84937024357686,0.63,0.27999999999999986,0.20857142857142869,1.2246467991473532e-16,-1.0,0.5012418134457758,-0.865307254363206
BD00152019,106.35,10.54,1.87,2019-06-19,0.1,130.84937024357686,1.15,1.0,0.6800000000000003,1.2246467991473532e-16,-1.0,0.21352091543979612,-0.9769384927771817
BD00152020,106.35,10.54,0.33,2020-03-09,0.5,130.84937024357686,0.35000000000000003,0.04999999999999979,0.0385714285714287,1.0,6.123233995736766e-17,0.9275416835791966,0.37371971479046906
BD00152020,106.35,10.54,0.33,2020-03-27,0.79,130.84937024357686,0.8,0.5999999999999998,0.36000000000000015,1.0,6.123233995736766e-17,0.9973249731081555,0.07309512989807777
BD00152020,106.35,10.54,0.33,2020-04-27,1.38,130.84937024357686,0.62,0.7533333333333331,0.5642857142857144,0.8660254037844387,-0.4999999999999998,0.895839290734909,-0.4443781781046132
BD00152020,106.35,10.54,0.64,2020-05-09,0.88,130.84937024357686,0.9500000000000001,0.47999999999999976,0.1985714285714287,0.49999999999999994,-0.8660254037844387,0.7856498550787147,-0.6186714032625031
BD00152020,106.35,10.54,0.64,2020-05-25,0.93,130.84937024357686,0.62,0.6833333333333331,0.2842857142857144,0.49999999999999994,-0.8660254037844387,0.5877852522924732,-0.8090169943749473
BD00152020,106.35,10.54,0.64,2020-06-09,0.59,130.84937024357686,0.6900000000000001,0.8399999999999999,0.30000000000000016,1.2246467991473532e-16,-1.0,0.36171373072976765,-0.9322892131745133
BD00152020,106.35,10.54,0.64,2020-06-23,0.55,130.84937024357686,0.75,0.7333333333333331,0.20000000000000012,1.2246467991473532e-16,-1.0,0.12874817745258132,-0.99167731989929
BD00152021,106.33,10.34,0.35,2021-01-29,0.35,135.4030294156011,0.81,0.5566666666666665,0.5485714285714287,0.49999999999999994,0.8660254037844387,0.47873384011578846,0.8779600847008882
BD00162019,106.52,10.41,1.87,2019-03-04,0.2,152.48059358946392,0.68,0.2999999999999997,0.3857142857142858,1.0,6.123233995736766e-17,0.8840675099433636,0.4673592171580022
BD00162019,106.52,10.41,1.87,2019-03-18,0.1,152.48059358946392,0.26,0.0999999999999997,0.3485714285714287,1.0,6.123233995736766e-17,0.9700639218515071,0.2428497220959356
BD00162019,106.52,10.41,1.87,2019-04-02,0.3,152.48059358946392,0.5700000000000001,0.37999999999999984,0.5014285714285716,0.8660254037844387,-0.4999999999999998,0.9999166586547379,-0.01291029607500882
BD00162019,106.52,10.41,1.87,2019-04-06,0.2,152.48059358946392,0.96,0.7033333333333331,0.5457142857142859,0.8660254037844387,-0.4999999999999998,0.9966589017541702,-0.08167639533042241
BD00162019,106.52,10.41,1.56,2019-05-01,0.4,152.48059358946392,0.37,0.25999999999999984,0.47571428571428587,0.49999999999999994,-0.8660254037844387,0.8717063187093218,-0.4900286664290592
BD00162019,106.52,10.41,1.56,2019-05-16,0.3,152.48059358946392,0.44,0.19999999999999982,0.38000000000000017,0.49999999999999994,-0.8660254037844387,0.717676913675962,-0.6963762255968722
BD00162019,106.52,10.41,1.56,2019-06-01,0.3,152.48059358946392,0.42,0.19666666666666655,0.21571428571428583,1.2246467991473532e-16,-1.0,0.5012418134457758,-0.865307254363206
BD00162019,106.52,10.41,1.56,2019-06-19,0.3,152.48059358946392,1.12,0.8366666666666666,0.5571428571428573,1.2246467991473532e-16,-1.0,0.21352091543979612,-0.9769384927771817
BD00162021,106.25,10.42,0.35,2021-01-29,0.16,124.05375595637634,0.87,0.6799999999999998,0.5614285714285716,0.49999999999999994,0.8660254037844387,0.47873384011578846,0.8779600847008882
BD00172019,106.5,10.49,1.56,2019-03-04,1.5,148.07896924740993,0.68,0.2999999999999997,0.3857142857142858,1.0,6.123233995736766e-17,0.8840675099433636,0.4673592171580022
BD00172019,106.5,10.49,1.56,2019-03-18,1.7,148.07896924740993,0.26,0.0999999999999997,0.3485714285714287,1.0,6.123233995736766e-17,0.9700639218515071,0.2428497220959356
BD00172019,106.5,10.49,1.56,2019-04-02,1.2,148.07896924740993,0.5700000000000001,0.37999999999999984,0.5014285714285716,0.8660254037844387,-0.4999999999999998,0.9999166586547379,-0.01291029607500882
BD00172019,106.5,10.49,1.0,2019-04-16,0.2,148.07896924740993,0.24,0.1333333333333332,0.542857142857143,0.8660254037844387,-0.4999999999999998,0.9679377830240642,-0.25119006388481935
BD00172019,106.5,10.49,1.0,2019-05-01,1.5,148.07896924740993,0.37,0.25999999999999984,0.47571428571428587,0.49999999999999994,-0.8660254037844387,0.8717063187093218,-0.4900286664290592
BD00172019,106.5,10.49,1.0,2019-05-16,0.7,148.07896924740993,0.44,0.19999999999999982,0.38000000000000017,0.49999999999999994,-0.8660254037844387,0.717676913675962,-0.6963762255968722
BD00172019,106.5,10.49,1.0,2019-06-01,0.3,148.07896924740993,0.42,0.19666666666666655,0.21571428571428583,1.2246467991473532e-16,-1.0,0.5012418134457758,-0.865307254363206
BD00172019,106.5,10.49,1.0,2019-06-19,0.3,148.07896924740993,1.12,0.8366666666666666,0.5571428571428573,1.2246467991473532e-16,-1.0,0.21352091543979612,-0.9769384927771817
BD00172021,106.33,10.48,0.35,2021-01-29,0.12,130.36081301247333,0.87,0.6799999999999998,0.5614285714285716,0.49999999999999994,0.8660254037844387,0.47873384011578846,0.8779600847008882
BD00182019,106.44,10.42,1.0,2019-03-04,0.2,143.78096028253566,0.68,0.2999999999999997,0.3857142857142858,1.0,6.123233995736766e-17,0.8840675099433636,0.4673592171580022
BD00182019,106.44,10.42,1.0,2019-03-18,0.1,143.78096028253566,0.26,0.0999999999999997,0.3485714285714287,1.0,6.123233995736766e-17,0.9700639218515071,0.2428497220959356
BD00182019,106.44,10.42,0.73,2019-04-02,0.03295329599999999,143.78096028253566,0.5700000000000001,0.37999999999999984,0.5014285714285716,0.8660254037844387,-0.4999999999999998,0.9999166586547379,-0.01291029607500882
BD00182019,106.44,10.42,0.73,2019-04-16,0.2,143.78096028253566,0.24,0.1333333333333332,0.542857142857143,0.8660254037844387,-0.4999999999999998,0.9679377830240642,-0.25119006388481935
BD00182019,106.44,10.42,0.73,2019-05-01,0.4,143.78096028253566,0.37,0.25999999999999984,0.47571428571428587,0.49999999999999994,-0.8660254037844387,0.8717063187093218,-0.4900286664290592
BD00182019,106.44,10.42,0.73,2019-05-16,0.5,143.78096028253566,0.44,0.19999999999999982,0.38000000000000017,0.49999999999999994,-0.8660254037844387,0.717676913675962,-0.6963762255968722
BD00182019,106.44,10.42,0.73,2019-06-01,0.4,143.78096028253566,0.42,0.19666666666666655,0.21571428571428583,1.2246467991473532e-16,-1.0,0.5012418134457758,-0.865307254363206
BD00182019,106.44,10.42,0.73,2019-06-19,0.4,143.78096028253566,1.12,0.8366666666666666,0.5571428571428573,1.2246467991473532e-16,-1.0,0.21352091543979612,-0.9769384927771817
BD00182021,106.37,10.45,0.35,2021-01-29,0.11,135.48914397903573,0.81,0.5566666666666665,0.5485714285714287,0.49999999999999994,0.8660254037844387,0.47873384011578846,0.8779600847008882
CLCB012019,105.16,9.76,0.47,2019-03-04,8.8,115.10968137663808,0.79,0.4799999999999997,0.36000000000000015,1.0,6.123233995736766e-17,0.8840675099433636,0.4673592171580022
CLCB012019,105.16,9.76,0.47,2019-03-20,17.6,115.10968137663808,0.9,0.4799999999999997,0.29000000000000015,1.0,6.123233995736766e-17,0.9778483415056568,0.20931464596304847
CLCB012019,105.16,9.76,0.47,2019-04-08,2.7,115.10968137663808,1.04,1.0033333333333332,0.812857142857143,0.8660254037844387,-0.4999999999999998,0.9932568492674143,-0.11593459959550041
CLCB012019,105.16,9.76,0.62,2019-04-16,15.2,115.10968137663808,0.39,0.10333333333333318,0.4285714285714287,0.8660254037844387,-0.4999999999999998,0.9679377830240642,-0.25119006388481935
CLCB012019,105.16,9.76,0.62,2019-05-16,4.6,115.10968137663808,0.53,0.3033333333333332,0.32857142857142874,0.49999999999999994,-0.8660254037844387,0.717676913675962,-0.6963762255968722
CLCB012019,105.16,9.76,0.62,2019-06-06,4.7,115.10968137663808,1.08,1.0666666666666667,0.7600000000000001,1.2246467991473532e-16,-1.0,0.42500033996955416,-0.9051931898913974
CLCB012019,105.16,9.76,0.62,2019-06-19,3.7,115.10968137663808,1.15,1.0,0.6800000000000003,1.2246467991473532e-16,-1.0,0.21352091543979612,-0.9769384927771817
CLCB012020,105.05,9.89,0.48,2020-03-09,24.4,101.6465473980766,0.35000000000000003,0.04999999999999979,0.0385714285714287,1.0,6.123233995736766e-17,0.9275416835791966,0.37371971479046906
CLCB012020,105.05,9.89,0.26,2020-03-24,27.4,101.6465473980766,0.07,0.20999999999999977,0.052857142857142984,1.0,6.123233995736766e-17,0.9922222094179323,0.12447926388678915
CLCB012020,105.05,9.89,0.47,2020-04-29,24.2,101.6465473980766,0.28,0.6066666666666665,0.6642857142857145,0.8660254037844387,-0.4999999999999998,0.8800122039735357,-0.47495107206704995
CLCB012020,105.05,9.89,0.43,2020-05-11,31.1,101.6465473980766,0.7000000000000001,0.9066666666666664,0.4657142857142858,0.49999999999999994,-0.8660254037844387,0.7638886127905428,-0.6453481132295501
CLCB012020,105.05,9.89,0.26,2020-05-25,23.8,101.6465473980766,0.62,0.6833333333333331,0.2842857142857144,0.49999999999999994,-0.8660254037844387,0.5877852522924732,-0.8090169943749473
CLCB012020,105.05,9.89,0.26,2020-06-11,21.3,101.6465473980766,-0.13,0.6333333333333332,0.5385714285714287,1.2246467991473532e-16,-1.0,0.3294084822245304,-0.9441875088341993
CLCB012021,105.05,9.89,0.14,2021-01-29,8.58,101.6465473980766,0.87,0.6799999999999998,0.5614285714285716,0.49999999999999994,0.8660254037844387,0.47873384011578846,0.8779600847008882
CLCB012021,105.05,9.89,0.14,2021-02-28,14.1,101.6465473980766,0.8200000000000001,0.4333333333333331,0.28285714285714303,0.8660254037844386,0.5000000000000001,0.8498170915275278,0.5270777086423722
CLCB012021,105.05,9.89,0.14,2021-03-15,16.3,101.6465473980766,1.24,0.7399999999999999,0.3342857142857145,1.0,6.123233995736766e-17,0.9562348265919056,0.29260033563334836
CLCB012021,105.05,9.89,0.14,2021-03-29,22.9,101.6465473980766,0.93,0.41333333333333316,0.08428571428571449,1.0,6.123233995736766e-17,0.9984354211555643,0.055916990100603484
CLCB012021,105.05,9.89,0.14,2021-04-14,24.3,101.6465473980766,1.11,0.8433333333333334,0.38285714285714306,0.8660254037844387,-0.4999999999999998,0.9760105506323683,-0.21772323039653177
CLCB012021,105.05,9.89,0.48,2021-04-28,17.9,101.6465473980766,0.89,0.18999999999999995,-0.06285714285714263,0.8660254037844387,-0.4999999999999998,0.895839290734909,-0.4443781781046132
CLCB012021,105.05,9.89,0.26,2021-05-14,19.7,101.6465473980766,0.93,1.0599999999999998,0.585714285714286,0.49999999999999994,-0.8660254037844387,0.7412220108485958,-0.6712599575675313
CLCB012022,105.05,9.89,0.73,2022-01-17,16.7,101.6465473980766,0.89,0.8166666666666665,0.7942857142857147,0.49999999999999994,0.8660254037844387,0.288482432880609,0.9574851883550393
CLCB012022,105.05,9.89,1.03,2022-02-28,16.4,101.6465473980766,0.41000000000000003,0.21999999999999997,0.5628571428571433,0.8660254037844386,0.5000000000000001,0.8498170915275278,0.5270777086423722
CLCB012022,105.05,9.89,1.03,2022-03-15,14.4,101.6465473980766,0.1,0.019999999999999924,0.20285714285714326,1.0,6.123233995736766e-17,0.9562348265919056,0.29260033563334836
CLCB012022,105.05,9.89,1.03,2022-03-29,1.6,101.6465473980766,0.02,-0.07000000000000008,0.31428571428571467,1.0,6.123233995736766e-17,0.9984354211555643,0.055916990100603484
CLCB012022,105.05,9.89,1.03,2022-04-14,9.7,101.6465473980766,0.12,0.1333333333333331,0.3128571428571432,0.8660254037844387,-0.4999999999999998,0.9760105506323683,-0.21772323039653177
CLCB012022,105.05,9.89,1.03,2022-04-28,1.1,101.6465473980766,0.1,-0.013333333333333558,0.25000000000000033,0.8660254037844387,-0.4999999999999998,0.895839290734909,-0.4443781781046132
CLCB012022,105.05,9.89,1.03,2022-05-14,7.5,101.6465473980766,0.28,0.23666666666666644,0.19428571428571462,0.49999999999999994,-0.8660254037844387,0.7412220108485958,-0.6712599575675313
CLCB022019,105.21,9.85,0.62,2019-03-04,0.02818374,105.12708368631353,0.79,0.4799999999999997,0.36000000000000015,1.0,6.123233995736766e-17,0.8840675099433636,0.4673592171580022
CLCB022019,105.21,9.85,0.62,2019-03-20,0.1,105.12708368631353,0.9,0.4799999999999997,0.29000000000000015,1.0,6.123233995736766e-17,0.9778483415056568,0.20931464596304847
CLCB022019,105.21,9.85,0.27,2019-04-08,2.2,105.12708368631353,1.04,1.0033333333333332,0.812857142857143,0.8660254037844387,-0.4999999999999998,0.9932568492674143,-0.11593459959550041
CLCB022019,105.21,9.85,0.27,2019-04-16,0.1,105.12708368631353,0.39,0.10333333333333318,0.4285714285714287,0.8660254037844387,-0.4999999999999998,0.9679377830240642,-0.25119006388481935
CLCB022019,105.21,9.85,0.27,2019-05-16,0.1,105.12708368631353,0.53,0.3033333333333332,0.32857142857142874,0.49999999999999994,-0.8660254037844387,0.717676913675962,-0.6963762255968722
CLCB022019,105.21,9.85,0.27,2019-06-06,0.1,105.12708368631353,1.08,1.0666666666666667,0.7600000000000001,1.2246467991473532e-16,-1.0,0.42500033996955416,-0.9051931898913974
CLCB022019,105.21,9.85,0.27,2019-06-19,0.022492792499999997,105.12708368631353,1.15,1.0,0.6800000000000003,1.2246467991473532e-16,-1.0,0.21352091543979612,-0.9769384927771817
CLCB022020,105.0,9.82,0.26,2020-03-09,32.6,110.20849273204999,0.35000000000000003,0.04999999999999979,0.0385714285714287,1.0,6.123233995736766e-17,0.9275416835791966,0.37371971479046906
CLCB022020,105.0,9.82,0.26,2020-03-24,36.4,110.20849273204999,0.07,0.20999999999999977,0.052857142857142984,1.0,6.123233995736766e-17,0.9922222094179323,0.12447926388678915
CLCB022020,105.0,9.82,0.26,2020-04-29,29.9,110.20849273204999,0.28,0.6066666666666665,0.6642857142857145,0.8660254037844387,-0.4999999999999998,0.8800122039735357,-0.47495107206704995
CLCB022020,105.0,9.82,0.26,2020-05-11,3.8,110.20849273204999,0.7000000000000001,0.9066666666666664,0.4657142857142858,0.49999999999999994,-0.8660254037844387,0.7638886127905428,-0.6453481132295501
CLCB022020,105.0,9.82,0.26,2020-05-25,3.2,110.20849273204999,0.62,0.6833333333333331,0.2842857142857144,0.49999999999999994,-0.8660254037844387,0.5877852522924732,-0.8090169943749473
CLCB022020,105.0,9.82,0.09,2020-06-11,3.2,110.20849273204999,-0.13,0.6333333333333332,0.5385714285714287,1.2246467991473532e-16,-1.0,0.3294084822245304,-0.9441875088341993
CLCB022021,105.0,9.89,0.47,2021-01-17,16.8,102.56062900978988,1.73,1.5966666666666667,1.3342857142857145,0.49999999999999994,0.8660254037844387,0.288482432880609,0.9574851883550393
CLCB022021,105.0,9.89,0.43,2021-02-28,23.5,102.56062900978988,0.8200000000000001,0.4333333333333331,0.28285714285714303,0.8660254037844386,0.5000000000000001,0.8498170915275278,0.5270777086423722
CLCB022021,105.0,9.89,0.64,2021-03-15,3.3,102.56062900978988,1.24,0.7399999999999999,0.3342857142857145,1.0,6.123233995736766e-17,0.9562348265919056,0.29260033563334836
CLCB022021,105.0,9.89,0.64,2021-03-29,33.4,102.56062900978988,0.93,0.41333333333333316,0.08428571428571449,1.0,6.123233995736766e-17,0.9984354211555643,0.055916990100603484
CLCB022021,105.0,9.89,0.64,2021-04-14,3.9,102.56062900978988,1.11,0.8433333333333334,0.38285714285714306,0.8660254037844387,-0.4999999999999998,0.9760105506323683,-0.21772323039653177
CLCB022021,105.0,9.89,0.64,2021-04-28,24.9,102.56062900978988,0.89,0.18999999999999995,-0.06285714285714263,0.8660254037844387,-0.4999999999999998,0.895839290734909,-0.4443781781046132
CLCB022021,105.0,9.89,0.64,2021-05-14,27.7,102.56062900978988,0.93,1.0599999999999998,0.585714285714286,0.49999999999999994,-0.8660254037844387,0.7412220108485958,-0.6712599575675313
CLCB022022,105.0,9.89,1.03,2022-01-17,22.2,102.56062900978988,0.89,0.8166666666666665,0.7942857142857147,0.49999999999999994,0.8660254037844387,0.288482432880609,0.9574851883550393
CLCB022022,105.0,9.89,1.03,2022-02-28,21.6,102.56062900978988,0.41000000000000003,0.21999999999999997,0.5628571428571433,0.8660254037844386,0.5000000000000001,0.8498170915275278,0.5270777086423722
CLCB022022,105.0,9.89,1.04,2022-03-15,2.4,102.56062900978988,0.1,0.019999999999999924,0.20285714285714326,1.0,6.123233995736766e-17,0.9562348265919056,0.29260033563334836
CLCB022022,105.0,9.89,1.04,2022-03-29,16.8,102.56062900978988,0.02,-0.07000000000000008,0.31428571428571467,1.0,6.123233995736766e-17,0.9984354211555643,0.055916990100603484
CLCB022022,105.0,9.89,1.04,2022-04-14,12.1,102.56062900978988,0.12,0.1333333333333331,0.3128571428571432,0.8660254037844387,-0.4999999999999998,0.9760105506323683,-0.21772323039653177
CLCB022022,105.0,9.89,1.04,2022-04-28,15.4,102.56062900978988,0.1,-0.013333333333333558,0.25000000000000033,0.8660254037844387,-0.4999999999999998,0.895839290734909,-0.4443781781046132
CLCB022022,105.0,9.89,1.04,2022-05-14,1.0,102.56062900978988,0.28,0.23666666666666644,0.19428571428571462,0.49999999999999994,-0.8660254037844387,0.7412220108485958,-0.6712599575675313
CLCB032019,105.05,9.8,0.27,2019-03-04,1.5,111.56332581121502,0.79,0.4799999999999997,0.36000000000000015,1.0,6.123233995736766e-17,0.8840675099433636,0.4673592171580022
CLCB032019,105.05,9.8,0.88,2019-03-20,17.3,111.56332581121502,0.9,0.4799999999999997,0.29000000000000015,1.0,6.123233995736766e-17,0.9778483415056568,0.20931464596304847
CLCB032019,105.05,9.8,0.88,2019-04-08,14.8,111.56332581121502,1.04,1.0033333333333332,0.812857142857143,0.8660254037844387,-0.4999999999999998,0.9932568492674143,-0.11593459959550041
CLCB032019,105.05,9.8,0.88,2019-04-16,15.6,111.56332581121502,0.39,0.10333333333333318,0.4285714285714287,0.8660254037844387,-0.4999999999999998,0.9679377830240642,-0.25119006388481935
CLCB032019,105.05,9.8,0.88,2019-05-16,11.9,111.56332581121502,0.53,0.3033333333333332,0.32857142857142874,0.49999999999999994,-0.8660254037844387,0.717676913675962,-0.6963762255968722
CLCB032019,105.05,9.8,0.88,2019-06-06,1.6,111.56332581121502,1.08,1.0666666666666667,0.7600000000000001,1.2246467991473532e-16,-1.0,0.42500033996955416,-0.9051931898913974
CLCB032019,105.05,9.8,0.88,2019-06-19,6.0,111.56332581121502,1.15,1.0,0.6800000000000003,1.2246467991473532e-16,-1.0,0.21352091543979612,-0.9769384927771817
CLCB032020,105.07,9.74,0.09,2020-03-09,13.3,117.93762817117359,0.35000000000000003,0.04999999999999979,0.0385714285714287,1.0,6.123233995736766e-17,0.9275416835791966,0.37371971479046906
CLCB032020,105.07,9.74,0.09,2020-03-24,15.5,117.93762817117359,0.07,0.20999999999999977,0.052857142857142984,1.0,6.123233995736766e-17,0.9922222094179323,0.12447926388678915
CLCB032020,105.07,9.74,0.09,2020-04-29,23.8,117.93762817117359,0.28,0.6066666666666665,0.6642857142857145,0.8660254037844387,-0.4999999999999998,0.8800122039735357,-0.47495107206704995
CLCB032020,105.07,9.74,0.09,2020-05-11,24.4,117.93762817117359,0.7000000000000001,0.9066666666666664,0.4657142857142858,0.49999999999999994,-0.8660254037844387,0.7638886127905428,-0.6453481132295501
CLCB032020,105.07,9.74,0.09,2020-05-25,19.2,117.93762817117359,0.62,0.6833333333333331,0.2842857142857144,0.49999999999999994,-0.8660254037844387,0.5877852522924732,-0.8090169943749473
CLCB032020,105.07,9.74,0.09,2020-06-11,19.2,117.93762817117359,-0.13,0.6333333333333332,0.5385714285714287,1.2246467991473532e-16,-1.0,0.3294084822245304,-0.9441875088341993
CLCB032021,105.07,9.74,0.64,2021-01-17,1.6,117.93762817117359,1.73,1.5966666666666667,1.3342857142857145,0.49999999999999994,0.8660254037844387,0.288482432880609,0.9574851883550393
CLCB032021,105.07,9.74,0.64,2021-02-28,5.1,117.93762817117359,0.8200000000000001,0.4333333333333331,0.28285714285714303,0.8660254037844386,0.5000000000000001,0.8498170915275278,0.5270777086423722
CLCB032021,105.07,9.74,0.64,2021-03-15,7.53,117.93762817117359,1.24,0.7399999999999999,0.3342857142857145,1.0,6.123233995736766e-17,0.9562348265919056,0.29260033563334836
CLCB032021,105.07,9.74,0.06,2021-03-29,12.3,117.93762817117359,0.93,0.41333333333333316,0.08428571428571449,1.0,6.123233995736766e-17,0.9984354211555643,0.055916990100603484
CLCB032021,105.07,9.74,0.06,2021-04-14,16.9,117.93762817117359,1.11,0.8433333333333334,0.38285714285714306,0.8660254037844387,-0.4999999999999998,0.9760105506323683,-0.21772323039653177
CLCB032021,105.07,9.74,0.06,2021-04-28,13.1,117.93762817117359,0.89,0.18999999999999995,-0.06285714285714263,0.8660254037844387,-0.4999999999999998,0.895839290734909,-0.4443781781046132
CLCB032021,105.07,9.74,0.06,2021-05-14,14.7,117.93762817117359,0.93,1.0599999999999998,0.585714285714286,0.49999999999999994,-0.8660254037844387,0.7412220108485958,-0.6712599575675313
CLCB032022,105.07,9.74,1.04,2022-01-17,8.7,117.93762817117359,0.89,0.8166666666666665,0.7942857142857147,0.49999999999999994,0.8660254037844387,0.288482432880609,0.9574851883550393
CLCB032022,105.07,9.74,1.04,2022-02-28,14.3,117.93762817117359,0.41000000000000003,0.21999999999999997,0.5628571428571433,0.8660254037844386,0.5000000000000001,0.8498170915275278,0.5270777086423722
CLCB032022,105.07,9.74,1.04,2022-03-15,12.0,117.93762817117359,0.1,0.019999999999999924,0.20285714285714326,1.0,6.123233995736766e-17,0.9562348265919056,0.29260033563334836
CLCB032022,105.07,9.74,0.65,2022-03-29,9.3,117.93762817117359,0.02,-0.07000000000000008,0.31428571428571467,1.0,6.123233995736766e-17,0.9984354211555643,0.055916990100603484
CLCB032022,105.07,9.74,0.65,2022-04-14,6.4,117.93762817117359,0.12,0.1333333333333331,0.3128571428571432,0.8660254037844387,-0.4999999999999998,0.9760105506323683,-0.21772323039653177
CLCB032022,105.07,9.74,0.65,2022-04-28,6.8,117.93762817117359,0.1,-0.013333333333333558,0.25000000000000033,0.8660254037844387,-0.4999999999999998,0.895839290734909,-0.4443781781046132
CLCB032022,105.07,9.74,0.65,2022-05-14,4.9,117.93762817117359,0.28,0.23666666666666644,0.19428571428571462,0.49999999999999994,-0.8660254037844387,0.7412220108485958,-0.6712599575675313
CLCB042019,105.13,9.67,0.26,2019-03-04,2.8,125.21871116377949,0.79,0.4799999999999997,0.36000000000000015,1.0,6.123233995736766e-17,0.8840675099433636,0.4673592171580022
CLCB042019,105.13,9.67,0.26,2019-03-20,11.0,125.21871116377949,0.9,0.4799999999999997,0.29000000000000015,1.0,6.123233995736766e-17,0.9778483415056568,0.20931464596304847
CLCB042019,105.13,9.67,0.26,2019-04-08,8.2,125.21871116377949,1.04,1.0033333333333332,0.812857142857143,0.8660254037844387,-0.4999999999999998,0.9932568492674143,-0.11593459959550041
CLCB042019,105.13,9.67,0.26,2019-04-16,7.9,125.21871116377949,0.39,0.10333333333333318,0.4285714285714287,0.8660254037844387,-0.4999999999999998,0.9679377830240642,-0.25119006388481935
CLCB042019,105.13,9.67,0.26,2019-05-16,4.5,125.21871116377949,0.53,0.3033333333333332,0.32857142857142874,0.49999999999999994,-0.8660254037844387,0.717676913675962,-0.6963762255968722
CLCB042019,105.13,9.67,0.26,2019-06-06,6.1,125.21871116377949,1.08,1.0666666666666667,0.7600000000000001,1.2246467991473532e-16,-1.0,0.42500033996955416,-0.9051931898913974
CLCB042019,105.13,9.67,0.26,2019-06-19,4.8,125.21871116377949,1.15,1.0,0.6800000000000003,1.2246467991473532e-16,-1.0,0.21352091543979612,-0.9769384927771817
CLCB042020,105.19,9.67,0.59,2020-03-09,7.57,125.09816897236745,0.35000000000000003,0.04999999999999979,0.0385714285714287,1.0,6.123233995736766e-17,0.9275416835791966,0.37371971479046906
CLCB042020,105.19,9.67,0.59,2020-03-24,9.0,125.09816897236745,0.07,0.20999999999999977,0.052857142857142984,1.0,6.123233995736766e-17,0.9922222094179323,0.12447926388678915
CLCB042020,105.19,9.67,0.59,2020-04-29,13.6,125.09816897236745,0.28,0.6066666666666665,0.6642857142857145,0.8660254037844387,-0.4999999999999998,0.8800122039735357,-0.47495107206704995
CLCB042020,105.19,9.67,0.59,2020-05-11,12.5,125.09816897236745,0.7000000000000001,0.9066666666666664,0.4657142857142858,0.49999999999999994,-0.8660254037844387,0.7638886127905428,-0.6453481132295501
CLCB042020,105.19,9.67,0.59,2020-05-25,12.1,125.09816897236745,0.62,0.6833333333333331,0.2842857142857144,0.49999999999999994,-0.8660254037844387,0.5877852522924732,-0.8090169943749473
CLCB042020,105.19,9.67,0.59,2020-06-11,4.3,125.09816897236745,-0.13,0.6333333333333332,0.5385714285714287,1.2246467991473532e-16,-1.0,0.3294084822245304,-0.9441875088341993
CLCB042021,105.19,9.67,0.06,2021-01-17,1.62,125.09816897236745,1.73,1.5966666666666667,1.3342857142857145,0.49999999999999994,0.8660254037844387,0.288482432880609,0.9574851883550393
CLCB042021,105.19,9.67,0.06,2021-02-28,4.56,125.09816897236745,0.8200000000000001,0.4333333333333331,0.28285714285714303,0.8660254037844386,0.5000000000000001,0.8498170915275278,0.5270777086423722
CLCB042021,105.19,9.67,0.06,2021-03-15,6.88,125.09816897236745,1.24,0.7399999999999999,0.3342857142857145,1.0,6.123233995736766e-17,0.9562348265919056,0.29260033563334836
CLCB042021,105.19,9.67,0.06,2021-03-29,11.0,125.09816897236745,0.93,0.41333333333333316,0.08428571428571449,1.0,6.123233995736766e-17,0.9984354211555643,0.055916990100603484
CLCB042021,105.19,9.67,0.52,2021-04-14,8.5,125.09816897236745,1.11,0.8433333333333334,0.38285714285714306,0.8660254037844387,-0.4999999999999998,0.9760105506323683,-0.21772323039653177
CLCB042021,105.19,9.67,0.52,2021-04-28,6.7,125.09816897236745,0.89,0.18999999999999995,-0.06285714285714263,0.8660254037844387,-0.4999999999999998,0.895839290734909,-0.4443781781046132
CLCB042021,105.19,9.67,0.52,2021-05-14,9.0,125.09816897236745,0.93,1.0599999999999998,0.585714285714286,0.49999999999999994,-0.8660254037844387,0.7412220108485958,-0.6712599575675313
CLCB042022,105.19,9.67,0.65,2022-01-17,4.1,125.09816897236745,0.89,0.8166666666666665,0.7942857142857147,0.49999999999999994,0.8660254037844387,0.288482432880609,0.9574851883550393
CLCB042022,105.19,9.67,0.65,2022-02-28,4.2,125.09816897236745,0.41000000000000003,0.21999999999999997,0.5628571428571433,0.8660254037844386,0.5000000000000001,0.8498170915275278,0.5270777086423722
CLCB042022,105.19,9.67,0.65,2022-03-15,4.2,125.09816897236745,0.1,0.019999999999999924,0.20285714285714326,1.0,6.123233995736766e-17,0.9562348265919056,0.29260033563334836
CLCB042022,105.19,9.67,0.65,2022-03-29,3.0,125.09816897236745,0.02,-0.07000000000000008,0.31428571428571467,1.0,6.123233995736766e-17,0.9984354211555643,0.055916990100603484
CLCB042022,105.19,9.67,0.4,2022-04-14,3.5,125.09816897236745,0.12,0.1333333333333331,0.3128571428571432,0.8660254037844387,-0.4999999999999998,0.9760105506323683,-0.21772323039653177
CLCB042022,105.19,9.67,0.4,2022-04-28,3.1,125.09816897236745,0.1,-0.013333333333333558,0.25000000000000033,0.8660254037844387,-0.4999999999999998,0.895839290734909,-0.4443781781046132
CLCB042022,105.19,9.67,0.4,2022-05-14,2.9,125.09816897236745,0.28,0.23666666666666644,0.19428571428571462,0.49999999999999994,-0.8660254037844387,0.7412220108485958,-0.6712599575675313
CLCB052019,105.3,9.47,0.09,2019-03-04,6.8,147.90793917819013,0.68,0.2999999999999997,0.3857142857142858,1.0,6.123233995736766e-17,0.8840675099433636,0.4673592171580022
CLCB052019,105.3,9.47,0.09,2019-03-20,8.1,147.90793917819013,0.72,0.2899999999999997,0.24142857142857158,1.0,6.123233995736766e-17,0.9778483415056568,0.20931464596304847
CLCB052019,105.3,9.47,0.09,2019-04-08,6.2,147.90793917819013,1.05,0.9099999999999998,0.7257142857142859,0.8660254037844387,-0.4999999999999998,0.9932568492674143,-0.11593459959550041
CLCB052019,105.3,9.47,0.09,2019-04-16,13.0,147.90793917819013,0.24,0.1333333333333332,0.542857142857143,0.8660254037844387,-0.4999999999999998,0.9679377830240642,-0.25119006388481935
CLCB052019,105.3,9.47,0.09,2019-05-16,22.1,147.90793917819013,0.44,0.19999999999999982,0.38000000000000017,0.49999999999999994,-0.8660254037844387,0.717676913675962,-0.6963762255968722
CLCB052019,105.3,9.47,0.09,2019-06-06,19.6,147.90793917819013,1.08,0.98,0.6300000000000001,1.2246467991473532e-16,-1.0,0.42500033996955416,-0.9051931898913974
CLCB052019,105.3,9.47,0.09,2019-06-19,16.5,147.90793917819013,1.12,0.8366666666666666,0.5571428571428573,1.2246467991473532e-16,-1.0,0.21352091543979612,-0.9769384927771817
CLCB052020,105.26,9.6,0.4,2020-03-24,8.6,133.15889104014178,0.07,0.20999999999999977,0.052857142857142984,1.0,6.123233995736766e-17,0.9922222094179323,0.12447926388678915
CLCB052020,105.26,9.6,0.59,2020-04-09,7.9,133.15889104014178,0.9400000000000001,0.25333333333333313,-0.05428571428571416,0.8660254037844387,-0.4999999999999998,0.9886775902323405,-0.1500553983446526
CLCB052020,105.26,9.6,0.4,2020-04-29,15.6,133.15889104014178,0.28,0.6066666666666665,0.6642857142857145,0.8660254037844387,-0.4999999999999998,0.8800122039735357,-0.47495107206704995
CLCB052020,105.26,9.6,0.4,2020-05-11,13.3,133.15889104014178,0.7000000000000001,0.9066666666666664,0.4657142857142858,0.49999999999999994,-0.8660254037844387,0.7638886127905428,-0.6453481132295501
CLCB052020,105.26,9.6,0.4,2020-05-25,16.2,133.15889104014178,0.62,0.6833333333333331,0.2842857142857144,0.49999999999999994,-0.8660254037844387,0.5877852522924732,-0.8090169943749473
CLCB052020,105.26,9.6,0.4,2020-06-11,17.0,133.15889104014178,-0.13,0.6333333333333332,0.5385714285714287,1.2246467991473532e-16,-1.0,0.3294084822245304,-0.9441875088341993
CLCB052021,105.26,9.6,0.52,2021-01-17,3.47,133.15889104014178,1.73,1.5966666666666667,1.3342857142857145,0.49999999999999994,0.8660254037844387,0.288482432880609,0.9574851883550393
CLCB052021,105.26,9.6,0.52,2021-02-28,5.1,133.15889104014178,0.8200000000000001,0.4333333333333331,0.28285714285714303,0.8660254037844386,0.5000000000000001,0.8498170915275278,0.5270777086423722
CLCB052021,105.26,9.6,0.52,2021-03-15,7.23,133.15889104014178,1.24,0.7399999999999999,0.3342857142857145,1.0,6.123233995736766e-17,0.9562348265919056,0.29260033563334836
CLCB052021,105.26,9.6,0.52,2021-03-29,1.5,133.15889104014178,0.93,0.41333333333333316,0.08428571428571449,1.0,6.123233995736766e-17,0.9984354211555643,0.055916990100603484
CLCB052021,105.26,9.6,0.52,2021-04-14,1.3,133.15889104014178,1.11,0.8433333333333334,0.38285714285714306,0.8660254037844387,-0.4999999999999998,0.9760105506323683,-0.21772323039653177
CLCB052021,105.26,9.6,1.62,2021-04-28,9.7,133.15889104014178,0.89,0.18999999999999995,-0.06285714285714263,0.8660254037844387,-0.4999999999999998,0.895839290734909,-0.4443781781046132
CLCB052021,105.26,9.6,1.62,2021-05-14,11.1,133.15889104014178,0.93,1.0599999999999998,0.585714285714286,0.49999999999999994,-0.8660254037844387,0.7412220108485958,-0.6712599575675313
CLCB052022,105.26,9.6,0.4,2022-01-17,4.9,133.15889104014178,0.89,0.8166666666666665,0.7942857142857147,0.49999999999999994,0.8660254037844387,0.288482432880609,0.9574851883550393
CLCB052022,105.26,9.6,0.4,2022-02-28,4.4,133.15889104014178,0.41000000000000003,0.21999999999999997,0.5628571428571433,0.8660254037844386,0.5000000000000001,0.8498170915275278,0.5270777086423722
CLCB052022,105.26,9.6,0.4,2022-03-15,7.3,133.15889104014178,0.1,0.019999999999999924,0.20285714285714326,1.0,6.123233995736766e-17,0.9562348265919056,0.29260033563334836
CLCB052022,105.26,9.6,0.4,2022-03-29,5.7,133.15889104014178,0.02,-0.07000000000000008,0.31428571428571467,1.0,6.123233995736766e-17,0.9984354211555643,0.055916990100603484
CLCB052022,105.26,9.6,0.4,2022-04-14,4.6,133.15889104014178,0.12,0.1333333333333331,0.3128571428571432,0.8660254037844387,-0.4999999999999998,0.9760105506323683,-0.21772323039653177
CLCB052022,105.26,9.6,1.03,2022-04-28,4.1,133.15889104014178,0.1,-0.013333333333333558,0.25000000000000033,0.8660254037844387,-0.4999999999999998,0.895839290734909,-0.4443781781046132
CLCB052022,105.26,9.6,1.03,2022-05-14,4.6,133.15889104014178,0.28,0.23666666666666644,0.19428571428571462,0.49999999999999994,-0.8660254037844387,0.7412220108485958,-0.6712599575675313
CLCB062019,105.38,9.59,0.59,2019-03-04,1.9,135.74821312193748,0.68,0.2999999999999997,0.3857142857142858,1.0,6.123233995736766e-17,0.8840675099433636,0.4673592171580022
CLCB062019,105.38,9.59,0.59,2019-03-20,11.7,135.74821312193748,0.72,0.2899999999999997,0.24142857142857158,1.0,6.123233995736766e-17,0.9778483415056568,0.20931464596304847
CLCB062019,105.38,9.59,0.59,2019-04-08,6.6,135.74821312193748,1.05,0.9099999999999998,0.7257142857142859,0.8660254037844387,-0.4999999999999998,0.9932568492674143,-0.11593459959550041
CLCB062019,105.38,9.59,0.59,2019-04-16,8.6,135.74821312193748,0.24,0.1333333333333332,0.542857142857143,0.8660254037844387,-0.4999999999999998,0.9679377830240642,-0.25119006388481935
CLCB062019,105.38,9.59,0.59,2019-05-16,3.7,135.74821312193748,0.44,0.19999999999999982,0.38000000000000017,0.49999999999999994,-0.8660254037844387,0.717676913675962,-0.6963762255968722
CLCB062019,105.38,9.59,0.59,2019-06-06,4.0,135.74821312193748,1.08,0.98,0.6300000000000001,1.2246467991473532e-16,-1.0,0.42500033996955416,-0.9051931898913974
CLCB062019,105.38,9.59,0.59,2019-06-19,1.5,135.74821312193748,1.12,0.8366666666666666,0.5571428571428573,1.2246467991473532e-16,-1.0,0.21352091543979612,-0.9769384927771817
CLCB062020,105.15,9.76,0.4,2020-03-09,9.9,115.13671586164628,0.35000000000000003,0.04999999999999979,0.0385714285714287,1.0,6.123233995736766e-17,0.9275416835791966,0.37371971479046906
CLCB062020,105.15,9.76,0.4,2020-03-24,1.8,115.13671586164628,0.07,0.20999999999999977,0.052857142857142984,1.0,6.123233995736766e-17,0.9922222094179323,0.12447926388678915
CLCB062020,105.15,9.76,0.4,2020-04-29,16.1,115.13671586164628,0.28,0.6066666666666665,0.6642857142857145,0.8660254037844387,-0.4999999999999998,0.8800122039735357,-0.47495107206704995
CLCB062020,105.15,9.76,0.4,2020-05-11,1.9,115.13671586164628,0.7000000000000001,0.9066666666666664,0.4657142857142858,0.49999999999999994,-0.8660254037844387,0.7638886127905428,-0.6453481132295501
CLCB062020,105.15,9.76,0.4,2020-05-25,13.1,115.13671586164628,0.62,0.6833333333333331,0.2842857142857144,0.49999999999999994,-0.8660254037844387,0.5877852522924732,-0.8090169943749473
CLCB062020,105.15,9.76,0.4,2020-06-11,9.1,115.13671586164628,-0.13,0.6333333333333332,0.5385714285714287,1.2246467991473532e-16,-1.0,0.3294084822245304,-0.9441875088341993
CLCB062021,105.15,9.76,1.62,2021-01-17,7.3,115.13671586164628,1.73,1.5966666666666667,1.3342857142857145,0.49999999999999994,0.8660254037844387,0.288482432880609,0.9574851883550393
CLCB062021,105.15,9.76,1.62,2021-02-28,8.4,115.13671586164628,0.8200000000000001,0.4333333333333331,0.28285714285714303,0.8660254037844386,0.5000000000000001,0.8498170915275278,0.5270777086423722
CLCB062021,105.15,9.76,1.62,2021-03-15,12.4,115.13671586164628,1.24,0.7399999999999999,0.3342857142857145,1.0,6.123233995736766e-17,0.9562348265919056,0.29260033563334836
CLCB062021,105.15,9.76,1.62,2021-03-29,11.9,115.13671586164628,0.93,0.41333333333333316,0.08428571428571449,1.0,6.123233995736766e-17,0.9984354211555643,0.055916990100603484
CLCB062021,105.15,9.76,1.62,2021-04-14,9.3,115.13671586164628,1.11,0.8433333333333334,0.38285714285714306,0.8660254037844387,-0.4999999999999998,0.9760105506323683,-0.21772323039653177
CLCB062021,105.15,9.76,1.62,2021-04-28,8.8,115.13671586164628,0.89,0.18999999999999995,-0.06285714285714263,0.8660254037844387,-0.4999999999999998,0.895839290734909,-0.4443781781046132
CLCB062021,105.15,9.76,0.95,2021-05-14,3.3,115.13671586164628,0.93,1.0599999999999998,0.585714285714286,0.49999999999999994,-0.8660254037844387,0.7412220108485958,-0.6712599575675313
CLCB062022,105.15,9.76,1.03,2022-01-17,7.2,115.13671586164628,0.89,0.8166666666666665,0.7942857142857147,0.49999999999999994,0.8660254037844387,0.288482432880609,0.9574851883550393
CLCB062022,105.15,9.76,1.03,2022-02-28,6.0,115.13671586164628,0.41000000000000003,0.21999999999999997,0.5628571428571433,0.8660254037844386,0.5000000000000001,0.8498170915275278,0.5270777086423722
CLCB062022,105.15,9.76,1.03,2022-03-15,5.9,115.13671586164628,0.1,0.019999999999999924,0.20285714285714326,1.0,6.123233995736766e-17,0.9562348265919056,0.29260033563334836
CLCB062022,105.15,9.76,1.03,2022-03-29,3.1,115.13671586164628,0.02,-0.07000000000000008,0.31428571428571467,1.0,6.123233995736766e-17,0.9984354211555643,0.055916990100603484
CLCB062022,105.15,9.76,1.03,2022-04-14,3.0,115.13671586164628,0.12,0.1333333333333331,0.3128571428571432,0.8660254037844387,-0.4999999999999998,0.9760105506323683,-0.21772323039653177
CLCB062022,105.15,9.76,1.03,2022-04-28,3.7,115.13671586164628,0.1,-0.013333333333333558,0.25000000000000033,0.8660254037844387,-0.4999999999999998,0.895839290734909,-0.4443781781046132
CLCB062022,105.15,9.76,0.99,2022-05-14,2.0,115.13671586164628,0.28,0.23666666666666644,0.19428571428571462,0.49999999999999994,-0.8660254037844387,0.7412220108485958,-0.6712599575675313
CLCB072019,105.38,9.78,0.4,2019-03-04,0.03830098,114.94360439278746,0.79,0.4799999999999997,0.36000000000000015,1.0,6.123233995736766e-17,0.8840675099433636,0.4673592171580022
CLCB072019,105.38,9.78,0.4,2019-03-20,0.1,114.94360439278746,0.9,0.4799999999999997,0.29000000000000015,1.0,6.123233995736766e-17,0.9778483415056568,0.20931464596304847
CLCB072019,105.38,9.78,0.4,2019-04-08,0.2,114.94360439278746,1.04,1.0033333333333332,0.812857142857143,0.8660254037844387,-0.4999999999999998,0.9932568492674143,-0.11593459959550041
CLCB072019,105.38,9.78,0.4,2019-04-16,0.1,114.94360439278746,0.39,0.10333333333333318,0.4285714285714287,0.8660254037844387,-0.4999999999999998,0.9679377830240642,-0.25119006388481935
CLCB072019,105.38,9.78,0.4,2019-05-16,0.1,114.94360439278746,0.53,0.3033333333333332,0.32857142857142874,0.49999999999999994,-0.8660254037844387,0.717676913675962,-0.6963762255968722
CLCB072019,105.38,9.78,0.4,2019-06-06,0.1,114.94360439278746,1.08,1.0666666666666667,0.7600000000000001,1.2246467991473532e-16,-1.0,0.42500033996955416,-0.9051931898913974
CLCB072019,105.38,9.78,0.4,2019-06-19,0.0038842975,114.94360439278746,1.15,1.0,0.6800000000000003,1.2246467991473532e-16,-1.0,0.21352091543979612,-0.9769384927771817
CLCB072020,105.25,9.76,0.4,2020-03-09,2.17,115.33408320172433,0.35000000000000003,0.04999999999999979,0.0385714285714287,1.0,6.123233995736766e-17,0.9275416835791966,0.37371971479046906
CLCB072020,105.25,9.76,0.4,2020-03-24,0.2,115.33408320172433,0.07,0.20999999999999977,0.052857142857142984,1.0,6.123233995736766e-17,0.9922222094179323,0.12447926388678915
CLCB072020,105.25,9.76,0.4,2020-04-29,2.65,115.33408320172433,0.28,0.6066666666666665,0.6642857142857145,0.8660254037844387,-0.4999999999999998,0.8800122039735357,-0.47495107206704995
CLCB072020,105.25,9.76,-0.07,2020-05-11,0.31,115.33408320172433,0.7000000000000001,0.9066666666666664,0.4657142857142858,0.49999999999999994,-0.8660254037844387,0.7638886127905428,-0.6453481132295501
CLCB072020,105.25,9.76,-0.07,2020-05-25,4.4,115.33408320172433,0.62,0.6833333333333331,0.2842857142857144,0.49999999999999994,-0.8660254037844387,0.5877852522924732,-0.8090169943749473
CLCB072020,105.25,9.76,-0.07,2020-06-11,0.3,115.33408320172433,-0.13,0.6333333333333332,0.5385714285714287,1.2246467991473532e-16,-1.0,0.3294084822245304,-0.9441875088341993
CLCB072021,105.25,9.76,0.95,2021-01-17,2.11,115.33408320172433,1.73,1.5966666666666667,1.3342857142857145,0.49999999999999994,0.8660254037844387,0.288482432880609,0.9574851883550393
CLCB072021,105.25,9.76,0.95,2021-02-28,5.0,115.33408320172433,0.8200000000000001,0.4333333333333331,0.28285714285714303,0.8660254037844386,0.5000000000000001,0.8498170915275278,0.5270777086423722
CLCB072021,105.25,9.76,0.95,2021-03-15,5.38,115.33408320172433,1.24,0.7399999999999999,0.3342857142857145,1.0,6.123233995736766e-17,0.9562348265919056,0.29260033563334836
CLCB072021,105.25,9.76,0.95,2021-03-29,0.2,115.33408320172433,0.93,0.41333333333333316,0.08428571428571449,1.0,6.123233995736766e-17,0.9984354211555643,0.055916990100603484
CLCB072021,105.25,9.76,0.95,2021-04-14,2.8,115.33408320172433,1.11,0.8433333333333334,0.38285714285714306,0.8660254037844387,-0.4999999999999998,0.9760105506323683,-0.21772323039653177
CLCB072021,105.25,9.76,0.95,2021-04-28,0.2,115.33408320172433,0.89,0.18999999999999995,-0.06285714285714263,0.8660254037844387,-0.4999999999999998,0.895839290734909,-0.4443781781046132
CLCB072021,105.25,9.76,0.95,2021-05-14,0.1,115.33408320172433,0.93,1.0599999999999998,0.585714285714286,0.49999999999999994,-0.8660254037844387,0.7412220108485958,-0.6712599575675313
CLCB072022,105.25,9.76,0.99,2022-01-17,0.1,115.33408320172433,0.89,0.8166666666666665,0.7942857142857147,0.49999999999999994,0.8660254037844387,0.288482432880609,0.9574851883550393
CLCB072022,105.25,9.76,0.99,2022-02-28,2.4,115.33408320172433,0.41000000000000003,0.21999999999999997,0.5628571428571433,0.8660254037844386,0.5000000000000001,0.8498170915275278,0.5270777086423722
CLCB072022,105.25,9.76,0.99,2022-03-15,1.7,115.33408320172433,0.1,0.019999999999999924,0.20285714285714326,1.0,6.123233995736766e-17,0.9562348265919056,0.29260033563334836
CLCB072022,105.25,9.76,0.99,2022-03-29,0.6,115.33408320172433,0.02,-0.07000000000000008,0.31428571428571467,1.0,6.123233995736766e-17,0.9984354211555643,0.055916990100603484
CLCB072022,105.25,9.76,0.99,2022-04-14,0.1,115.33408320172433,0.12,0.1333333333333331,0.3128571428571432,0.8660254037844387,-0.4999999999999998,0.9760105506323683,-0.21772323039653177
CLCB072022,105.25,9.76,0.99,2022-04-28,0.1,115.33408320172433,0.1,-0.013333333333333558,0.25000000000000033,0.8660254037844387,-0.4999999999999998,0.895839290734909,-0.4443781781046132
CLCB072022,105.25,9.76,0.99,2022-05-14,0.1,115.33408320172433,0.28,0.23666666666666644,0.19428571428571462,0.49999999999999994,-0.8660254037844387,0.7412220108485958,-0.6712599575675313
CLCB082019,105.42,9.95,0.4,2019-03-04,0.1,97.5283600242959,0.79,0.4799999999999997,0.36000000000000015,1.0,6.123233995736766e-17,0.8840675099433636,0.4673592171580022
CLCB082019,105.42,9.95,0.4,2019-03-20,0.0383190465,97.5283600242959,0.9,0.4799999999999997,0.29000000000000015,1.0,6.123233995736766e-17,0.9778483415056568,0.20931464596304847
CLCB082019,105.42,9.95,0.4,2019-04-08,0.1,97.5283600242959,1.04,1.0033333333333332,0.812857142857143,0.8660254037844387,-0.4999999999999998,0.9932568492674143,-0.11593459959550041
CLCB082019,105.42,9.95,0.4,2019-04-16,0.027316547999999996,97.5283600242959,0.39,0.10333333333333318,0.4285714285714287,0.8660254037844387,-0.4999999999999998,0.9679377830240642,-0.25119006388481935
CLCB082019,105.42,9.95,0.4,2019-05-16,0.1,97.5283600242959,0.53,0.3033333333333332,0.32857142857142874,0.49999999999999994,-0.8660254037844387,0.717676913675962,-0.6963762255968722
CLCB082019,105.42,9.95,0.4,2019-06-06,0.0220591965,97.5283600242959,1.08,1.0666666666666667,0.7600000000000001,1.2246467991473532e-16,-1.0,0.42500033996955416,-0.9051931898913974
CLCB082019,105.42,9.95,0.4,2019-06-19,0.1,97.5283600242959,1.15,1.0,0.6800000000000003,1.2246467991473532e-16,-1.0,0.21352091543979612,-0.9769384927771817
CLCB082020,105.21,9.85,-0.07,2020-03-09,0.1,105.12708368631353,0.35000000000000003,0.04999999999999979,0.0385714285714287,1.0,6.123233995736766e-17,0.9275416835791966,0.37371971479046906
CLCB082020,105.21,9.85,-0.07,2020-03-24,0.1,105.12708368631353,0.07,0.20999999999999977,0.052857142857142984,1.0,6.123233995736766e-17,0.9922222094179323,0.12447926388678915
CLCB082020,105.21,9.85,-0.07,2020-04-29,1.66,105.12708368631353,0.28,0.6066666666666665,0.6642857142857145,0.8660254037844387,-0.4999999999999998,0.8800122039735357,-0.47495107206704995
CLCB082020,105.21,9.85,-0.07,2020-05-11,0.23,105.12708368631353,0.7000000000000001,0.9066666666666664,0.4657142857142858,0.49999999999999994,-0.8660254037844387,0.7638886127905428,-0.6453481132295501
CLCB082020,105.21,9.85,0.19,2020-05-25,0.44,105.12708368631353,0.62,0.6833333333333331,0.2842857142857144,0.49999999999999994,-0.8660254037844387,0.5877852522924732,-0.8090169943749473
CLCB082020,105.21,9.85,0.19,2020-06-11,0.1,105.12708368631353,-0.13,0.6333333333333332,0.5385714285714287,1.2246467991473532e-16,-1.0,0.3294084822245304,-0.9441875088341993
CLCB082021,105.38,9.79,1.07,2021-01-17,0.12,113.8519140842036,1.73,1.5966666666666667,1.3342857142857145,0.49999999999999994,0.8660254037844387,0.288482432880609,0.9574851883550393
CLCB082021,105.38,9.79,1.07,2021-02-28,0.1,113.8519140842036,0.8200000000000001,0.4333333333333331,0.28285714285714303,0.8660254037844386,0.5000000000000001,0.8498170915275278,0.5270777086423722
CLCB082021,105.38,9.79,1.07,2021-03-15,0.11,113.8519140842036,1.24,0.7399999999999999,0.3342857142857145,1.0,6.123233995736766e-17,0.9562348265919056,0.29260033563334836
CLCB082021,105.38,9.79,1.07,2021-03-29,0.1,113.8519140842036,0.93,0.41333333333333316,0.08428571428571449,1.0,6.123233995736766e-17,0.9984354211555643,0.055916990100603484
CLCB082021,105.38,9.79,1.07,2021-04-14,0.1,113.8519140842036,1.11,0.8433333333333334,0.38285714285714306,0.8660254037844387,-0.4999999999999998,0.9760105506323683,-0.21772323039653177
CLCB082021,105.38,9.79,1.07,2021-04-28,0.1,113.8519140842036,0.89,0.18999999999999995,-0.06285714285714263,0.8660254037844387,-0.4999999999999998,0.895839290734909,-0.4443781781046132
CLCB082021,105.38,9.79,1.07,2021-05-14,0.1,113.8519140842036,0.93,1.0599999999999998,0.585714285714286,0.49999999999999994,-0.8660254037844387,0.7412220108485958,-0.6712599575675313
CLCB082022,105.38,9.79,0.17,2022-01-17,0.0,113.8519140842036,0.89,0.8166666666666665,0.7942857142857147,0.49999999999999994,0.8660254037844387,0.288482432880609,0.9574851883550393
CLCB082022,105.38,9.79,0.17,2022-02-28,0.2,113.8519140842036,0.41000000000000003,0.21999999999999997,0.5628571428571433,0.8660254037844386,0.5000000000000001,0.8498170915275278,0.5270777086423722
CLCB082022,105.38,9.79,0.17,2022-03-15,0.1,113.8519140842036,0.1,0.019999999999999924,0.20285714285714326,1.0,6.123233995736766e-17,0.9562348265919056,0.29260033563334836
CLCB082022,105.38,9.79,0.17,2022-03-29,0.1,113.8519140842036,0.02,-0.07000000000000008,0.31428571428571467,1.0,6.123233995736766e-17,0.9984354211555643,0.055916990100603484
CLCB082022,105.38,9.79,0.17,2022-04-14,0.1,113.8519140842036,0.12,0.1333333333333331,0.3128571428571432,0.8660254037844387,-0.4999999999999998,0.9760105506323683,-0.21772323039653177
CLCB082022,105.38,9.79,0.17,2022-04-28,0.1,113.8519140842036,0.1,-0.013333333333333558,0.25000000000000033,0.8660254037844387,-0.4999999999999998,0.895839290734909,-0.4443781781046132
CLCB082022,105.38,9.79,0.17,2022-05-14,0.1,113.8519140842036,0.28,0.23666666666666644,0.19428571428571462,0.49999999999999994,-0.8660254037844387,0.7412220108485958,-0.6712599575675313
CLCB092019,105.35,9.88,-0.07,2019-03-04,1.0,103.40922901619022,0.79,0.4799999999999997,0.36000000000000015,1.0,6.123233995736766e-17,0.8840675099433636,0.4673592171580022
CLCB092019,105.35,9.88,-0.07,2019-03-20,0.1,103.40922901619022,0.9,0.4799999999999997,0.29000000000000015,1.0,6.123233995736766e-17,0.9778483415056568,0.20931464596304847
CLCB092019,105.35,9.88,-0.07,2019-04-08,0.1,103.40922901619022,1.04,1.0033333333333332,0.812857142857143,0.8660254037844387,-0.4999999999999998,0.9932568492674143,-0.11593459959550041
CLCB092019,105.35,9.88,-0.07,2019-04-16,0.003866231,103.40922901619022,0.39,0.10333333333333318,0.4285714285714287,0.8660254037844387,-0.4999999999999998,0.9679377830240642,-0.25119006388481935
CLCB092019,105.35,9.88,-0.07,2019-05-16,0.1,103.40922901619022,0.53,0.3033333333333332,0.32857142857142874,0.49999999999999994,-0.8660254037844387,0.717676913675962,-0.6963762255968722
CLCB092019,105.35,9.88,-0.07,2019-06-06,0.028219872999999996,103.40922901619022,1.08,1.0666666666666667,0.7600000000000001,1.2246467991473532e-16,-1.0,0.42500033996955416,-0.9051931898913974
CLCB092019,105.35,9.88,-0.07,2019-06-19,0.1,103.40922901619022,1.15,1.0,0.6800000000000003,1.2246467991473532e-16,-1.0,0.21352091543979612,-0.9769384927771817
CLCB092020,105.38,9.79,0.19,2020-03-09,0.1,113.8519140842036,0.35000000000000003,0.04999999999999979,0.0385714285714287,1.0,6.123233995736766e-17,0.9275416835791966,0.37371971479046906
CLCB092020,105.38,9.79,0.19,2020-03-24,0.1,113.8519140842036,0.07,0.20999999999999977,0.052857142857142984,1.0,6.123233995736766e-17,0.9922222094179323,0.12447926388678915
CLCB092020,105.38,9.79,0.19,2020-04-29,0.17,113.8519140842036,0.28,0.6066666666666665,0.6642857142857145,0.8660254037844387,-0.4999999999999998,0.8800122039735357,-0.47495107206704995
CLCB092020,105.38,9.79,0.19,2020-05-11,0.17,113.8519140842036,0.7000000000000001,0.9066666666666664,0.4657142857142858,0.49999999999999994,-0.8660254037844387,0.7638886127905428,-0.6453481132295501
CLCB092020,105.38,9.79,0.19,2020-05-25,0.19,113.8519140842036,0.62,0.6833333333333331,0.2842857142857144,0.49999999999999994,-0.8660254037844387,0.5877852522924732,-0.8090169943749473
CLCB092020,105.38,9.79,0.43,2020-06-11,0.1,113.8519140842036,-0.13,0.6333333333333332,0.5385714285714287,1.2246467991473532e-16,-1.0,0.3294084822245304,-0.9441875088341993
CLCB092021,105.24,9.92,1.07,2021-01-17,0.1,97.5093543739143,1.73,1.5966666666666667,1.3342857142857145,0.49999999999999994,0.8660254037844387,0.288482432880609,0.9574851883550393
CLCB092021,105.24,9.92,1.87,2021-02-28,0.1,97.5093543739143,0.8200000000000001,0.4333333333333331,0.28285714285714303,0.8660254037844386,0.5000000000000001,0.8498170915275278,0.5270777086423722
CLCB092021,105.24,9.92,1.87,2021-03-15,0.13,97.5093543739143,1.24,0.7399999999999999,0.3342857142857145,1.0,6.123233995736766e-17,0.9562348265919056,0.29260033563334836
CLCB092021,105.24,9.92,1.87,2021-03-29,0.1,97.5093543739143,0.93,0.41333333333333316,0.08428571428571449,1.0,6.123233995736766e-17,0.9984354211555643,0.055916990100603484
CLCB092021,105.24,9.92,1.87,2021-04-14,0.1,97.5093543739143,1.11,0.8433333333333334,0.38285714285714306,0.8660254037844387,-0.4999999999999998,0.9760105506323683,-0.21772323039653177
CLCB092021,105.24,9.92,1.87,2021-04-28,0.1,97.5093543739143,0.89,0.18999999999999995,-0.06285714285714263,0.8660254037844387,-0.4999999999999998,0.895839290734909,-0.4443781781046132
CLCB092021,105.24,9.92,1.87,2021-05-14,0.1,97.5093543739143,0.93,1.0599999999999998,0.585714285714286,0.49999999999999994,-0.8660254037844387,0.7412220108485958,-0.6712599575675313
CLCB092022,105.24,9.92,0.17,2022-01-17,0.0,97.5093543739143,0.89,0.8166666666666665,0.7942857142857147,0.49999999999999994,0.8660254037844387,0.288482432880609,0.9574851883550393
CLCB092022,105.24,9.92,0.7,2022-02-28,0.2,97.5093543739143,0.41000000000000003,0.21999999999999997,0.5628571428571433,0.8660254037844386,0.5000000000000001,0.8498170915275278,0.5270777086423722
CLCB092022,105.24,9.92,0.7,2022-03-15,0.1,97.5093543739143,0.1,0.019999999999999924,0.20285714285714326,1.0,6.123233995736766e-17,0.9562348265919056,0.29260033563334836
CLCB092022,105.24,9.92,0.7,2022-03-29,0.1,97.5093543739143,0.02,-0.07000000000000008,0.31428571428571467,1.0,6.123233995736766e-17,0.9984354211555643,0.055916990100603484
CLCB092022,105.24,9.92,0.7,2022-04-14,0.1,97.5093543739143,0.12,0.1333333333333331,0.3128571428571432,0.8660254037844387,-0.4999999999999998,0.9760105506323683,-0.21772323039653177
CLCB092022,105.24,9.92,0.7,2022-04-28,0.1,97.5093543739143,0.1,-0.013333333333333558,0.25000000000000033,0.8660254037844387,-0.4999999999999998,0.895839290734909,-0.4443781781046132
CLCB092022,105.24,9.92,0.7,2022-05-14,0.0,97.5093543739143,0.28,0.23666666666666644,0.19428571428571462,0.49999999999999994,-0.8660254037844387,0.7412220108485958,-0.6712599575675313
CLCB102019,105.39,10.06,0.19,2019-03-04,0.1,84.86398448073845,0.87,0.653333333333333,0.38428571428571445,1.0,6.123233995736766e-17,0.8840675099433636,0.4673592171580022
CLCB102019,105.39,10.06,0.19,2019-03-20,0.057017873999999996,84.86398448073845,1.06,0.693333333333333,0.3771428571428573,1.0,6.123233995736766e-17,0.9778483415056568,0.20931464596304847
CLCB102019,105.39,10.06,0.19,2019-04-08,0.1,84.86398448073845,0.99,1.0299999999999998,0.8800000000000001,0.8660254037844387,-0.4999999999999998,0.9932568492674143,-0.11593459959550041
CLCB102019,105.39,10.06,0.19,2019-04-16,0.029123198,84.86398448073845,0.51,0.24333333333333318,0.342857142857143,0.8660254037844387,-0.4999999999999998,0.9679377830240642,-0.25119006388481935
CLCB102019,105.39,10.06,0.19,2019-05-16,0.1,84.86398448073845,0.7000000000000001,0.41999999999999976,0.29857142857142865,0.49999999999999994,-0.8660254037844387,0.717676913675962,-0.6963762255968722
CLCB102019,105.39,10.06,0.19,2019-06-06,0.033097827999999996,84.86398448073845,1.02,1.0933333333333333,0.8785714285714288,1.2246467991473532e-16,-1.0,0.42500033996955416,-0.9051931898913974
CLCB102019,105.39,10.06,0.19,2019-06-19,0.1,84.86398448073845,0.92,1.1033333333333333,0.8057142857142859,1.2246467991473532e-16,-1.0,0.21352091543979612,-0.9769384927771817
CLCB102020,105.11,9.86,0.43,2020-03-09,15.3,104.25696251819204,0.35000000000000003,0.04999999999999979,0.0385714285714287,1.0,6.123233995736766e-17,0.9275416835791966,0.37371971479046906
CLCB102020,105.11,9.86,0.43,2020-03-24,16.5,104.25696251819204,0.07,0.20999999999999977,0.052857142857142984,1.0,6.123233995736766e-17,0.9922222094179323,0.12447926388678915
CLCB102020,105.11,9.86,0.43,2020-04-29,2.0,104.25696251819204,0.28,0.6066666666666665,0.6642857142857145,0.8660254037844387,-0.4999999999999998,0.8800122039735357,-0.47495107206704995
CLCB102020,105.11,9.86,0.43,2020-05-11,19.7,104.25696251819204,0.7000000000000001,0.9066666666666664,0.4657142857142858,0.49999999999999994,-0.8660254037844387,0.7638886127905428,-0.6453481132295501
CLCB102020,105.11,9.86,0.43,2020-05-25,17.3,104.25696251819204,0.62,0.6833333333333331,0.2842857142857144,0.49999999999999994,-0.8660254037844387,0.5877852522924732,-0.8090169943749473
CLCB102020,105.11,9.86,0.43,2020-06-11,21.5,104.25696251819204,-0.13,0.6333333333333332,0.5385714285714287,1.2246467991473532e-16,-1.0,0.3294084822245304,-0.9441875088341993
CLCB102021,105.18,9.94,1.87,2021-01-17,0.15,95.07172520012172,1.55,1.7033333333333331,1.4414285714285717,0.49999999999999994,0.8660254037844387,0.288482432880609,0.9574851883550393
CLCB102021,105.18,9.94,1.87,2021-02-28,0.1,95.07172520012172,1.09,0.6099999999999999,0.3785714285714287,0.8660254037844386,0.5000000000000001,0.8498170915275278,0.5270777086423722
CLCB102021,105.18,9.94,1.56,2021-03-15,0.12,95.07172520012172,1.25,1.0,0.5185714285714288,1.0,6.123233995736766e-17,0.9562348265919056,0.29260033563334836
CLCB102021,105.18,9.94,1.56,2021-03-29,0.2,95.07172520012172,1.23,0.6433333333333332,0.24428571428571447,1.0,6.123233995736766e-17,0.9984354211555643,0.055916990100603484
CLCB102021,105.18,9.94,1.56,2021-04-14,0.1,95.07172520012172,1.01,1.04,0.5685714285714288,0.8660254037844387,-0.4999999999999998,0.9760105506323683,-0.21772323039653177
CLCB102021,105.18,9.94,1.56,2021-04-28,0.1,95.07172520012172,1.1,0.5133333333333332,0.10857142857142879,0.8660254037844387,-0.4999999999999998,0.895839290734909,-0.4443781781046132
CLCB102021,105.18,9.94,1.56,2021-05-14,0.1,95.07172520012172,0.8,1.0066666666666666,0.7142857142857145,0.49999999999999994,-0.8660254037844387,0.7412220108485958,-0.6712599575675313
CLCB102022,105.18,9.94,0.7,2022-01-17,0.1,95.07172520012172,1.01,0.87,0.7871428571428575,0.49999999999999994,0.8660254037844387,0.288482432880609,0.9574851883550393
CLCB102022,105.18,9.94,0.7,2022-02-28,0.1,95.07172520012172,0.61,0.27666666666666667,0.4414285714285718,0.8660254037844386,0.5000000000000001,0.8498170915275278,0.5270777086423722
CLCB102022,105.18,9.94,0.64,2022-03-15,0.1,95.07172520012172,0.24,0.0466666666666666,0.08714285714285752,1.0,6.123233995736766e-17,0.9562348265919056,0.29260033563334836
CLCB102022,105.18,9.94,0.64,2022-03-29,0.1,95.07172520012172,0.16,-0.02333333333333341,0.17714285714285752,1.0,6.123233995736766e-17,0.9984354211555643,0.055916990100603484
CLCB102022,105.18,9.94,0.64,2022-04-14,0.1,95.07172520012172,0.17,0.1133333333333331,0.20857142857142894,0.8660254037844387,-0.4999999999999998,0.9760105506323683,-0.21772323039653177
CLCB102022,105.18,9.94,0.64,2022-04-28,0.1,95.07172520012172,0.19,0.04333333333333311,0.1385714285714289,0.8660254037844387,-0.4999999999999998,0.895839290734909,-0.4443781781046132
CLCB102022,105.18,9.94,0.64,2022-05-14,0.1,95.07172520012172,0.44,0.23999999999999977,0.19857142857142887,0.49999999999999994,-0.8660254037844387,0.7412220108485958,-0.6712599575675313
CLCB112019,105.38,9.88,0.43,2019-03-04,2.8,104.04600935504189,0.79,0.4799999999999997,0.36000000000000015,1.0,6.123233995736766e-17,0.8840675099433636,0.4673592171580022
CLCB112019,105.38,9.88,0.43,2019-03-20,3.2,104.04600935504189,0.9,0.4799999999999997,0.29000000000000015,1.0,6.123233995736766e-17,0.9778483415056568,0.20931464596304847
CLCB112019,105.38,9.88,0.43,2019-04-08,11.2,104.04600935504189,1.04,1.0033333333333332,0.812857142857143,0.8660254037844387,-0.4999999999999998,0.9932568492674143,-0.11593459959550041
CLCB112019,105.38,9.88,0.43,2019-04-16,8.2,104.04600935504189,0.39,0.10333333333333318,0.4285714285714287,0.8660254037844387,-0.4999999999999998,0.9679377830240642,-0.25119006388481935
CLCB112019,105.38,9.88,0.43,2019-05-16,7.4,104.04600935504189,0.53,0.3033333333333332,0.32857142857142874,0.49999999999999994,-0.8660254037844387,0.717676913675962,-0.6963762255968722
CLCB112019,105.38,9.88,0.43,2019-06-06,12.2,104.04600935504189,1.08,1.0666666666666667,0.7600000000000001,1.2246467991473532e-16,-1.0,0.42500033996955416,-0.9051931898913974
CLCB112019,105.38,9.88,0.43,2019-06-19,7.3,104.04600935504189,1.15,1.0,0.6800000000000003,1.2246467991473532e-16,-1.0,0.21352091543979612,-0.9769384927771817
CLCB112020,105.12,9.87,0.88,2020-03-09,4.66,103.0715318537099,0.35000000000000003,0.04999999999999979,0.0385714285714287,1.0,6.123233995736766e-17,0.9275416835791966,0.37371971479046906
CLCB112020,105.12,9.87,0.88,2020-03-24,1.8,103.0715318537099,0.07,0.20999999999999977,0.052857142857142984,1.0,6.123233995736766e-17,0.9922222094179323,0.12447926388678915
CLCB112020,105.12,9.87,0.88,2020-04-29,15.4,103.0715318537099,0.28,0.6066666666666665,0.6642857142857145,0.8660254037844387,-0.4999999999999998,0.8800122039735357,-0.47495107206704995
CLCB112020,105.12,9.87,0.88,2020-05-11,3.91,103.0715318537099,0.7000000000000001,0.9066666666666664,0.4657142857142858,0.49999999999999994,-0.8660254037844387,0.7638886127905428,-0.6453481132295501
CLCB112020,105.12,9.87,0.88,2020-05-25,11.3,103.0715318537099,0.62,0.6833333333333331,0.2842857142857144,0.49999999999999994,-0.8660254037844387,0.5877852522924732,-0.8090169943749473
CLCB112020,105.12,9.87,0.88,2020-06-11,0.4,103.0715318537099,-0.13,0.6333333333333332,0.5385714285714287,1.2246467991473532e-16,-1.0,0.3294084822245304,-0.9441875088341993
CLCB112021,105.12,9.87,1.56,2021-01-17,9.89,103.0715318537099,1.73,1.5966666666666667,1.3342857142857145,0.49999999999999994,0.8660254037844387,0.288482432880609,0.9574851883550393
CLCB112021,105.12,9.87,1.56,2021-02-28,8.3,103.0715318537099,0.8200000000000001,0.4333333333333331,0.28285714285714303,0.8660254037844386,0.5000000000000001,0.8498170915275278,0.5270777086423722
CLCB112021,105.12,9.87,1.56,2021-03-15,14.2,103.0715318537099,1.24,0.7399999999999999,0.3342857142857145,1.0,6.123233995736766e-17,0.9562348265919056,0.29260033563334836
CLCB112021,105.12,9.87,1.0,2021-03-29,17.7,103.0715318537099,0.93,0.41333333333333316,0.08428571428571449,1.0,6.123233995736766e-17,0.9984354211555643,0.055916990100603484
CLCB112021,105.12,9.87,1.0,2021-04-14,7.3,103.0715318537099,1.11,0.8433333333333334,0.38285714285714306,0.8660254037844387,-0.4999999999999998,0.9760105506323683,-0.21772323039653177
CLCB112021,105.12,9.87,1.0,2021-04-28,3.0,103.0715318537099,0.89,0.18999999999999995,-0.06285714285714263,0.8660254037844387,-0.4999999999999998,0.895839290734909,-0.4443781781046132
CLCB112021,105.12,9.87,1.0,2021-05-14,0.7,103.0715318537099,0.93,1.0599999999999998,0.585714285714286,0.49999999999999994,-0.8660254037844387,0.7412220108485958,-0.6712599575675313
CLCB112022,105.12,9.87,0.64,2022-01-17,4.0,103.0715318537099,0.89,0.8166666666666665,0.7942857142857147,0.49999999999999994,0.8660254037844387,0.288482432880609,0.9574851883550393
CLCB112022,105.12,9.87,0.64,2022-02-28,2.7,103.0715318537099,0.41000000000000003,0.21999999999999997,0.5628571428571433,0.8660254037844386,0.5000000000000001,0.8498170915275278,0.5270777086423722
CLCB112022,105.12,9.87,0.06,2022-03-15,2.4,103.0715318537099,0.1,0.019999999999999924,0.20285714285714326,1.0,6.123233995736766e-17,0.9562348265919056,0.29260033563334836
CLCB112022,105.12,9.87,0.06,2022-03-29,2.1,103.0715318537099,0.02,-0.07000000000000008,0.31428571428571467,1.0,6.123233995736766e-17,0.9984354211555643,0.055916990100603484
CLCB112022,105.12,9.87,0.06,2022-04-14,1.2,103.0715318537099,0.12,0.1333333333333331,0.3128571428571432,0.8660254037844387,-0.4999999999999998,0.9760105506323683,-0.21772323039653177
CLCB112022,105.12,9.87,0.06,2022-04-28,1.2,103.0715318537099,0.1,-0.013333333333333558,0.25000000000000033,0.8660254037844387,-0.4999999999999998,0.895839290734909,-0.4443781781046132
CLCB112022,105.12,9.87,0.06,2022-05-14,0.9,103.0715318537099,0.28,0.23666666666666644,0.19428571428571462,0.49999999999999994,-0.8660254037844387,0.7412220108485958,-0.6712599575675313
CLCB122019,105.38,9.78,0.88,2019-03-04,29.5,114.94360439278746,0.79,0.4799999999999997,0.36000000000000015,1.0,6.123233995736766e-17,0.8840675099433636,0.4673592171580022
CLCB122019,105.38,9.78,0.88,2019-03-20,31.9,114.94360439278746,0.9,0.4799999999999997,0.29000000000000015,1.0,6.123233995736766e-17,0.9778483415056568,0.20931464596304847
CLCB122019,105.38,9.78,0.88,2019-04-08,21.8,114.94360439278746,1.04,1.0033333333333332,0.812857142857143,0.8660254037844387,-0.4999999999999998,0.9932568492674143,-0.11593459959550041
CLCB122019,105.38,9.78,0.88,2019-05-16,16.1,114.94360439278746,0.53,0.3033333333333332,0.32857142857142874,0.49999999999999994,-0.8660254037844387,0.717676913675962,-0.6963762255968722
CLCB122019,105.38,9.78,0.88,2019-06-06,17.2,114.94360439278746,1.08,1.0666666666666667,0.7600000000000001,1.2246467991473532e-16,-1.0,0.42500033996955416,-0.9051931898913974
CLCB122019,105.38,9.78,0.88,2019-06-19,12.3,114.94360439278746,1.15,1.0,0.6800000000000003,1.2246467991473532e-16,-1.0,0.21352091543979612,-0.9769384927771817
CLCB122019,105.38,9.78,0.88,2019-09-16,25.0,114.94360439278746,3.33,3.17,2.9285714285714293,-1.0,-1.8369701987210297e-16,-0.9679377830240642,-0.25119006388481957
CLCB122020,105.34,9.68,0.88,2020-03-09,2.14,125.19712214745832,0.35000000000000003,0.04999999999999979,0.0385714285714287,1.0,6.123233995736766e-17,0.9275416835791966,0.37371971479046906
CLCB122020,105.34,9.68,0.62,2020-03-24,3.3,125.19712214745832,0.07,0.20999999999999977,0.052857142857142984,1.0,6.123233995736766e-17,0.9922222094179323,0.12447926388678915
CLCB122020,105.34,9.68,0.62,2020-04-29,9.1,125.19712214745832,0.28,0.6066666666666665,0.6642857142857145,0.8660254037844387,-0.4999999999999998,0.8800122039735357,-0.47495107206704995
CLCB122020,105.34,9.68,0.62,2020-05-11,3.49,125.19712214745832,0.7000000000000001,0.9066666666666664,0.4657142857142858,0.49999999999999994,-0.8660254037844387,0.7638886127905428,-0.6453481132295501
CLCB122020,105.34,9.68,0.62,2020-05-25,5.12,125.19712214745832,0.62,0.6833333333333331,0.2842857142857144,0.49999999999999994,-0.8660254037844387,0.5877852522924732,-0.8090169943749473
CLCB122020,105.34,9.68,0.62,2020-06-11,1.2,125.19712214745832,-0.13,0.6333333333333332,0.5385714285714287,1.2246467991473532e-16,-1.0,0.3294084822245304,-0.9441875088341993
CLCB122021,105.34,9.68,1.0,2021-01-17,0.5,125.19712214745832,1.73,1.5966666666666667,1.3342857142857145,0.49999999999999994,0.8660254037844387,0.288482432880609,0.9574851883550393
CLCB122021,105.34,9.68,1.0,2021-02-28,14.9,125.19712214745832,0.8200000000000001,0.4333333333333331,0.28285714285714303,0.8660254037844386,0.5000000000000001,0.8498170915275278,0.5270777086423722
CLCB122021,105.34,9.68,1.0,2021-03-15,3.4,125.19712214745832,1.24,0.7399999999999999,0.3342857142857145,1.0,6.123233995736766e-17,0.9562348265919056,0.29260033563334836
CLCB122021,105.34,9.68,1.0,2021-03-29,4.0,125.19712214745832,0.93,0.41333333333333316,0.08428571428571449,1.0,6.123233995736766e-17,0.9984354211555643,0.055916990100603484
CLCB122021,105.34,9.68,0.73,2021-04-14,2.3,125.19712214745832,1.11,0.8433333333333334,0.38285714285714306,0.8660254037844387,-0.4999999999999998,0.9760105506323683,-0.21772323039653177
CLCB122021,105.34,9.68,0.73,2021-04-28,0.3,125.19712214745832,0.89,0.18999999999999995,-0.06285714285714263,0.8660254037844387,-0.4999999999999998,0.895839290734909,-0.4443781781046132
CLCB122021,105.34,9.68,0.73,2021-05-14,0.2,125.19712214745832,0.93,1.0599999999999998,0.585714285714286,0.49999999999999994,-0.8660254037844387,0.7412220108485958,-0.6712599575675313
CLCB122022,105.34,9.68,0.06,2022-01-17,0.8,125.19712214745832,0.89,0.8166666666666665,0.7942857142857147,0.49999999999999994,0.8660254037844387,0.288482432880609,0.9574851883550393
CLCB122022,105.34,9.68,0.06,2022-02-28,0.4,125.19712214745832,0.41000000000000003,0.21999999999999997,0.5628571428571433,0.8660254037844386,0.5000000000000001,0.8498170915275278,0.5270777086423722
CLCB122022,105.34,9.68,0.52,2022-03-15,0.5,125.19712214745832,0.1,0.019999999999999924,0.20285714285714326,1.0,6.123233995736766e-17,0.9562348265919056,0.29260033563334836
CLCB122022,105.34,9.68,0.52,2022-03-29,0.2,125.19712214745832,0.02,-0.07000000000000008,0.31428571428571467,1.0,6.123233995736766e-17,0.9984354211555643,0.055916990100603484
CLCB122022,105.34,9.68,0.52,2022-04-14,0.2,125.19712214745832,0.12,0.1333333333333331,0.3128571428571432,0.8660254037844387,-0.4999999999999998,0.9760105506323683,-0.21772323039653177
CLCB122022,105.34,9.68,0.52,2022-04-28,0.2,125.19712214745832,0.1,-0.013333333333333558,0.25000000000000033,0.8660254037844387,-0.4999999999999998,0.895839290734909,-0.4443781781046132
CLCB122022,105.34,9.68,0.52,2022-05-14,0.1,125.19712214745832,0.28,0.23666666666666644,0.19428571428571462,0.49999999999999994,-0.8660254037844387,0.7412220108485958,-0.6712599575675313
CLCB132019,105.17,9.53,0.62,2019-03-04,21.5,140.6667343431181,0.68,0.2999999999999997,0.3857142857142858,1.0,6.123233995736766e-17,0.8840675099433636,0.4673592171580022
CLCB132019,105.17,9.53,0.62,2019-03-20,2.6,140.6667343431181,0.72,0.2899999999999997,0.24142857142857158,1.0,6.123233995736766e-17,0.9778483415056568,0.20931464596304847
CLCB132019,105.17,9.53,0.62,2019-04-08,18.2,140.6667343431181,1.05,0.9099999999999998,0.7257142857142859,0.8660254037844387,-0.4999999999999998,0.9932568492674143,-0.11593459959550041
CLCB132019,105.17,9.53,0.62,2019-04-16,2.7,140.6667343431181,0.24,0.1333333333333332,0.542857142857143,0.8660254037844387,-0.4999999999999998,0.9679377830240642,-0.25119006388481935
CLCB132019,105.17,9.53,0.62,2019-05-16,17.0,140.6667343431181,0.44,0.19999999999999982,0.38000000000000017,0.49999999999999994,-0.8660254037844387,0.717676913675962,-0.6963762255968722
CLCB132019,105.17,9.53,0.62,2019-06-06,16.3,140.6667343431181,1.08,0.98,0.6300000000000001,1.2246467991473532e-16,-1.0,0.42500033996955416,-0.9051931898913974
CLCB132019,105.17,9.53,0.62,2019-06-19,13.8,140.6667343431181,1.12,0.8366666666666666,0.5571428571428573,1.2246467991473532e-16,-1.0,0.21352091543979612,-0.9769384927771817
CLCB132020,105.18,9.94,0.62,2020-03-09,0.1,95.07172520012172,0.61,0.17333333333333312,0.03428571428571442,1.0,6.123233995736766e-17,0.9275416835791966,0.37371971479046906
CLCB132020,105.18,9.94,0.62,2020-03-24,0.4,95.07172520012172,0.86,0.19999999999999982,0.0942857142857144,1.0,6.123233995736766e-17,0.9922222094179323,0.12447926388678915
CLCB132020,105.18,9.94,0.08,2020-04-29,0.37,95.07172520012172,0.09,0.4599999999999997,0.6314285714285716,0.8660254037844387,-0.4999999999999998,0.8800122039735357,-0.47495107206704995
CLCB132020,105.18,9.94,0.08,2020-05-11,0.29,95.07172520012172,0.35000000000000003,0.8333333333333331,0.5642857142857144,0.49999999999999994,-0.8660254037844387,0.7638886127905428,-0.6453481132295501
CLCB132020,105.18,9.94,0.08,2020-05-25,0.35,95.07172520012172,0.42,0.6766666666666664,0.40857142857142875,0.49999999999999994,-0.8660254037844387,0.5877852522924732,-0.8090169943749473
CLCB132020,105.18,9.94,0.08,2020-06-11,0.26,95.07172520012172,-0.47000000000000003,0.3066666666666665,0.5300000000000001,1.2246467991473532e-16,-1.0,0.3294084822245304,-0.9441875088341993
CLCB132021,105.24,9.69,0.73,2021-01-17,2.9,123.03987813130983,1.73,1.5966666666666667,1.3342857142857145,0.49999999999999994,0.8660254037844387,0.288482432880609,0.9574851883550393
CLCB132022,105.15,9.85,0.52,2022-01-17,7.3,105.13391349127738,0.89,0.8166666666666665,0.7942857142857147,0.49999999999999994,0.8660254037844387,0.288482432880609,0.9574851883550393
CLCB132022,105.15,9.85,0.52,2022-02-28,7.5,105.13391349127738,0.41000000000000003,0.21999999999999997,0.5628571428571433,0.8660254037844386,0.5000000000000001,0.8498170915275278,0.5270777086423722
CLCB132022,105.15,9.85,1.62,2022-03-15,7.5,105.13391349127738,0.1,0.019999999999999924,0.20285714285714326,1.0,6.123233995736766e-17,0.9562348265919056,0.29260033563334836
CLCB132022,105.15,9.85,1.62,2022-03-29,3.2,105.13391349127738,0.02,-0.07000000000000008,0.31428571428571467,1.0,6.123233995736766e-17,0.9984354211555643,0.055916990100603484
CLCB132022,105.15,9.85,1.62,2022-04-14,4.9,105.13391349127738,0.12,0.1333333333333331,0.3128571428571432,0.8660254037844387,-0.4999999999999998,0.9760105506323683,-0.21772323039653177
CLCB132022,105.15,9.85,1.62,2022-04-28,4.1,105.13391349127738,0.1,-0.013333333333333558,0.25000000000000033,0.8660254037844387,-0.4999999999999998,0.895839290734909,-0.4443781781046132
CLCB132022,105.15,9.85,1.62,2022-05-14,2.8,105.13391349127738,0.28,0.23666666666666644,0.19428571428571462,0.49999999999999994,-0.8660254037844387,0.7412220108485958,-0.6712599575675313
CLCB142019,105.24,9.73,0.08,2019-03-04,1.0,118.59841563801736,0.79,0.4799999999999997,0.36000000000000015,1.0,6.123233995736766e-17,0.8840675099433636,0.4673592171580022
CLCB142019,105.24,9.73,0.08,2019-03-20,14.9,118.59841563801736,0.9,0.4799999999999997,0.29000000000000015,1.0,6.123233995736766e-17,0.9778483415056568,0.20931464596304847
CLCB142019,105.24,9.73,0.08,2019-04-08,5.4,118.59841563801736,1.04,1.0033333333333332,0.812857142857143,0.8660254037844387,-0.4999999999999998,0.9932568492674143,-0.11593459959550041
CLCB142019,105.24,9.73,0.08,2019-04-16,8.9,118.59841563801736,0.39,0.10333333333333318,0.4285714285714287,0.8660254037844387,-0.4999999999999998,0.9679377830240642,-0.25119006388481935
CLCB142019,105.24,9.73,0.08,2019-05-16,0.4,118.59841563801736,0.53,0.3033333333333332,0.32857142857142874,0.49999999999999994,-0.8660254037844387,0.717676913675962,-0.6963762255968722
CLCB142019,105.24,9.73,0.08,2019-06-06,1.0,118.59841563801736,1.08,1.0666666666666667,0.7600000000000001,1.2246467991473532e-16,-1.0,0.42500033996955416,-0.9051931898913974
CLCB142019,105.24,9.73,0.08,2019-06-19,0.1,118.59841563801736,1.15,1.0,0.6800000000000003,1.2246467991473532e-16,-1.0,0.21352091543979612,-0.9769384927771817
CLCB142020,105.18,9.89,0.08,2020-03-09,0.2,100.63146806549634,0.35000000000000003,0.04999999999999979,0.0385714285714287,1.0,6.123233995736766e-17,0.9275416835791966,0.37371971479046906
CLCB142020,105.18,9.89,0.08,2020-03-24,0.2,100.63146806549634,0.07,0.20999999999999977,0.052857142857142984,1.0,6.123233995736766e-17,0.9922222094179323,0.12447926388678915
CLCB142020,105.18,9.89,0.08,2020-04-29,0.5,100.63146806549634,0.28,0.6066666666666665,0.6642857142857145,0.8660254037844387,-0.4999999999999998,0.8800122039735357,-0.47495107206704995
CLCB142020,105.18,9.89,0.47,2020-05-11,0.4,100.63146806549634,0.7000000000000001,0.9066666666666664,0.4657142857142858,0.49999999999999994,-0.8660254037844387,0.7638886127905428,-0.6453481132295501
CLCB142020,105.18,9.89,0.47,2020-05-25,0.28,100.63146806549634,0.62,0.6833333333333331,0.2842857142857144,0.49999999999999994,-0.8660254037844387,0.5877852522924732,-0.8090169943749473
CLCB142020,105.18,9.89,0.47,2020-06-11,0.18,100.63146806549634,-0.13,0.6333333333333332,0.5385714285714287,1.2246467991473532e-16,-1.0,0.3294084822245304,-0.9441875088341993
CLCB142021,105.11,9.86,0.73,2021-01-17,15.6,104.25696251819204,1.73,1.5966666666666667,1.3342857142857145,0.49999999999999994,0.8660254037844387,0.288482432880609,0.9574851883550393
CLCB142022,105.24,9.69,1.62,2022-01-17,7.5,123.03987813130983,0.89,0.8166666666666665,0.7942857142857147,0.49999999999999994,0.8660254037844387,0.288482432880609,0.9574851883550393
CLCB152019,105.54,9.67,0.47,2019-03-04,0.05094753,131.11737250181392,0.79,0.4799999999999997,0.36000000000000015,1.0,6.123233995736766e-17,0.8840675099433636,0.4673592171580022
CLCB152019,105.54,9.67,0.47,2019-03-20,0.04363059749999999,131.11737250181392,0.9,0.4799999999999997,0.29000000000000015,1.0,6.123233995736766e-17,0.9778483415056568,0.20931464596304847
CLCB152019,105.54,9.67,0.47,2019-04-08,0.1,131.11737250181392,1.04,1.0033333333333332,0.812857142857143,0.8660254037844387,-0.4999999999999998,0.9932568492674143,-0.11593459959550041
CLCB152019,105.54,9.67,0.47,2019-04-16,0.1,131.11737250181392,0.39,0.10333333333333318,0.4285714285714287,0.8660254037844387,-0.4999999999999998,0.9679377830240642,-0.25119006388481935
CLCB152019,105.54,9.67,0.47,2019-05-16,0.1,131.11737250181392,0.53,0.3033333333333332,0.32857142857142874,0.49999999999999994,-0.8660254037844387,0.717676913675962,-0.6963762255968722
CLCB152019,105.54,9.67,0.47,2019-06-06,0.1,131.11737250181392,1.08,1.0666666666666667,0.7600000000000001,1.2246467991473532e-16,-1.0,0.42500033996955416,-0.9051931898913974
CLCB152019,105.54,9.67,0.47,2019-06-19,0.1,131.11737250181392,1.15,1.0,0.6800000000000003,1.2246467991473532e-16,-1.0,0.21352091543979612,-0.9769384927771817
CLCB152020,105.24,9.92,0.47,2020-03-09,0.1,97.5093543739143,0.35000000000000003,0.04999999999999979,0.0385714285714287,1.0,6.123233995736766e-17,0.9275416835791966,0.37371971479046906
CLCB152020,105.24,9.92,0.47,2020-03-24,0.2,97.5093543739143,0.07,0.20999999999999977,0.052857142857142984,1.0,6.123233995736766e-17,0.9922222094179323,0.12447926388678915
CLCB152020,105.24,9.92,0.47,2020-04-29,0.19,97.5093543739143,0.28,0.6066666666666665,0.6642857142857145,0.8660254037844387,-0.4999999999999998,0.8800122039735357,-0.47495107206704995
CLCB152020,105.24,9.92,0.47,2020-05-11,0.18,97.5093543739143,0.7000000000000001,0.9066666666666664,0.4657142857142858,0.49999999999999994,-0.8660254037844387,0.7638886127905428,-0.6453481132295501
CLCB152020,105.24,9.92,0.14,2020-05-25,0.19,97.5093543739143,0.62,0.6833333333333331,0.2842857142857144,0.49999999999999994,-0.8660254037844387,0.5877852522924732,-0.8090169943749473
CLCB152020,105.24,9.92,0.14,2020-06-11,0.19,97.5093543739143,-0.13,0.6333333333333332,0.5385714285714287,1.2246467991473532e-16,-1.0,0.3294084822245304,-0.9441875088341993
CLCB152021,105.0,9.76,0.73,2021-01-17,5.16,116.7780849233029,1.73,1.5966666666666667,1.3342857142857145,0.49999999999999994,0.8660254037844387,0.288482432880609,0.9574851883550393
CLCB152022,105.11,9.86,1.62,2022-01-17,9.0,104.25696251819204,0.89,0.8166666666666665,0.7942857142857147,0.49999999999999994,0.8660254037844387,0.288482432880609,0.9574851883550393
CLCB162021,105.21,9.85,0.73,2021-01-17,0.11,105.12708368631353,1.73,1.5966666666666667,1.3342857142857145,0.49999999999999994,0.8660254037844387,0.288482432880609,0.9574851883550393
CLCB162022,105.0,9.76,0.95,2022-01-17,19.8,116.7780849233029,0.89,0.8166666666666665,0.7942857142857147,0.49999999999999994,0.8660254037844387,0.288482432880609,0.9574851883550393
CLCB172022,105.21,9.85,0.95,2022-01-17,0.1,105.12708368631353,0.89,0.8166666666666665,0.7942857142857147,0.49999999999999994,0.8660254037844387,0.288482432880609,0.9574851883550393
DAUTI012019,106.32,11.32,0.77,2019-03-04,0.0149048625,137.325187691095,0.68,0.2999999999999997,0.3857142857142858,1.0,6.123233995736766e-17,0.8840675099433636,0.4673592171580022
DAUTI012019,106.32,11.32,0.77,2019-03-20,0.022257928,137.325187691095,0.72,0.2899999999999997,0.24142857142857158,1.0,6.123233995736766e-17,0.9778483415056568,0.20931464596304847
DAUTI012019,106.32,11.32,0.77,2019-04-03,0.027316547999999996,137.325187691095,0.66,0.4766666666666665,0.44142857142857156,0.8660254037844387,-0.4999999999999998,0.9995462806873573,-0.030120304846908114
DAUTI012019,106.32,11.32,0.77,2019-04-16,0.003830098,137.325187691095,0.24,0.1333333333333332,0.542857142857143,0.8660254037844387,-0.4999999999999998,0.9679377830240642,-0.25119006388481935
DAUTI012019,106.32,11.32,0.77,2019-05-06,4.5,137.325187691095,0.93,0.6233333333333332,0.4585714285714287,0.49999999999999994,-0.8660254037844387,0.8263541987239096,-0.5631507242749186
DAUTI012019,106.32,11.32,0.77,2019-05-16,0.027569478999999997,137.325187691095,0.44,0.19999999999999982,0.38000000000000017,0.49999999999999994,-0.8660254037844387,0.717676913675962,-0.6963762255968722
DAUTI012019,106.32,11.32,0.77,2019-06-01,0.0022221795,137.325187691095,0.42,0.19666666666666655,0.21571428571428583,1.2246467991473532e-16,-1.0,0.5012418134457758,-0.865307254363206
DAUTI012019,106.32,11.32,0.77,2019-06-15,0.027533346,137.325187691095,0.46,0.30999999999999983,0.522857142857143,1.2246467991473532e-16,-1.0,0.28023067519921585,-0.9599326896597447
DAUTI022019,106.25,11.37,0.77,2019-03-04,0.0027461079999999997,133.02325802122627,0.79,0.4799999999999997,0.36000000000000015,1.0,6.123233995736766e-17,0.8840675099433636,0.4673592171580022
DAUTI022019,106.25,11.37,0.77,2019-03-20,0.0274791465,133.02325802122627,0.9,0.4799999999999997,0.29000000000000015,1.0,6.123233995736766e-17,0.9778483415056568,0.20931464596304847
DAUTI022019,106.25,11.37,0.77,2019-04-03,0.003830098,133.02325802122627,0.68,0.5566666666666665,0.43142857142857155,0.8660254037844387,-0.4999999999999998,0.9995462806873573,-0.030120304846908114
DAUTI022019,106.25,11.37,0.51,2019-04-16,0.040884489499999996,133.02325802122627,0.39,0.10333333333333318,0.4285714285714287,0.8660254037844387,-0.4999999999999998,0.9679377830240642,-0.25119006388481935
DAUTI022019,106.25,11.37,0.51,2019-05-06,5.15,133.02325802122627,0.9500000000000001,0.7733333333333331,0.5557142857142858,0.49999999999999994,-0.8660254037844387,0.8263541987239096,-0.5631507242749186
DAUTI022019,106.25,11.37,0.51,2019-05-16,0.024534306999999998,133.02325802122627,0.53,0.3033333333333332,0.32857142857142874,0.49999999999999994,-0.8660254037844387,0.717676913675962,-0.6963762255968722
DAUTI022019,106.25,11.37,0.51,2019-06-01,0.0220953295,133.02325802122627,0.63,0.27999999999999986,0.20857142857142869,1.2246467991473532e-16,-1.0,0.5012418134457758,-0.865307254363206
DAUTI022019,106.25,11.37,0.51,2019-06-15,0.002276379,133.02325802122627,0.63,0.3766666666666665,0.442857142857143,1.2246467991473532e-16,-1.0,0.28023067519921585,-0.9599326896597447
DAUTI032019,106.2,11.44,0.51,2019-03-04,0.0112192965,132.30639311684752,0.79,0.4799999999999997,0.36000000000000015,1.0,6.123233995736766e-17,0.8840675099433636,0.4673592171580022
DAUTI032019,106.2,11.44,0.51,2019-03-20,0.016765712,132.30639311684752,0.9,0.4799999999999997,0.29000000000000015,1.0,6.123233995736766e-17,0.9778483415056568,0.20931464596304847
DAUTI032019,106.2,11.44,0.51,2019-04-03,0.0220591965,132.30639311684752,0.68,0.5566666666666665,0.43142857142857155,0.8660254037844387,-0.4999999999999998,0.9995462806873573,-0.030120304846908114
DAUTI032019,106.2,11.44,0.51,2019-04-16,0.026250624499999996,132.30639311684752,0.39,0.10333333333333318,0.4285714285714287,0.8660254037844387,-0.4999999999999998,0.9679377830240642,-0.25119006388481935
DAUTI032019,106.2,11.44,0.51,2019-05-06,4.5,132.30639311684752,0.9500000000000001,0.7733333333333331,0.5557142857142858,0.49999999999999994,-0.8660254037844387,0.8263541987239096,-0.5631507242749186
DAUTI032019,106.2,11.44,0.51,2019-05-16,0.039963098,132.30639311684752,0.53,0.3033333333333332,0.32857142857142874,0.49999999999999994,-0.8660254037844387,0.717676913675962,-0.6963762255968722
DAUTI032019,106.2,11.44,0.51,2019-06-01,0.0147241975,132.30639311684752,0.63,0.27999999999999986,0.20857142857142869,1.2246467991473532e-16,-1.0,0.5012418134457758,-0.865307254363206
DAUTI032019,106.2,11.44,0.51,2019-06-15,0.017072842499999998,132.30639311684752,0.63,0.3766666666666665,0.442857142857143,1.2246467991473532e-16,-1.0,0.28023067519921585,-0.9599326896597447
DAUTI042019,106.62,10.99,0.51,2019-03-04,0.002384778,158.6154914671189,0.68,0.2999999999999997,0.3857142857142858,1.0,6.123233995736766e-17,0.8840675099433636,0.4673592171580022
DAUTI042019,106.62,10.99,0.51,2019-03-20,0.020686142499999997,158.6154914671189,0.72,0.2899999999999997,0.24142857142857158,1.0,6.123233995736766e-17,0.9778483415056568,0.20931464596304847
DAUTI042019,106.62,10.99,0.51,2019-04-03,0.003830098,158.6154914671189,0.66,0.4766666666666665,0.44142857142857156,0.8660254037844387,-0.4999999999999998,0.9995462806873573,-0.030120304846908114
DAUTI042019,106.62,10.99,0.82,2019-04-16,0.0047514895,158.6154914671189,0.24,0.1333333333333332,0.542857142857143,0.8660254037844387,-0.4999999999999998,0.9679377830240642,-0.25119006388481935
DAUTI042019,106.62,10.99,0.02,2019-05-06,4.15,158.6154914671189,0.93,0.6233333333333332,0.4585714285714287,0.49999999999999994,-0.8660254037844387,0.8263541987239096,-0.5631507242749186
DAUTI042019,106.62,10.99,0.02,2019-05-16,0.029773591999999998,158.6154914671189,0.44,0.19999999999999982,0.38000000000000017,0.49999999999999994,-0.8660254037844387,0.717676913675962,-0.6963762255968722
DAUTI042019,106.62,10.99,0.02,2019-06-01,0.045455314,158.6154914671189,0.42,0.19666666666666655,0.21571428571428583,1.2246467991473532e-16,-1.0,0.5012418134457758,-0.865307254363206
DAUTI042019,106.62,10.99,0.02,2019-06-15,0.029339995999999997,158.6154914671189,0.46,0.30999999999999983,0.522857142857143,1.2246467991473532e-16,-1.0,0.28023067519921585,-0.9599326896597447
DAUTI052019,106.62,10.99,0.02,2019-03-04,0.02746108,158.6154914671189,0.68,0.2999999999999997,0.3857142857142858,1.0,6.123233995736766e-17,0.8840675099433636,0.4673592171580022
DAUTI052019,106.62,10.99,0.02,2019-03-20,0.003866231,158.6154914671189,0.72,0.2899999999999997,0.24142857142857158,1.0,6.123233995736766e-17,0.9778483415056568,0.20931464596304847
DAUTI052019,106.62,10.99,0.02,2019-04-03,0.045906976499999995,158.6154914671189,0.66,0.4766666666666665,0.44142857142857156,0.8660254037844387,-0.4999999999999998,0.9995462806873573,-0.030120304846908114
DAUTI052019,106.62,10.99,0.4,2019-04-16,0.033260426499999995,158.6154914671189,0.24,0.1333333333333332,0.542857142857143,0.8660254037844387,-0.4999999999999998,0.9679377830240642,-0.25119006388481935
DAUTI052019,106.62,10.99,0.4,2019-05-06,3.5,158.6154914671189,0.93,0.6233333333333332,0.4585714285714287,0.49999999999999994,-0.8660254037844387,0.8263541987239096,-0.5631507242749186
DAUTI052019,106.62,10.99,0.4,2019-05-16,0.0038842975,158.6154914671189,0.44,0.19999999999999982,0.38000000000000017,0.49999999999999994,-0.8660254037844387,0.717676913675962,-0.6963762255968722
DAUTI052019,106.62,10.99,0.4,2019-06-01,0.0347057465,158.6154914671189,0.42,0.19666666666666655,0.21571428571428583,1.2246467991473532e-16,-1.0,0.5012418134457758,-0.865307254363206
DAUTI052019,106.62,10.99,0.4,2019-06-15,0.0022221795,158.6154914671189,0.46,0.30999999999999983,0.522857142857143,1.2246467991473532e-16,-1.0,0.28023067519921585,-0.9599326896597447
DAUTI062019,106.65,10.1,0.4,2019-03-04,0.2,178.25887332266672,0.49,0.16666666666666638,0.4642857142857144,1.0,6.123233995736766e-17,0.8840675099433636,0.4673592171580022
DAUTI062019,106.65,10.1,0.4,2019-03-20,0.3,178.25887332266672,0.46,0.1599999999999997,0.2714285714285715,1.0,6.123233995736766e-17,0.9778483415056568,0.20931464596304847
DAUTI062019,106.65,10.1,0.17,2019-04-03,0.3,178.25887332266672,0.5700000000000001,0.37999999999999984,0.5014285714285716,0.8660254037844387,-0.4999999999999998,0.9995462806873573,-0.030120304846908114
DAUTI062019,106.65,10.1,0.17,2019-04-16,0.2,178.25887332266672,0.1,0.28999999999999987,0.6785714285714287,0.8660254037844387,-0.4999999999999998,0.9679377830240642,-0.25119006388481935
DAUTI062019,106.65,10.1,0.17,2019-05-06,5.1,178.25887332266672,0.77,0.5066666666666665,0.38142857142857156,0.49999999999999994,-0.8660254037844387,0.8263541987239096,-0.5631507242749186
DAUTI062019,106.65,10.1,0.17,2019-05-16,0.1,178.25887332266672,0.29,0.09333333333333316,0.46714285714285725,0.49999999999999994,-0.8660254037844387,0.717676913675962,-0.6963762255968722
DAUTI062019,106.65,10.1,0.17,2019-06-01,0.003866231,178.25887332266672,0.25,0.15333333333333318,0.28142857142857153,1.2246467991473532e-16,-1.0,0.5012418134457758,-0.865307254363206
DAUTI062019,106.65,10.1,0.17,2019-06-15,0.0220591965,178.25887332266672,0.4,0.2833333333333332,0.6200000000000001,1.2246467991473532e-16,-1.0,0.28023067519921585,-0.9599326896597447
DAUTI072019,106.65,10.1,0.17,2019-03-04,0.047876224999999994,178.25887332266672,0.49,0.16666666666666638,0.4642857142857144,1.0,6.123233995736766e-17,0.8840675099433636,0.4673592171580022
DAUTI072019,106.65,10.1,0.46,2019-03-20,0.3,178.25887332266672,0.46,0.1599999999999997,0.2714285714285715,1.0,6.123233995736766e-17,0.9778483415056568,0.20931464596304847
DAUTI072019,106.65,10.1,0.46,2019-04-03,0.3,178.25887332266672,0.5700000000000001,0.37999999999999984,0.5014285714285716,0.8660254037844387,-0.4999999999999998,0.9995462806873573,-0.030120304846908114
DAUTI072019,106.65,10.1,0.46,2019-04-16,0.2,178.25887332266672,0.1,0.28999999999999987,0.6785714285714287,0.8660254037844387,-0.4999999999999998,0.9679377830240642,-0.25119006388481935
DAUTI072019,106.65,10.1,0.46,2019-05-06,4.5,178.25887332266672,0.77,0.5066666666666665,0.38142857142857156,0.49999999999999994,-0.8660254037844387,0.8263541987239096,-0.5631507242749186
DAUTI072019,106.65,10.1,0.46,2019-05-16,0.1,178.25887332266672,0.29,0.09333333333333316,0.46714285714285725,0.49999999999999994,-0.8660254037844387,0.717676913675962,-0.6963762255968722
DAUTI072019,106.65,10.1,0.46,2019-06-01,0.0418600805,178.25887332266672,0.25,0.15333333333333318,0.28142857142857153,1.2246467991473532e-16,-1.0,0.5012418134457758,-0.865307254363206
DAUTI072019,106.65,10.1,0.46,2019-06-15,0.0292857965,178.25887332266672,0.4,0.2833333333333332,0.6200000000000001,1.2246467991473532e-16,-1.0,0.28023067519921585,-0.9599326896597447
DAUTI082019,106.69,10.89,0.39,2019-03-04,1.3,165.13572313384446,0.68,0.2999999999999997,0.3857142857142858,1.0,6.123233995736766e-17,0.8840675099433636,0.4673592171580022
DAUTI082019,106.69,10.89,0.39,2019-03-20,1.6,165.13572313384446,0.72,0.2899999999999997,0.24142857142857158,1.0,6.123233995736766e-17,0.9778483415056568,0.20931464596304847
DAUTI082019,106.69,10.89,0.39,2019-04-03,1.6,165.13572313384446,0.66,0.4766666666666665,0.44142857142857156,0.8660254037844387,-0.4999999999999998,0.9995462806873573,-0.030120304846908114
DAUTI082019,106.69,10.89,0.39,2019-04-16,0.6,165.13572313384446,0.24,0.1333333333333332,0.542857142857143,0.8660254037844387,-0.4999999999999998,0.9679377830240642,-0.25119006388481935
DAUTI082019,106.69,10.89,0.39,2019-05-06,4.0,165.13572313384446,0.93,0.6233333333333332,0.4585714285714287,0.49999999999999994,-0.8660254037844387,0.8263541987239096,-0.5631507242749186
DAUTI082019,106.69,10.89,0.39,2019-05-16,0.2,165.13572313384446,0.44,0.19999999999999982,0.38000000000000017,0.49999999999999994,-0.8660254037844387,0.717676913675962,-0.6963762255968722
DAUTI082019,106.69,10.89,0.39,2019-06-01,0.2,165.13572313384446,0.42,0.19666666666666655,0.21571428571428583,1.2246467991473532e-16,-1.0,0.5012418134457758,-0.865307254363206
DAUTI082019,106.69,10.89,0.27,2019-06-15,0.1,165.13572313384446,0.46,0.30999999999999983,0.522857142857143,1.2246467991473532e-16,-1.0,0.28023067519921585,-0.9599326896597447
DAUTI092019,106.69,10.89,0.27,2019-03-04,1.1,165.13572313384446,0.68,0.2999999999999997,0.3857142857142858,1.0,6.123233995736766e-17,0.8840675099433636,0.4673592171580022
DAUTI092019,106.69,10.89,0.27,2019-03-20,0.9,165.13572313384446,0.72,0.2899999999999997,0.24142857142857158,1.0,6.123233995736766e-17,0.9778483415056568,0.20931464596304847
DAUTI092019,106.69,10.89,0.27,2019-04-03,0.9,165.13572313384446,0.66,0.4766666666666665,0.44142857142857156,0.8660254037844387,-0.4999999999999998,0.9995462806873573,-0.030120304846908114
DAUTI092019,106.69,10.89,0.27,2019-04-16,0.7,165.13572313384446,0.24,0.1333333333333332,0.542857142857143,0.8660254037844387,-0.4999999999999998,0.9679377830240642,-0.25119006388481935
DAUTI092019,106.69,10.89,0.27,2019-05-06,4.25,165.13572313384446,0.93,0.6233333333333332,0.4585714285714287,0.49999999999999994,-0.8660254037844387,0.8263541987239096,-0.5631507242749186
DAUTI092019,106.69,10.89,0.27,2019-05-16,0.2,165.13572313384446,0.44,0.19999999999999982,0.38000000000000017,0.49999999999999994,-0.8660254037844387,0.717676913675962,-0.6963762255968722
DAUTI092019,106.69,10.89,0.49,2019-06-01,0.2,165.13572313384446,0.42,0.19666666666666655,0.21571428571428583,1.2246467991473532e-16,-1.0,0.5012418134457758,-0.865307254363206
DAUTI092019,106.69,10.89,0.49,2019-06-15,0.1,165.13572313384446,0.46,0.30999999999999983,0.522857142857143,1.2246467991473532e-16,-1.0,0.28023067519921585,-0.9599326896597447
DAUTI102019,106.26,11.08,0.49,2019-03-04,0.0256724965,121.98792582392113,0.79,0.4799999999999997,0.36000000000000015,1.0,6.123233995736766e-17,0.8840675099433636,0.4673592171580022
DAUTI102019,106.26,11.08,0.49,2019-03-20,0.0264312895,121.98792582392113,0.9,0.4799999999999997,0.29000000000000015,1.0,6.123233995736766e-17,0.9778483415056568,0.20931464596304847
DAUTI102019,106.26,11.08,0.49,2019-04-03,0.051399192499999996,121.98792582392113,0.68,0.5566666666666665,0.43142857142857155,0.8660254037844387,-0.4999999999999998,0.9995462806873573,-0.030120304846908114
DAUTI102019,106.26,11.08,0.49,2019-04-16,0.027587545499999998,121.98792582392113,0.39,0.10333333333333318,0.4285714285714287,0.8660254037844387,-0.4999999999999998,0.9679377830240642,-0.25119006388481935
DAUTI102019,106.26,11.08,0.49,2019-05-06,5.5,121.98792582392113,0.9500000000000001,0.7733333333333331,0.5557142857142858,0.49999999999999994,-0.8660254037844387,0.8263541987239096,-0.5631507242749186
DAUTI102019,106.26,11.08,0.41,2019-05-16,0.027677878,121.98792582392113,0.53,0.3033333333333332,0.32857142857142874,0.49999999999999994,-0.8660254037844387,0.717676913675962,-0.6963762255968722
DAUTI102019,106.26,11.08,0.41,2019-06-01,0.029339995999999997,121.98792582392113,0.63,0.27999999999999986,0.20857142857142869,1.2246467991473532e-16,-1.0,0.5012418134457758,-0.865307254363206
DAUTI102019,106.26,11.08,0.41,2019-06-15,0.0292857965,121.98792582392113,0.63,0.3766666666666665,0.442857142857143,1.2246467991473532e-16,-1.0,0.28023067519921585,-0.9599326896597447
DAUTI112019,106.26,11.08,0.41,2019-03-04,0.002384778,121.98792582392113,0.79,0.4799999999999997,0.36000000000000015,1.0,6.123233995736766e-17,0.8840675099433636,0.4673592171580022
DAUTI112019,106.26,11.08,0.41,2019-03-20,0.028219872999999996,121.98792582392113,0.9,0.4799999999999997,0.29000000000000015,1.0,6.123233995736766e-17,0.9778483415056568,0.20931464596304847
DAUTI112019,106.26,11.08,0.41,2019-04-03,0.004769556,121.98792582392113,0.68,0.5566666666666665,0.43142857142857155,0.8660254037844387,-0.4999999999999998,0.9995462806873573,-0.030120304846908114
DAUTI112019,106.26,11.08,0.41,2019-04-16,0.0030171054999999997,121.98792582392113,0.39,0.10333333333333318,0.4285714285714287,0.8660254037844387,-0.4999999999999998,0.9679377830240642,-0.25119006388481935
DAUTI112019,106.26,11.08,0.3,2019-05-06,4.2,121.98792582392113,0.9500000000000001,0.7733333333333331,0.5557142857142858,0.49999999999999994,-0.8660254037844387,0.8263541987239096,-0.5631507242749186
DAUTI112019,106.26,11.08,0.3,2019-05-16,0.0027461079999999997,121.98792582392113,0.53,0.3033333333333332,0.32857142857142874,0.49999999999999994,-0.8660254037844387,0.717676913675962,-0.6963762255968722
DAUTI112019,106.26,11.08,0.3,2019-06-01,0.027750143999999997,121.98792582392113,0.63,0.27999999999999986,0.20857142857142869,1.2246467991473532e-16,-1.0,0.5012418134457758,-0.865307254363206
DAUTI112019,106.26,11.08,0.3,2019-06-15,0.025798961999999998,121.98792582392113,0.63,0.3766666666666665,0.442857142857143,1.2246467991473532e-16,-1.0,0.28023067519921585,-0.9599326896597447
DAUTI122019,106.39,10.56,0.3,2019-03-04,1.2,134.66637748062095,0.68,0.2999999999999997,0.3857142857142858,1.0,6.123233995736766e-17,0.8840675099433636,0.4673592171580022
DAUTI122019,106.39,10.56,0.3,2019-03-20,1.7,134.66637748062095,0.72,0.2899999999999997,0.24142857142857158,1.0,6.123233995736766e-17,0.9778483415056568,0.20931464596304847
DAUTI122019,106.39,10.56,0.3,2019-04-03,1.7,134.66637748062095,0.66,0.4766666666666665,0.44142857142857156,0.8660254037844387,-0.4999999999999998,0.9995462806873573,-0.030120304846908114
DAUTI122019,106.39,10.56,0.8,2019-04-16,1.6,134.66637748062095,0.24,0.1333333333333332,0.542857142857143,0.8660254037844387,-0.4999999999999998,0.9679377830240642,-0.25119006388481935
DAUTI122019,106.39,10.56,0.8,2019-05-06,4.55,134.66637748062095,0.93,0.6233333333333332,0.4585714285714287,0.49999999999999994,-0.8660254037844387,0.8263541987239096,-0.5631507242749186
DAUTI122019,106.39,10.56,0.8,2019-05-16,0.7,134.66637748062095,0.44,0.19999999999999982,0.38000000000000017,0.49999999999999994,-0.8660254037844387,0.717676913675962,-0.6963762255968722
DAUTI122019,106.39,10.56,0.8,2019-06-01,0.5,134.66637748062095,0.42,0.19666666666666655,0.21571428571428583,1.2246467991473532e-16,-1.0,0.5012418134457758,-0.865307254363206
DAUTI122019,106.39,10.56,0.8,2019-06-15,0.2,134.66637748062095,0.46,0.30999999999999983,0.522857142857143,1.2246467991473532e-16,-1.0,0.28023067519921585,-0.9599326896597447
DAUTI132019,106.39,10.56,0.8,2019-03-04,1.0,134.66637748062095,0.68,0.2999999999999997,0.3857142857142858,1.0,6.123233995736766e-17,0.8840675099433636,0.4673592171580022
DAUTI132019,106.39,10.56,0.8,2019-03-20,1.4,134.66637748062095,0.72,0.2899999999999997,0.24142857142857158,1.0,6.123233995736766e-17,0.9778483415056568,0.20931464596304847
DAUTI132019,106.39,10.56,0.36,2019-04-03,1.4,134.66637748062095,0.66,0.4766666666666665,0.44142857142857156,0.8660254037844387,-0.4999999999999998,0.9995462806873573,-0.030120304846908114
DAUTI132019,106.39,10.56,0.36,2019-04-16,1.6,134.66637748062095,0.24,0.1333333333333332,0.542857142857143,0.8660254037844387,-0.4999999999999998,0.9679377830240642,-0.25119006388481935
DAUTI132019,106.39,10.56,0.36,2019-05-06,4.8,134.66637748062095,0.93,0.6233333333333332,0.4585714285714287,0.49999999999999994,-0.8660254037844387,0.8263541987239096,-0.5631507242749186
DAUTI132019,106.39,10.56,0.36,2019-05-16,0.7,134.66637748062095,0.44,0.19999999999999982,0.38000000000000017,0.49999999999999994,-0.8660254037844387,0.717676913675962,-0.6963762255968722
DAUTI132019,106.39,10.56,0.36,2019-06-01,0.5,134.66637748062095,0.42,0.19666666666666655,0.21571428571428583,1.2246467991473532e-16,-1.0,0.5012418134457758,-0.865307254363206
DAUTI132019,106.39,10.56,0.36,2019-06-15,0.2,134.66637748062095,0.46,0.30999999999999983,0.522857142857143,1.2246467991473532e-16,-1.0,0.28023067519921585,-0.9599326896597447
DAUTI142019,106.69,10.56,0.36,2019-03-04,7.2,166.94533991058188,0.68,0.2999999999999997,0.3857142857142858,1.0,6.123233995736766e-17,0.8840675099433636,0.4673592171580022
DAUTI142019,106.69,10.56,0.48,2019-03-20,8.5,166.94533991058188,0.72,0.2899999999999997,0.24142857142857158,1.0,6.123233995736766e-17,0.9778483415056568,0.20931464596304847
DAUTI142019,106.69,10.56,0.48,2019-04-03,8.5,166.94533991058188,0.66,0.4766666666666665,0.44142857142857156,0.8660254037844387,-0.4999999999999998,0.9995462806873573,-0.030120304846908114
DAUTI142019,106.69,10.56,0.48,2019-04-16,6.6,166.94533991058188,0.24,0.1333333333333332,0.542857142857143,0.8660254037844387,-0.4999999999999998,0.9679377830240642,-0.25119006388481935
DAUTI142019,106.69,10.56,0.48,2019-05-06,5.1,166.94533991058188,0.93,0.6233333333333332,0.4585714285714287,0.49999999999999994,-0.8660254037844387,0.8263541987239096,-0.5631507242749186
DAUTI142019,106.69,10.56,0.48,2019-05-16,3.1,166.94533991058188,0.44,0.19999999999999982,0.38000000000000017,0.49999999999999994,-0.8660254037844387,0.717676913675962,-0.6963762255968722
DAUTI142019,106.69,10.56,0.48,2019-06-01,4.2,166.94533991058188,0.42,0.19666666666666655,0.21571428571428583,1.2246467991473532e-16,-1.0,0.5012418134457758,-0.865307254363206
DAUTI142019,106.69,10.56,0.48,2019-06-15,3.6,166.94533991058188,0.46,0.30999999999999983,0.522857142857143,1.2246467991473532e-16,-1.0,0.28023067519921585,-0.9599326896597447
DAUTI152019,106.69,10.56,0.4,2019-03-04,7.1,166.94533991058188,0.68,0.2999999999999997,0.3857142857142858,1.0,6.123233995736766e-17,0.8840675099433636,0.4673592171580022
DAUTI152019,106.69,10.56,0.4,2019-03-20,7.1,166.94533991058188,0.72,0.2899999999999997,0.24142857142857158,1.0,6.123233995736766e-17,0.9778483415056568,0.20931464596304847
DAUTI152019,106.69,10.56,0.4,2019-04-03,7.1,166.94533991058188,0.66,0.4766666666666665,0.44142857142857156,0.8660254037844387,-0.4999999999999998,0.9995462806873573,-0.030120304846908114
DAUTI152019,106.69,10.56,0.4,2019-04-16,6.6,166.94533991058188,0.24,0.1333333333333332,0.542857142857143,0.8660254037844387,-0.4999999999999998,0.9679377830240642,-0.25119006388481935
DAUTI152019,106.69,10.56,0.4,2019-05-06,5.0,166.94533991058188,0.93,0.6233333333333332,0.4585714285714287,0.49999999999999994,-0.8660254037844387,0.8263541987239096,-0.5631507242749186
DAUTI152019,106.69,10.56,0.4,2019-05-16,3.0,166.94533991058188,0.44,0.19999999999999982,0.38000000000000017,0.49999999999999994,-0.8660254037844387,0.717676913675962,-0.6963762255968722
DAUTI152019,106.69,10.56,0.4,2019-06-01,4.2,166.94533991058188,0.42,0.19666666666666655,0.21571428571428583,1.2246467991473532e-16,-1.0,0.5012418134457758,-0.865307254363206
DAUTI152019,106.69,10.56,0.52,2019-06-15,3.5,166.94533991058188,0.46,0.30999999999999983,0.522857142857143,1.2246467991473532e-16,-1.0,0.28023067519921585,-0.9599326896597447
DAUTI162019,106.06,11.46,0.52,2019-03-04,0.016476647999999997,121.09929745175305,0.79,0.4799999999999997,0.36000000000000015,1.0,6.123233995736766e-17,0.8840675099433636,0.4673592171580022
DAUTI162019,106.06,11.46,0.52,2019-03-20,0.029339995999999997,121.09929745175305,0.9,0.4799999999999997,0.29000000000000015,1.0,6.123233995736766e-17,0.9778483415056568,0.20931464596304847
DAUTI162019,106.06,11.46,0.52,2019-04-03,0.0045888909999999995,121.09929745175305,0.68,0.5566666666666665,0.43142857142857155,0.8660254037844387,-0.4999999999999998,0.9995462806873573,-0.030120304846908114
DAUTI162019,106.06,11.46,0.52,2019-04-16,0.032736498,121.09929745175305,0.39,0.10333333333333318,0.4285714285714287,0.8660254037844387,-0.4999999999999998,0.9679377830240642,-0.25119006388481935
DAUTI162019,106.06,11.46,0.52,2019-05-06,3.85,121.09929745175305,0.9500000000000001,0.7733333333333331,0.5557142857142858,0.49999999999999994,-0.8660254037844387,0.8263541987239096,-0.5631507242749186
DAUTI162019,106.06,11.46,0.52,2019-05-16,0.0021860465,121.09929745175305,0.53,0.3033333333333332,0.32857142857142874,0.49999999999999994,-0.8660254037844387,0.717676913675962,-0.6963762255968722
DAUTI162019,106.06,11.46,0.17,2019-06-01,0.021932731,121.09929745175305,0.63,0.27999999999999986,0.20857142857142869,1.2246467991473532e-16,-1.0,0.5012418134457758,-0.865307254363206
DAUTI162019,106.06,11.46,0.17,2019-06-15,0.0274791465,121.09929745175305,0.63,0.3766666666666665,0.442857142857143,1.2246467991473532e-16,-1.0,0.28023067519921585,-0.9599326896597447
DAUTI172019,106.19,11.32,0.17,2019-03-04,0.0027280415,124.62998833133861,0.79,0.4799999999999997,0.36000000000000015,1.0,6.123233995736766e-17,0.8840675099433636,0.4673592171580022
DAUTI172019,106.19,11.32,0.17,2019-03-20,0.032736498,124.62998833133861,0.9,0.4799999999999997,0.29000000000000015,1.0,6.123233995736766e-17,0.9778483415056568,0.20931464596304847
DAUTI172019,106.19,11.32,0.17,2019-04-03,0.045383048,124.62998833133861,0.68,0.5566666666666665,0.43142857142857155,0.8660254037844387,-0.4999999999999998,0.9995462806873573,-0.030120304846908114
DAUTI172019,106.19,11.32,0.17,2019-04-16,0.030243320999999997,124.62998833133861,0.39,0.10333333333333318,0.4285714285714287,0.8660254037844387,-0.4999999999999998,0.9679377830240642,-0.25119006388481935
DAUTI172019,106.19,11.32,0.17,2019-05-06,2.5,124.62998833133861,0.9500000000000001,0.7733333333333331,0.5557142857142858,0.49999999999999994,-0.8660254037844387,0.8263541987239096,-0.5631507242749186
DAUTI172019,106.19,11.32,0.26,2019-05-16,0.0292857965,124.62998833133861,0.53,0.3033333333333332,0.32857142857142874,0.49999999999999994,-0.8660254037844387,0.717676913675962,-0.6963762255968722
DAUTI172019,106.19,11.32,0.26,2019-06-01,0.027605611999999998,124.62998833133861,0.63,0.27999999999999986,0.20857142857142869,1.2246467991473532e-16,-1.0,0.5012418134457758,-0.865307254363206
DAUTI172019,106.19,11.32,0.26,2019-06-15,0.024462040999999997,124.62998833133861,0.63,0.3766666666666665,0.442857142857143,1.2246467991473532e-16,-1.0,0.28023067519921585,-0.9599326896597447
DAUTI182019,106.2,11.42,0.26,2019-03-04,0.0274791465,131.11744593915208,0.79,0.4799999999999997,0.36000000000000015,1.0,6.123233995736766e-17,0.8840675099433636,0.4673592171580022
DAUTI182019,106.2,11.42,0.26,2019-03-20,0.020993272999999996,131.11744593915208,0.9,0.4799999999999997,0.29000000000000015,1.0,6.123233995736766e-17,0.9778483415056568,0.20931464596304847
DAUTI182019,106.2,11.42,0.26,2019-04-03,0.0228179895,131.11744593915208,0.68,0.5566666666666665,0.43142857142857155,0.8660254037844387,-0.4999999999999998,0.9995462806873573,-0.030120304846908114
DAUTI182019,106.2,11.42,0.37,2019-04-16,0.0275152795,131.11744593915208,0.39,0.10333333333333318,0.4285714285714287,0.8660254037844387,-0.4999999999999998,0.9679377830240642,-0.25119006388481935
DAUTI182019,106.2,11.42,0.37,2019-05-06,3.9,131.11744593915208,0.9500000000000001,0.7733333333333331,0.5557142857142858,0.49999999999999994,-0.8660254037844387,0.8263541987239096,-0.5631507242749186
DAUTI182019,106.2,11.42,0.37,2019-05-16,0.0041733615,131.11744593915208,0.53,0.3033333333333332,0.32857142857142874,0.49999999999999994,-0.8660254037844387,0.717676913675962,-0.6963762255968722
DAUTI182019,106.2,11.42,0.37,2019-06-01,0.043775129499999996,131.11744593915208,0.63,0.27999999999999986,0.20857142857142869,1.2246467991473532e-16,-1.0,0.5012418134457758,-0.865307254363206
DAUTI182019,106.2,11.42,0.37,2019-06-15,0.0022583125,131.11744593915208,0.63,0.3766666666666665,0.442857142857143,1.2246467991473532e-16,-1.0,0.28023067519921585,-0.9599326896597447
DAUTI192019,106.31,11.22,0.37,2019-03-04,0.02276379,131.9799249197721,0.79,0.4799999999999997,0.36000000000000015,1.0,6.123233995736766e-17,0.8840675099433636,0.4673592171580022
DAUTI192019,106.31,11.22,0.59,2019-03-20,0.2,131.9799249197721,0.9,0.4799999999999997,0.29000000000000015,1.0,6.123233995736766e-17,0.9778483415056568,0.20931464596304847
DAUTI192019,106.31,11.22,0.59,2019-04-03,0.2,131.9799249197721,0.68,0.5566666666666665,0.43142857142857155,0.8660254037844387,-0.4999999999999998,0.9995462806873573,-0.030120304846908114
DAUTI192019,106.31,11.22,0.59,2019-04-16,0.046394772,131.9799249197721,0.39,0.10333333333333318,0.4285714285714287,0.8660254037844387,-0.4999999999999998,0.9679377830240642,-0.25119006388481935
DAUTI192019,106.31,11.22,0.59,2019-05-06,4.25,131.9799249197721,0.9500000000000001,0.7733333333333331,0.5557142857142858,0.49999999999999994,-0.8660254037844387,0.8263541987239096,-0.5631507242749186
DAUTI192019,106.31,11.22,0.59,2019-05-16,0.032935229499999996,131.9799249197721,0.53,0.3033333333333332,0.32857142857142874,0.49999999999999994,-0.8660254037844387,0.717676913675962,-0.6963762255968722
DAUTI192019,106.31,11.22,0.59,2019-06-01,0.035229675,131.9799249197721,0.63,0.27999999999999986,0.20857142857142869,1.2246467991473532e-16,-1.0,0.5012418134457758,-0.865307254363206
DAUTI192019,106.31,11.22,0.4,2019-06-15,0.0029448394999999996,131.9799249197721,0.63,0.3766666666666665,0.442857142857143,1.2246467991473532e-16,-1.0,0.28023067519921585,-0.9599326896597447
DAUTI192021,106.24,11.55,0.26,2021-03-27,0.0,142.80572633822132,0.24,-0.1533333333333335,0.02285714285714305,1.0,6.123233995736766e-17,0.995918996147179,0.09025161003104117
DAUTI202019,106.31,11.05,0.4,2019-03-04,0.014669997999999998,126.48386482353077,0.79,0.4799999999999997,0.36000000000000015,1.0,6.123233995736766e-17,0.8840675099433636,0.4673592171580022
DAUTI202019,106.31,11.05,0.4,2019-03-20,0.0033423025,126.48386482353077,0.9,0.4799999999999997,0.29000000000000015,1.0,6.123233995736766e-17,0.9778483415056568,0.20931464596304847
DAUTI202019,106.31,11.05,0.4,2019-04-03,0.043576398,126.48386482353077,0.68,0.5566666666666665,0.43142857142857155,0.8660254037844387,-0.4999999999999998,0.9995462806873573,-0.030120304846908114
DAUTI202019,106.31,11.05,0.4,2019-04-16,0.2,126.48386482353077,0.39,0.10333333333333318,0.4285714285714287,0.8660254037844387,-0.4999999999999998,0.9679377830240642,-0.25119006388481935
DAUTI202019,106.31,11.05,0.4,2019-05-06,4.55,126.48386482353077,0.9500000000000001,0.7733333333333331,0.5557142857142858,0.49999999999999994,-0.8660254037844387,0.8263541987239096,-0.5631507242749186
DAUTI202019,106.31,11.05,0.4,2019-05-16,0.1,126.48386482353077,0.53,0.3033333333333332,0.32857142857142874,0.49999999999999994,-0.8660254037844387,0.717676913675962,-0.6963762255968722
DAUTI202019,106.31,11.05,0.4,2019-06-01,0.1,126.48386482353077,0.63,0.27999999999999986,0.20857142857142869,1.2246467991473532e-16,-1.0,0.5012418134457758,-0.865307254363206
DAUTI202019,106.31,11.05,0.4,2019-06-15,0.1,126.48386482353077,0.63,0.3766666666666665,0.442857142857143,1.2246467991473532e-16,-1.0,0.28023067519921585,-0.9599326896597447
DAUTI202021,106.23,11.39,0.08,2021-03-27,0.0,132.20897449116762,0.43,-0.006666666666666821,-0.041428571428571245,1.0,6.123233995736766e-17,0.995918996147179,0.09025161003104117
DAUTI212019,106.39,10.98,0.4,2019-03-04,0.002926773,133.607803905536,0.79,0.4799999999999997,0.36000000000000015,1.0,6.123233995736766e-17,0.8840675099433636,0.4673592171580022
DAUTI212019,106.39,10.98,0.4,2019-03-20,0.1,133.607803905536,0.9,0.4799999999999997,0.29000000000000015,1.0,6.123233995736766e-17,0.9778483415056568,0.20931464596304847
DAUTI212019,106.39,10.98,0.4,2019-04-03,0.1,133.607803905536,0.68,0.5566666666666665,0.43142857142857155,0.8660254037844387,-0.4999999999999998,0.9995462806873573,-0.030120304846908114
DAUTI212019,106.39,10.98,-0.07,2019-04-16,0.3,133.607803905536,0.39,0.10333333333333318,0.4285714285714287,0.8660254037844387,-0.4999999999999998,0.9679377830240642,-0.25119006388481935
DAUTI212019,106.39,10.98,-0.07,2019-05-06,4.25,133.607803905536,0.9500000000000001,0.7733333333333331,0.5557142857142858,0.49999999999999994,-0.8660254037844387,0.8263541987239096,-0.5631507242749186
DAUTI212019,106.39,10.98,-0.07,2019-05-16,0.2,133.607803905536,0.53,0.3033333333333332,0.32857142857142874,0.49999999999999994,-0.8660254037844387,0.717676913675962,-0.6963762255968722
DAUTI212019,106.39,10.98,-0.07,2019-06-01,0.1,133.607803905536,0.63,0.27999999999999986,0.20857142857142869,1.2246467991473532e-16,-1.0,0.5012418134457758,-0.865307254363206
DAUTI212019,106.39,10.98,-0.07,2019-06-15,0.1,133.607803905536,0.63,0.3766666666666665,0.442857142857143,1.2246467991473532e-16,-1.0,0.28023067519921585,-0.9599326896597447
DAUTI212021,106.15,11.28,0.08,2021-03-27,0.0,118.71134356388268,0.43,-0.006666666666666821,-0.041428571428571245,1.0,6.123233995736766e-17,0.995918996147179,0.09025161003104117
DAUTI222019,106.11,11.39,-0.07,2019-03-04,0.016476647999999997,121.04993014943207,0.79,0.4799999999999997,0.36000000000000015,1.0,6.123233995736766e-17,0.8840675099433636,0.4673592171580022
DAUTI222019,106.11,11.39,0.19,2019-03-20,0.016476647999999997,121.04993014943207,0.9,0.4799999999999997,0.29000000000000015,1.0,6.123233995736766e-17,0.9778483415056568,0.20931464596304847
DAUTI222019,106.11,11.39,0.19,2019-04-03,0.002023448,121.04993014943207,0.68,0.5566666666666665,0.43142857142857155,0.8660254037844387,-0.4999999999999998,0.9995462806873573,-0.030120304846908114
DAUTI222019,106.11,11.39,0.19,2019-04-16,0.021896597999999996,121.04993014943207,0.39,0.10333333333333318,0.4285714285714287,0.8660254037844387,-0.4999999999999998,0.9679377830240642,-0.25119006388481935
DAUTI222019,106.11,11.39,0.19,2019-05-06,5.15,121.04993014943207,0.9500000000000001,0.7733333333333331,0.5557142857142858,0.49999999999999994,-0.8660254037844387,0.8263541987239096,-0.5631507242749186
DAUTI222019,106.11,11.39,0.19,2019-05-16,0.0293219295,121.04993014943207,0.53,0.3033333333333332,0.32857142857142874,0.49999999999999994,-0.8660254037844387,0.717676913675962,-0.6963762255968722
DAUTI222019,106.11,11.39,0.19,2019-06-01,0.0274791465,121.04993014943207,0.63,0.27999999999999986,0.20857142857142869,1.2246467991473532e-16,-1.0,0.5012418134457758,-0.865307254363206
DAUTI222019,106.11,11.39,0.43,2019-06-15,0.0220591965,121.04993014943207,0.63,0.3766666666666665,0.442857142857143,1.2246467991473532e-16,-1.0,0.28023067519921585,-0.9599326896597447
DAUTI222021,106.05,11.31,0.08,2021-03-27,0.0,110.78420772034403,0.43,-0.006666666666666821,-0.041428571428571245,1.0,6.123233995736766e-17,0.995918996147179,0.09025161003104117
DAUTI232019,106.08,11.31,0.43,2019-03-04,0.02926773,113.59945409110821,0.79,0.4799999999999997,0.36000000000000015,1.0,6.123233995736766e-17,0.8840675099433636,0.4673592171580022
DAUTI232019,106.08,11.31,0.43,2019-03-20,0.02926773,113.59945409110821,0.9,0.4799999999999997,0.29000000000000015,1.0,6.123233995736766e-17,0.9778483415056568,0.20931464596304847
DAUTI232019,106.08,11.31,0.43,2019-04-03,0.027352681,113.59945409110821,0.68,0.5566666666666665,0.43142857142857155,0.8660254037844387,-0.4999999999999998,0.9995462806873573,-0.030120304846908114
DAUTI232019,106.08,11.31,0.43,2019-04-16,0.02601576,113.59945409110821,0.39,0.10333333333333318,0.4285714285714287,0.8660254037844387,-0.4999999999999998,0.9679377830240642,-0.25119006388481935
DAUTI232019,106.08,11.31,0.43,2019-05-06,4.2,113.59945409110821,0.9500000000000001,0.7733333333333331,0.5557142857142858,0.49999999999999994,-0.8660254037844387,0.8263541987239096,-0.5631507242749186
DAUTI232019,106.08,11.31,0.43,2019-05-16,0.003830098,113.59945409110821,0.53,0.3033333333333332,0.32857142857142874,0.49999999999999994,-0.8660254037844387,0.717676913675962,-0.6963762255968722
DAUTI232019,106.08,11.31,0.43,2019-06-01,0.047189698,113.59945409110821,0.63,0.27999999999999986,0.20857142857142869,1.2246467991473532e-16,-1.0,0.5012418134457758,-0.865307254363206
DAUTI232019,106.08,11.31,0.43,2019-06-15,0.02746108,113.59945409110821,0.63,0.3766666666666665,0.442857142857143,1.2246467991473532e-16,-1.0,0.28023067519921585,-0.9599326896597447
DAUTI232021,106.3,11.26,0.08,2021-03-27,0.0,132.62357619141127,0.43,-0.006666666666666821,-0.041428571428571245,1.0,6.123233995736766e-17,0.995918996147179,0.09025161003104117
DAUTI242019,106.09,11.24,0.43,2019-03-04,0.0130259465,110.86770010704295,0.79,0.4799999999999997,0.36000000000000015,1.0,6.123233995736766e-17,0.8840675099433636,0.4673592171580022
DAUTI242019,106.09,11.24,0.43,2019-03-20,0.0130259465,110.86770010704295,0.9,0.4799999999999997,0.29000000000000015,1.0,6.123233995736766e-17,0.9778483415056568,0.20931464596304847
DAUTI242019,106.09,11.24,0.43,2019-04-03,0.026413222999999996,110.86770010704295,0.68,0.5566666666666665,0.43142857142857155,0.8660254037844387,-0.4999999999999998,0.9995462806873573,-0.030120304846908114
DAUTI242019,106.09,11.24,0.26,2019-04-16,0.002818374,110.86770010704295,0.39,0.10333333333333318,0.4285714285714287,0.8660254037844387,-0.4999999999999998,0.9679377830240642,-0.25119006388481935
DAUTI242019,106.09,11.24,0.26,2019-05-06,4.2,110.86770010704295,0.9500000000000001,0.7733333333333331,0.5557142857142858,0.49999999999999994,-0.8660254037844387,0.8263541987239096,-0.5631507242749186
DAUTI242019,106.09,11.24,0.26,2019-05-16,0.040721890999999996,110.86770010704295,0.53,0.3033333333333332,0.32857142857142874,0.49999999999999994,-0.8660254037844387,0.717676913675962,-0.6963762255968722
DAUTI242019,106.09,11.24,0.26,2019-06-01,0.026196425,110.86770010704295,0.63,0.27999999999999986,0.20857142857142869,1.2246467991473532e-16,-1.0,0.5012418134457758,-0.865307254363206
DAUTI242019,106.09,11.24,0.26,2019-06-15,0.0044624255000000005,110.86770010704295,0.63,0.3766666666666665,0.442857142857143,1.2246467991473532e-16,-1.0,0.28023067519921585,-0.9599326896597447
DAUTI242021,106.41,11.11,0.08,2021-03-27,0.0,138.6657259197865,0.24,-0.1533333333333335,0.02285714285714305,1.0,6.123233995736766e-17,0.995918996147179,0.09025161003104117
DAUTI252021,106.31,11.04,0.08,2021-03-27,0.0,126.24127813724199,0.43,-0.006666666666666821,-0.041428571428571245,1.0,6.123233995736766e-17,0.995918996147179,0.09025161003104117
DAUTI262021,106.42,10.96,0.47,2021-03-27,0.0,136.53337975144305,0.24,-0.1533333333333335,0.02285714285714305,1.0,6.123233995736766e-17,0.995918996147179,0.09025161003104117
DAUTI272021,106.59,10.92,0.47,2021-03-27,0.0,154.49532646441983,0.24,-0.1533333333333335,0.02285714285714305,1.0,6.123233995736766e-17,0.995918996147179,0.09025161003104117
DAUTI282021,106.44,11.5,0.47,2021-03-27,0.0,158.14851141266936,0.24,-0.1533333333333335,0.02285714285714305,1.0,6.123233995736766e-17,0.995918996147179,0.09025161003104117
MOXN012021,105.64,10.08,0.97,2021-01-27,0.03902364,94.02308621621256,0.81,0.5566666666666665,0.5485714285714287,0.49999999999999994,0.8660254037844387,0.4482293417404106,0.893918596519257
MOXN012021,105.64,10.08,0.97,2021-02-16,0.027280415,94.02308621621256,1.08,1.3233333333333333,1.025714285714286,0.8660254037844386,0.5000000000000001,0.7236440382959124,0.6901733882429719
MOXN012021,105.64,10.08,0.97,2021-02-26,0.003793965,94.02308621621256,0.61,0.30666666666666653,0.21000000000000016,0.8660254037844386,0.5000000000000001,0.8311706263658079,0.5560174366570446
MOXN012021,105.64,10.08,0.5,2021-03-14,0.047153565,94.02308621621256,1.24,0.7399999999999999,0.3342857142857145,1.0,6.123233995736766e-17,0.9510565162951535,0.30901699437494745
MOXN012021,105.64,10.08,0.5,2021-03-28,0.042456275,94.02308621621256,0.93,0.41333333333333316,0.08428571428571449,1.0,6.123233995736766e-17,0.9973249731081555,0.07309512989807777
MOXN012021,105.64,10.08,0.5,2021-04-11,0.0397463,94.02308621621256,0.9400000000000001,0.32333333333333325,0.01571428571428592,0.8660254037844387,-0.4999999999999998,0.9859481499638304,-0.16705162550211924
MOXN012021,105.64,10.08,0.5,2021-04-26,0.04480492,94.02308621621256,0.48,-0.0333333333333334,-0.14285714285714263,0.8660254037844387,-0.4999999999999998,0.9106046300942162,-0.4132786077829042
MOXN012021,105.64,10.08,0.5,2021-05-12,0.053296175,94.02308621621256,1.04,0.8766666666666666,0.43571428571428594,0.49999999999999994,-0.8660254037844387,0.7638886127905428,-0.6453481132295501
MOXN012021,105.64,10.08,0.5,2021-05-26,0.05275418,94.02308621621256,0.9,0.09999999999999987,-0.1114285714285712,0.49999999999999994,-0.8660254037844387,0.5877852522924732,-0.8090169943749473
MOXN012021,105.64,10.08,0.5,2021-06-11,0.04733423,94.02308621621256,0.75,0.6833333333333332,0.25142857142857167,1.2246467991473532e-16,-1.0,0.3456123126707335,-0.9383773917408641
MOXN012021,105.64,10.08,0.5,2021-06-24,0.025835095,94.02308621621256,1.1,0.47333333333333316,0.1671428571428574,1.2246467991473532e-16,-1.0,0.12874817745258132,-0.99167731989929
MOXN012021,105.64,10.08,0.5,2021-07-09,0.04480492,94.02308621621256,0.99,0.6,0.2742857142857146,-0.4999999999999997,-0.8660254037844388,-0.12874817745258066,-0.99167731989929
MOXN022021,105.66,9.99,0.5,2021-01-27,0.004877955,103.71547073322637,0.75,0.4533333333333332,0.5814285714285716,0.49999999999999994,0.8660254037844387,0.4482293417404106,0.893918596519257
MOXN022021,105.66,9.99,0.5,2021-02-16,0.02709975,103.71547073322637,1.32,1.2733333333333332,0.8914285714285717,0.8660254037844386,0.5000000000000001,0.7236440382959124,0.6901733882429719
MOXN022021,105.66,9.99,0.5,2021-02-26,0.03432635,103.71547073322637,0.4,0.24333333333333318,0.2100000000000002,0.8660254037844386,0.5000000000000001,0.8311706263658079,0.5560174366570446
MOXN022021,105.66,9.99,0.53,2021-03-14,0.0397463,103.71547073322637,1.02,0.4633333333333332,0.17857142857142877,1.0,6.123233995736766e-17,0.9510565162951535,0.30901699437494745
MOXN022021,105.66,9.99,0.53,2021-03-28,0.0397463,103.71547073322637,0.5700000000000001,0.20333333333333317,-0.01714285714285696,1.0,6.123233995736766e-17,0.9973249731081555,0.07309512989807777
MOXN022021,105.66,9.99,0.53,2021-04-11,0.0397463,103.71547073322637,0.52,0.11333333333333327,-0.05857142857142837,0.8660254037844387,-0.4999999999999998,0.9859481499638304,-0.16705162550211924
MOXN022021,105.66,9.99,0.53,2021-04-26,0.0469729,103.71547073322637,0.17,-0.17333333333333342,-0.17857142857142835,0.8660254037844387,-0.4999999999999998,0.9106046300942162,-0.4132786077829042
MOXN022021,105.66,9.99,0.53,2021-05-12,0.05239285,103.71547073322637,1.05,0.6166666666666666,0.2785714285714288,0.49999999999999994,-0.8660254037844387,0.7638886127905428,-0.6453481132295501
MOXN022021,105.66,9.99,0.53,2021-05-26,0.05600615,103.71547073322637,0.35000000000000003,-0.09000000000000015,-0.2014285714285712,0.49999999999999994,-0.8660254037844387,0.5877852522924732,-0.8090169943749473
MOXN022021,105.66,9.99,0.53,2021-06-11,0.05239285,103.71547073322637,0.78,0.48333333333333317,0.10857142857142883,1.2246467991473532e-16,-1.0,0.3456123126707335,-0.9383773917408641
MOXN022021,105.66,9.99,0.53,2021-06-24,0.0036133,103.71547073322637,0.75,0.2733333333333332,0.007142857142857387,1.2246467991473532e-16,-1.0,0.12874817745258132,-0.99167731989929
MOXN022021,105.66,9.99,0.53,2021-07-09,0.040288295,103.71547073322637,0.9,0.3199999999999999,0.155714285714286,-0.4999999999999997,-0.8660254037844388,-0.12874817745258066,-0.99167731989929
MOXN032021,105.63,9.93,0.53,2021-01-27,0.04733423,107.99649822468585,0.75,0.4533333333333332,0.5814285714285716,0.49999999999999994,0.8660254037844387,0.4482293417404106,0.893918596519257
MOXN032021,105.63,9.93,0.53,2021-02-16,0.02709975,107.99649822468585,1.32,1.2733333333333332,0.8914285714285717,0.8660254037844386,0.5000000000000001,0.7236440382959124,0.6901733882429719
MOXN032021,105.63,9.93,0.53,2021-02-26,0.03793965,107.99649822468585,0.4,0.24333333333333318,0.2100000000000002,0.8660254037844386,0.5000000000000001,0.8311706263658079,0.5560174366570446
MOXN032021,105.63,9.93,0.5,2021-03-14,0.03793965,107.99649822468585,1.02,0.4633333333333332,0.17857142857142877,1.0,6.123233995736766e-17,0.9510565162951535,0.30901699437494745
MOXN032021,105.63,9.93,0.5,2021-03-28,0.0397463,107.99649822468585,0.5700000000000001,0.20333333333333317,-0.01714285714285696,1.0,6.123233995736766e-17,0.9973249731081555,0.07309512989807777
MOXN032021,105.63,9.93,0.5,2021-04-11,0.0397463,107.99649822468585,0.52,0.11333333333333327,-0.05857142857142837,0.8660254037844387,-0.4999999999999998,0.9859481499638304,-0.16705162550211924
MOXN032021,105.63,9.93,0.5,2021-04-26,0.0469729,107.99649822468585,0.17,-0.17333333333333342,-0.17857142857142835,0.8660254037844387,-0.4999999999999998,0.9106046300942162,-0.4132786077829042
MOXN032021,105.63,9.93,0.5,2021-05-12,0.05203152,107.99649822468585,1.05,0.6166666666666666,0.2785714285714288,0.49999999999999994,-0.8660254037844387,0.7638886127905428,-0.6453481132295501
MOXN032021,105.63,9.93,0.5,2021-05-26,0.057632134999999994,107.99649822468585,0.35000000000000003,-0.09000000000000015,-0.2014285714285712,0.49999999999999994,-0.8660254037844387,0.5877852522924732,-0.8090169943749473
MOXN032021,105.63,9.93,0.5,2021-06-11,0.053657504999999994,107.99649822468585,0.78,0.48333333333333317,0.10857142857142883,1.2246467991473532e-16,-1.0,0.3456123126707335,-0.9383773917408641
MOXN032021,105.63,9.93,0.5,2021-06-24,0.044624254999999995,107.99649822468585,0.75,0.2733333333333332,0.007142857142857387,1.2246467991473532e-16,-1.0,0.12874817745258132,-0.99167731989929
MOXN032021,105.63,9.93,0.5,2021-07-09,0.04480492,107.99649822468585,0.9,0.3199999999999999,0.155714285714286,-0.4999999999999997,-0.8660254037844388,-0.12874817745258066,-0.99167731989929
MOXN042021,105.57,9.93,0.5,2021-01-27,0.004877955,105.17458462588797,0.75,0.4533333333333332,0.5814285714285716,0.49999999999999994,0.8660254037844387,0.4482293417404106,0.893918596519257
MOXN042021,105.57,9.93,0.5,2021-02-16,0.0036133,105.17458462588797,1.32,1.2733333333333332,0.8914285714285717,0.8660254037844386,0.5000000000000001,0.7236440382959124,0.6901733882429719
MOXN042021,105.57,9.93,0.5,2021-02-26,0.0036133,105.17458462588797,0.4,0.24333333333333318,0.2100000000000002,0.8660254037844386,0.5000000000000001,0.8311706263658079,0.5560174366570446
MOXN042021,105.57,9.93,0.0,2021-03-14,0.0469729,105.17458462588797,1.02,0.4633333333333332,0.17857142857142877,1.0,6.123233995736766e-17,0.9510565162951535,0.30901699437494745
MOXN042021,105.57,9.93,0.0,2021-03-28,0.04155295,105.17458462588797,0.5700000000000001,0.20333333333333317,-0.01714285714285696,1.0,6.123233995736766e-17,0.9973249731081555,0.07309512989807777
MOXN042021,105.57,9.93,0.0,2021-04-11,0.0433596,105.17458462588797,0.52,0.11333333333333327,-0.05857142857142837,0.8660254037844387,-0.4999999999999998,0.9859481499638304,-0.16705162550211924
MOXN042021,105.57,9.93,0.0,2021-04-26,0.05239285,105.17458462588797,0.17,-0.17333333333333342,-0.17857142857142835,0.8660254037844387,-0.4999999999999998,0.9106046300942162,-0.4132786077829042
MOXN042021,105.57,9.93,0.0,2021-05-12,0.05889679,105.17458462588797,1.05,0.6166666666666666,0.2785714285714288,0.49999999999999994,-0.8660254037844387,0.7638886127905428,-0.6453481132295501
MOXN042021,105.57,9.93,0.0,2021-05-26,0.05203152,105.17458462588797,0.35000000000000003,-0.09000000000000015,-0.2014285714285712,0.49999999999999994,-0.8660254037844387,0.5877852522924732,-0.8090169943749473
MOXN042021,105.57,9.93,0.0,2021-06-11,0.04516625,105.17458462588797,0.78,0.48333333333333317,0.10857142857142883,1.2246467991473532e-16,-1.0,0.3456123126707335,-0.9383773917408641
MOXN042021,105.57,9.93,0.0,2021-06-24,0.00614261,105.17458462588797,0.75,0.2733333333333332,0.007142857142857387,1.2246467991473532e-16,-1.0,0.12874817745258132,-0.99167731989929
MOXN042021,105.57,9.93,0.0,2021-07-09,0.040920622499999997,105.17458462588797,0.9,0.3199999999999999,0.155714285714286,-0.4999999999999997,-0.8660254037844388,-0.12874817745258066,-0.99167731989929
MOXN052021,105.56,9.98,0.0,2021-01-27,0.04299827,99.65408643074436,0.75,0.4533333333333332,0.5814285714285716,0.49999999999999994,0.8660254037844387,0.4482293417404106,0.893918596519257
MOXN052021,105.56,9.98,0.0,2021-02-16,0.03432635,99.65408643074436,1.32,1.2733333333333332,0.8914285714285717,0.8660254037844386,0.5000000000000001,0.7236440382959124,0.6901733882429719
MOXN052021,105.56,9.98,0.0,2021-02-26,0.0036133,99.65408643074436,0.4,0.24333333333333318,0.2100000000000002,0.8660254037844386,0.5000000000000001,0.8311706263658079,0.5560174366570446
MOXN052021,105.56,9.98,0.34,2021-03-14,0.0433596,99.65408643074436,1.02,0.4633333333333332,0.17857142857142877,1.0,6.123233995736766e-17,0.9510565162951535,0.30901699437494745
MOXN052021,105.56,9.98,0.34,2021-03-28,0.04877955,99.65408643074436,0.5700000000000001,0.20333333333333317,-0.01714285714285696,1.0,6.123233995736766e-17,0.9973249731081555,0.07309512989807777
MOXN052021,105.56,9.98,0.34,2021-04-11,0.04516625,99.65408643074436,0.52,0.11333333333333327,-0.05857142857142837,0.8660254037844387,-0.4999999999999998,0.9859481499638304,-0.16705162550211924
MOXN052021,105.56,9.98,0.34,2021-04-26,0.05600615,99.65408643074436,0.17,-0.17333333333333342,-0.17857142857142835,0.8660254037844387,-0.4999999999999998,0.9106046300942162,-0.4132786077829042
MOXN052021,105.56,9.98,0.34,2021-05-12,0.0614261,99.65408643074436,1.05,0.6166666666666666,0.2785714285714288,0.49999999999999994,-0.8660254037844387,0.7638886127905428,-0.6453481132295501
MOXN052021,105.56,9.98,0.34,2021-05-26,0.00541995,99.65408643074436,0.35000000000000003,-0.09000000000000015,-0.2014285714285712,0.49999999999999994,-0.8660254037844387,0.5877852522924732,-0.8090169943749473
MOXN052021,105.56,9.98,0.34,2021-06-11,0.005600615,99.65408643074436,0.78,0.48333333333333317,0.10857142857142883,1.2246467991473532e-16,-1.0,0.3456123126707335,-0.9383773917408641
MOXN052021,105.56,9.98,0.34,2021-06-24,0.059800115,99.65408643074436,0.75,0.2733333333333332,0.007142857142857387,1.2246467991473532e-16,-1.0,0.12874817745258132,-0.99167731989929
MOXN052021,105.56,9.98,0.34,2021-07-09,0.05643974599999999,99.65408643074436,0.9,0.3199999999999999,0.155714285714286,-0.4999999999999997,-0.8660254037844388,-0.12874817745258066,-0.99167731989929
MOXN062021,105.51,9.88,0.34,2021-01-27,0.045708245,107.92085361620826,0.75,0.4533333333333332,0.5814285714285716,0.49999999999999994,0.8660254037844387,0.4482293417404106,0.893918596519257
MOXN062021,105.51,9.88,0.34,2021-02-16,0.03793965,107.92085361620826,1.32,1.2733333333333332,0.8914285714285717,0.8660254037844386,0.5000000000000001,0.7236440382959124,0.6901733882429719
MOXN062021,105.51,9.88,0.34,2021-02-26,0.0036133,107.92085361620826,0.4,0.24333333333333318,0.2100000000000002,0.8660254037844386,0.5000000000000001,0.8311706263658079,0.5560174366570446
MOXN062021,105.51,9.88,0.5,2021-03-14,0.04877955,107.92085361620826,1.02,0.4633333333333332,0.17857142857142877,1.0,6.123233995736766e-17,0.9510565162951535,0.30901699437494745
MOXN062021,105.51,9.88,0.5,2021-03-28,0.0469729,107.92085361620826,0.5700000000000001,0.20333333333333317,-0.01714285714285696,1.0,6.123233995736766e-17,0.9973249731081555,0.07309512989807777
MOXN062021,105.51,9.88,0.5,2021-04-11,0.0505862,107.92085361620826,0.52,0.11333333333333327,-0.05857142857142837,0.8660254037844387,-0.4999999999999998,0.9859481499638304,-0.16705162550211924
MOXN062021,105.51,9.88,0.5,2021-05-12,0.0650394,107.92085361620826,1.05,0.6166666666666666,0.2785714285714288,0.49999999999999994,-0.8660254037844387,0.7638886127905428,-0.6453481132295501
MOXN062021,105.51,9.88,0.5,2021-05-26,0.00541995,107.92085361620826,0.35000000000000003,-0.09000000000000015,-0.2014285714285712,0.49999999999999994,-0.8660254037844387,0.5877852522924732,-0.8090169943749473
MOXN062021,105.51,9.88,0.5,2021-06-11,0.0433596,107.92085361620826,0.78,0.48333333333333317,0.10857142857142883,1.2246467991473532e-16,-1.0,0.3456123126707335,-0.9383773917408641
MOXN062021,105.51,9.88,0.5,2021-06-24,0.060522775,107.92085361620826,0.75,0.2733333333333332,0.007142857142857387,1.2246467991473532e-16,-1.0,0.12874817745258132,-0.99167731989929
MOXN062021,105.51,9.88,0.5,2021-07-09,0.08048625749999999,107.92085361620826,0.9,0.3199999999999999,0.155714285714286,-0.4999999999999997,-0.8660254037844388,-0.12874817745258066,-0.99167731989929
MOXN062021,105.51,9.88,0.5,2021-11-26,0.07407264999999999,107.92085361620826,1.79,2.03,2.118571428571429,-0.5000000000000004,0.8660254037844384,-0.5667017562911184,0.8239230057575536
MOXN072021,105.46,9.82,0.5,2021-01-27,0.042456275,112.62963789678429,0.75,0.4533333333333332,0.5814285714285716,0.49999999999999994,0.8660254037844387,0.4482293417404106,0.893918596519257
MOXN072021,105.46,9.82,0.5,2021-02-16,0.0036133,112.62963789678429,1.32,1.2733333333333332,0.8914285714285717,0.8660254037844386,0.5000000000000001,0.7236440382959124,0.6901733882429719
MOXN072021,105.46,9.82,0.5,2021-02-26,0.05239285,112.62963789678429,0.4,0.24333333333333318,0.2100000000000002,0.8660254037844386,0.5000000000000001,0.8311706263658079,0.5560174366570446
MOXN072021,105.46,9.82,0.42,2021-03-14,0.04155295,112.62963789678429,1.02,0.4633333333333332,0.17857142857142877,1.0,6.123233995736766e-17,0.9510565162951535,0.30901699437494745
MOXN072021,105.46,9.82,0.42,2021-03-28,0.07768595,112.62963789678429,0.5700000000000001,0.20333333333333317,-0.01714285714285696,1.0,6.123233995736766e-17,0.9973249731081555,0.07309512989807777
MOXN072021,105.46,9.82,0.42,2021-04-11,0.0614261,112.62963789678429,0.52,0.11333333333333327,-0.05857142857142837,0.8660254037844387,-0.4999999999999998,0.9859481499638304,-0.16705162550211924
MOXN072021,105.46,9.82,0.42,2021-05-12,0.0614261,112.62963789678429,1.05,0.6166666666666666,0.2785714285714288,0.49999999999999994,-0.8660254037844387,0.7638886127905428,-0.6453481132295501
MOXN072021,105.46,9.82,0.42,2021-05-26,0.05961945,112.62963789678429,0.35000000000000003,-0.09000000000000015,-0.2014285714285712,0.49999999999999994,-0.8660254037844387,0.5877852522924732,-0.8090169943749473
MOXN072021,105.46,9.82,0.42,2021-06-11,0.0578128,112.62963789678429,0.78,0.48333333333333317,0.10857142857142883,1.2246467991473532e-16,-1.0,0.3456123126707335,-0.9383773917408641
MOXN072021,105.46,9.82,0.42,2021-06-24,0.05961945,112.62963789678429,0.75,0.2733333333333332,0.007142857142857387,1.2246467991473532e-16,-1.0,0.12874817745258132,-0.99167731989929
MOXN072021,105.46,9.82,0.42,2021-07-09,0.0080395925,112.62963789678429,0.9,0.3199999999999999,0.155714285714286,-0.4999999999999997,-0.8660254037844388,-0.12874817745258066,-0.99167731989929
MOXN072021,105.46,9.82,0.42,2021-11-26,0.07768595,112.62963789678429,1.79,2.03,2.118571428571429,-0.5000000000000004,0.8660254037844384,-0.5667017562911184,0.8239230057575536
MOXN082021,105.37,9.77,0.42,2021-01-27,0.046069575,115.8353801812787,0.75,0.4533333333333332,0.5814285714285716,0.49999999999999994,0.8660254037844387,0.4482293417404106,0.893918596519257
MOXN082021,105.37,9.77,0.42,2021-02-16,0.0433596,115.8353801812787,1.32,1.2733333333333332,0.8914285714285717,0.8660254037844386,0.5000000000000001,0.7236440382959124,0.6901733882429719
MOXN082021,105.37,9.77,0.42,2021-02-26,0.03793965,115.8353801812787,0.4,0.24333333333333318,0.2100000000000002,0.8660254037844386,0.5000000000000001,0.8311706263658079,0.5560174366570446
MOXN082021,105.37,9.77,0.61,2021-03-14,0.0433596,115.8353801812787,1.02,0.4633333333333332,0.17857142857142877,1.0,6.123233995736766e-17,0.9510565162951535,0.30901699437494745
MOXN082021,105.37,9.77,0.61,2021-03-28,0.0650394,115.8353801812787,0.5700000000000001,0.20333333333333317,-0.01714285714285696,1.0,6.123233995736766e-17,0.9973249731081555,0.07309512989807777
MOXN082021,105.37,9.77,0.61,2021-04-11,0.0072266,115.8353801812787,0.52,0.11333333333333327,-0.05857142857142837,0.8660254037844387,-0.4999999999999998,0.9859481499638304,-0.16705162550211924
MOXN082021,105.37,9.77,0.61,2021-04-26,0.08129924999999999,115.8353801812787,0.17,-0.17333333333333342,-0.17857142857142835,0.8660254037844387,-0.4999999999999998,0.9106046300942162,-0.4132786077829042
MOXN082021,105.37,9.77,0.61,2021-05-12,0.0758793,115.8353801812787,1.05,0.6166666666666666,0.2785714285714288,0.49999999999999994,-0.8660254037844387,0.7638886127905428,-0.6453481132295501
MOXN082021,105.37,9.77,0.61,2021-05-26,0.076782625,115.8353801812787,0.35000000000000003,-0.09000000000000015,-0.2014285714285712,0.49999999999999994,-0.8660254037844387,0.5877852522924732,-0.8090169943749473
MOXN082021,105.37,9.77,0.61,2021-06-11,0.06323275,115.8353801812787,0.78,0.48333333333333317,0.10857142857142883,1.2246467991473532e-16,-1.0,0.3456123126707335,-0.9383773917408641
MOXN082021,105.37,9.77,0.61,2021-06-24,0.06576206,115.8353801812787,0.75,0.2733333333333332,0.007142857142857387,1.2246467991473532e-16,-1.0,0.12874817745258132,-0.99167731989929
MOXN082021,105.37,9.77,0.61,2021-07-09,0.0712362095,115.8353801812787,0.9,0.3199999999999999,0.155714285714286,-0.4999999999999997,-0.8660254037844388,-0.12874817745258066,-0.99167731989929
MOXN092021,105.48,9.89,0.61,2021-01-27,0.05347684,105.81308671191343,0.75,0.4533333333333332,0.5814285714285716,0.49999999999999994,0.8660254037844387,0.4482293417404106,0.893918596519257
MOXN092021,105.48,9.89,0.61,2021-02-16,0.0036133,105.81308671191343,1.32,1.2733333333333332,0.8914285714285717,0.8660254037844386,0.5000000000000001,0.7236440382959124,0.6901733882429719
MOXN092021,105.48,9.89,0.61,2021-02-26,0.03793965,105.81308671191343,0.4,0.24333333333333318,0.2100000000000002,0.8660254037844386,0.5000000000000001,0.8311706263658079,0.5560174366570446
MOXN092021,105.48,9.89,1.48,2021-03-14,0.0469729,105.81308671191343,1.02,0.4633333333333332,0.17857142857142877,1.0,6.123233995736766e-17,0.9510565162951535,0.30901699437494745
MOXN092021,105.48,9.89,1.48,2021-03-28,0.0614261,105.81308671191343,0.5700000000000001,0.20333333333333317,-0.01714285714285696,1.0,6.123233995736766e-17,0.9973249731081555,0.07309512989807777
MOXN092021,105.48,9.89,1.48,2021-04-11,0.00541995,105.81308671191343,0.52,0.11333333333333327,-0.05857142857142837,0.8660254037844387,-0.4999999999999998,0.9859481499638304,-0.16705162550211924
MOXN092021,105.48,9.89,1.48,2021-05-12,0.07768595,105.81308671191343,1.05,0.6166666666666666,0.2785714285714288,0.49999999999999994,-0.8660254037844387,0.7638886127905428,-0.6453481132295501
MOXN092021,105.48,9.89,1.48,2021-05-26,0.04877955,105.81308671191343,0.35000000000000003,-0.09000000000000015,-0.2014285714285712,0.49999999999999994,-0.8660254037844387,0.5877852522924732,-0.8090169943749473
MOXN092021,105.48,9.89,1.48,2021-06-11,0.04877955,105.81308671191343,0.78,0.48333333333333317,0.10857142857142883,1.2246467991473532e-16,-1.0,0.3456123126707335,-0.9383773917408641
MOXN092021,105.48,9.89,1.48,2021-06-24,0.0578128,105.81308671191343,0.75,0.2733333333333332,0.007142857142857387,1.2246467991473532e-16,-1.0,0.12874817745258132,-0.99167731989929
MOXN092021,105.48,9.89,1.48,2021-07-09,0.0508933305,105.81308671191343,0.9,0.3199999999999999,0.155714285714286,-0.4999999999999997,-0.8660254037844388,-0.12874817745258066,-0.99167731989929
MOXN092021,105.48,9.89,1.48,2021-11-26,0.05600615,105.81308671191343,1.79,2.03,2.118571428571429,-0.5000000000000004,0.8660254037844384,-0.5667017562911184,0.8239230057575536
MOXN102021,105.56,10.06,1.48,2021-01-27,0.03577167,91.63693377079144,0.81,0.5566666666666665,0.5485714285714287,0.49999999999999994,0.8660254037844387,0.4482293417404106,0.893918596519257
MOXN102021,105.56,10.06,1.48,2021-02-16,0.02709975,91.63693377079144,1.08,1.3233333333333333,1.025714285714286,0.8660254037844386,0.5000000000000001,0.7236440382959124,0.6901733882429719
MOXN102021,105.56,10.06,1.48,2021-02-26,0.0325197,91.63693377079144,0.61,0.30666666666666653,0.21000000000000016,0.8660254037844386,0.5000000000000001,0.8311706263658079,0.5560174366570446
MOXN102021,105.56,10.06,1.0,2021-03-14,0.04516625,91.63693377079144,1.24,0.7399999999999999,0.3342857142857145,1.0,6.123233995736766e-17,0.9510565162951535,0.30901699437494745
MOXN102021,105.56,10.06,1.0,2021-03-28,0.0397463,91.63693377079144,0.93,0.41333333333333316,0.08428571428571449,1.0,6.123233995736766e-17,0.9973249731081555,0.07309512989807777
MOXN102021,105.56,10.06,1.0,2021-04-11,0.0397463,91.63693377079144,0.9400000000000001,0.32333333333333325,0.01571428571428592,0.8660254037844387,-0.4999999999999998,0.9859481499638304,-0.16705162550211924
MOXN102021,105.56,10.06,1.0,2021-05-12,0.0469729,91.63693377079144,1.04,0.8766666666666666,0.43571428571428594,0.49999999999999994,-0.8660254037844387,0.7638886127905428,-0.6453481132295501
MOXN102021,105.56,10.06,1.0,2021-05-26,0.0505862,91.63693377079144,0.9,0.09999999999999987,-0.1114285714285712,0.49999999999999994,-0.8660254037844387,0.5877852522924732,-0.8090169943749473
MOXN102021,105.56,10.06,1.0,2021-06-11,0.0505862,91.63693377079144,0.75,0.6833333333333332,0.25142857142857167,1.2246467991473532e-16,-1.0,0.3456123126707335,-0.9383773917408641
MOXN102021,105.56,10.06,1.0,2021-06-24,0.0289064,91.63693377079144,1.1,0.47333333333333316,0.1671428571428574,1.2246467991473532e-16,-1.0,0.12874817745258132,-0.99167731989929
MOXN102021,105.56,10.06,1.0,2021-07-09,0.04263694,91.63693377079144,0.99,0.6,0.2742857142857146,-0.4999999999999997,-0.8660254037844388,-0.12874817745258066,-0.99167731989929
MOXN102021,105.56,10.06,1.0,2021-11-26,0.0397463,91.63693377079144,1.81,1.9266666666666667,2.055714285714286,-0.5000000000000004,0.8660254037844384,-0.5667017562911184,0.8239230057575536
MOXN112021,105.62,10.12,1.0,2021-01-27,0.03396502,89.09444504020627,0.81,0.5566666666666665,0.5485714285714287,0.49999999999999994,0.8660254037844387,0.4482293417404106,0.893918596519257
MOXN112021,105.62,10.12,1.0,2021-02-16,0.02709975,89.09444504020627,1.08,1.3233333333333333,1.025714285714286,0.8660254037844386,0.5000000000000001,0.7236440382959124,0.6901733882429719
MOXN112021,105.62,10.12,1.0,2021-02-26,0.03432635,89.09444504020627,0.61,0.30666666666666653,0.21000000000000016,0.8660254037844386,0.5000000000000001,0.8311706263658079,0.5560174366570446
MOXN112021,105.62,10.12,0.45,2021-03-14,0.0036133,89.09444504020627,1.24,0.7399999999999999,0.3342857142857145,1.0,6.123233995736766e-17,0.9510565162951535,0.30901699437494745
MOXN112021,105.62,10.12,0.45,2021-03-28,0.03793965,89.09444504020627,0.93,0.41333333333333316,0.08428571428571449,1.0,6.123233995736766e-17,0.9973249731081555,0.07309512989807777
MOXN112021,105.62,10.12,0.45,2021-04-11,0.05239285,89.09444504020627,0.9400000000000001,0.32333333333333325,0.01571428571428592,0.8660254037844387,-0.4999999999999998,0.9859481499638304,-0.16705162550211924
MOXN112021,105.62,10.12,0.45,2021-05-12,0.0433596,89.09444504020627,1.04,0.8766666666666666,0.43571428571428594,0.49999999999999994,-0.8660254037844387,0.7638886127905428,-0.6453481132295501
MOXN112021,105.62,10.12,0.45,2021-05-26,0.0433596,89.09444504020627,0.9,0.09999999999999987,-0.1114285714285712,0.49999999999999994,-0.8660254037844387,0.5877852522924732,-0.8090169943749473
MOXN112021,105.62,10.12,0.45,2021-06-11,0.03071305,89.09444504020627,0.75,0.6833333333333332,0.25142857142857167,1.2246467991473532e-16,-1.0,0.3456123126707335,-0.9383773917408641
MOXN112021,105.62,10.12,0.45,2021-06-24,0.0216798,89.09444504020627,1.1,0.47333333333333316,0.1671428571428574,1.2246467991473532e-16,-1.0,0.12874817745258132,-0.99167731989929
MOXN112021,105.62,10.12,0.45,2021-07-09,0.032411301,89.09444504020627,0.99,0.6,0.2742857142857146,-0.4999999999999997,-0.8660254037844388,-0.12874817745258066,-0.99167731989929
MOXN112021,105.62,10.12,0.45,2021-11-26,0.05239285,89.09444504020627,1.81,1.9266666666666667,2.055714285714286,-0.5000000000000004,0.8660254037844384,-0.5667017562911184,0.8239230057575536
MOXN122021,105.69,9.99,0.45,2021-01-27,0.0036133,105.41083933553759,0.75,0.4533333333333332,0.5814285714285716,0.49999999999999994,0.8660254037844387,0.4482293417404106,0.893918596519257
MOXN122021,105.69,9.99,0.45,2021-02-16,0.02709975,105.41083933553759,1.32,1.2733333333333332,0.8914285714285717,0.8660254037844386,0.5000000000000001,0.7236440382959124,0.6901733882429719
MOXN122021,105.69,9.99,0.45,2021-02-26,0.0325197,105.41083933553759,0.4,0.24333333333333318,0.2100000000000002,0.8660254037844386,0.5000000000000001,0.8311706263658079,0.5560174366570446
MOXN122021,105.69,9.99,0.94,2021-03-14,0.0036133,105.41083933553759,1.02,0.4633333333333332,0.17857142857142877,1.0,6.123233995736766e-17,0.9510565162951535,0.30901699437494745
MOXN122021,105.69,9.99,0.94,2021-03-28,0.0060884104999999996,105.41083933553759,0.5700000000000001,0.20333333333333317,-0.01714285714285696,1.0,6.123233995736766e-17,0.9973249731081555,0.07309512989807777
MOXN122021,105.69,9.99,0.94,2021-04-11,0.00541995,105.41083933553759,0.52,0.11333333333333327,-0.05857142857142837,0.8660254037844387,-0.4999999999999998,0.9859481499638304,-0.16705162550211924
MOXN122021,105.69,9.99,0.94,2021-04-26,0.039565634999999995,105.41083933553759,0.17,-0.17333333333333342,-0.17857142857142835,0.8660254037844387,-0.4999999999999998,0.9106046300942162,-0.4132786077829042
MOXN122021,105.69,9.99,0.94,2021-05-12,0.050766865,105.41083933553759,1.05,0.6166666666666666,0.2785714285714288,0.49999999999999994,-0.8660254037844387,0.7638886127905428,-0.6453481132295501
MOXN122021,105.69,9.99,0.94,2021-05-26,0.0578128,105.41083933553759,0.35000000000000003,-0.09000000000000015,-0.2014285714285712,0.49999999999999994,-0.8660254037844387,0.5877852522924732,-0.8090169943749473
MOXN122021,105.69,9.99,0.94,2021-06-11,0.043178934999999995,105.41083933553759,0.78,0.48333333333333317,0.10857142857142883,1.2246467991473532e-16,-1.0,0.3456123126707335,-0.9383773917408641
MOXN122021,105.69,9.99,0.94,2021-06-24,0.04010763,105.41083933553759,0.75,0.2733333333333332,0.007142857142857387,1.2246467991473532e-16,-1.0,0.12874817745258132,-0.99167731989929
MOXN122021,105.69,9.99,0.94,2021-07-09,0.0335133575,105.41083933553759,0.9,0.3199999999999999,0.155714285714286,-0.4999999999999997,-0.8660254037844388,-0.12874817745258066,-0.99167731989929
MOXN132021,105.46,9.78,0.94,2021-01-14,0.0433596,116.91770891893002,1.4100000000000001,1.1899999999999997,1.0671428571428574,0.49999999999999994,0.8660254037844387,0.2386727660059501,0.9711000518829505
MOXN132021,105.46,9.78,0.94,2021-01-27,0.04010763,116.91770891893002,0.75,0.4533333333333332,0.5814285714285716,0.49999999999999994,0.8660254037844387,0.4482293417404106,0.893918596519257
MOXN132021,105.46,9.78,0.94,2021-02-16,0.02709975,116.91770891893002,1.32,1.2733333333333332,0.8914285714285717,0.8660254037844386,0.5000000000000001,0.7236440382959124,0.6901733882429719
MOXN132021,105.46,9.78,0.94,2021-02-26,0.0325197,116.91770891893002,0.4,0.24333333333333318,0.2100000000000002,0.8660254037844386,0.5000000000000001,0.8311706263658079,0.5560174366570446
MOXN132021,105.46,9.78,0.94,2021-03-14,0.03793965,116.91770891893002,1.02,0.4633333333333332,0.17857142857142877,1.0,6.123233995736766e-17,0.9510565162951535,0.30901699437494745
MOXN132021,105.46,9.78,0.94,2021-03-28,0.04516625,116.91770891893002,0.5700000000000001,0.20333333333333317,-0.01714285714285696,1.0,6.123233995736766e-17,0.9973249731081555,0.07309512989807777
MOXN132021,105.46,9.78,0.94,2021-04-26,0.0578128,116.91770891893002,0.17,-0.17333333333333342,-0.17857142857142835,0.8660254037844387,-0.4999999999999998,0.9106046300942162,-0.4132786077829042
MOXN132021,105.46,9.78,0.77,2021-05-12,0.060522775,116.91770891893002,1.05,0.6166666666666666,0.2785714285714288,0.49999999999999994,-0.8660254037844387,0.7638886127905428,-0.6453481132295501
MOXN132021,105.46,9.78,0.77,2021-05-26,0.06395540999999999,116.91770891893002,0.35000000000000003,-0.09000000000000015,-0.2014285714285712,0.49999999999999994,-0.8660254037844387,0.5877852522924732,-0.8090169943749473
MOXN132021,105.46,9.78,0.77,2021-06-11,0.04805689,116.91770891893002,0.78,0.48333333333333317,0.10857142857142883,1.2246467991473532e-16,-1.0,0.3456123126707335,-0.9383773917408641
MOXN132021,105.46,9.78,0.77,2021-06-24,0.056186815,116.91770891893002,0.75,0.2733333333333332,0.007142857142857387,1.2246467991473532e-16,-1.0,0.12874817745258132,-0.99167731989929
MOXN132021,105.46,9.78,0.77,2021-07-09,0.04480492,116.91770891893002,0.9,0.3199999999999999,0.155714285714286,-0.4999999999999997,-0.8660254037844388,-0.12874817745258066,-0.99167731989929
NMT0012021,105.99,10.02,1.36,2021-01-27,0.086177205,123.50833086267951,0.75,0.4533333333333332,0.5814285714285716,0.49999999999999994,0.8660254037844387,0.4482293417404106,0.893918596519257
NMT0012021,105.99,10.02,1.36,2021-02-16,0.072085335,123.50833086267951,1.32,1.2733333333333332,0.8914285714285717,0.8660254037844386,0.5000000000000001,0.7236440382959124,0.6901733882429719
NMT0012021,105.99,10.02,1.36,2021-03-14,0.085093215,123.50833086267951,1.02,0.4633333333333332,0.17857142857142877,1.0,6.123233995736766e-17,0.9510565162951535,0.30901699437494745
NMT0012021,105.99,10.02,1.36,2021-03-29,0.061787430000000004,123.50833086267951,0.93,0.41333333333333316,0.08428571428571449,1.0,6.123233995736766e-17,0.9984354211555643,0.055916990100603484
NMT0012021,105.99,10.02,1.36,2021-05-13,0.044262924999999995,123.50833086267951,1.04,0.8766666666666666,0.43571428571428594,0.49999999999999994,-0.8660254037844387,0.7526668275320085,-0.6584015846980488
NMT0012021,105.99,10.02,1.36,2021-05-26,0.04516625,123.50833086267951,0.35000000000000003,-0.09000000000000015,-0.2014285714285712,0.49999999999999994,-0.8660254037844387,0.5877852522924732,-0.8090169943749473
NMT0012021,105.99,10.02,1.36,2021-06-11,0.058354794999999994,123.50833086267951,0.78,0.48333333333333317,0.10857142857142883,1.2246467991473532e-16,-1.0,0.3456123126707335,-0.9383773917408641
NMT0012021,105.99,10.02,1.36,2021-06-24,0.001987315,123.50833086267951,0.75,0.2733333333333332,0.007142857142857387,1.2246467991473532e-16,-1.0,0.12874817745258132,-0.99167731989929
NMT0022021,106.11,10.1,0.67,2021-01-27,0.0252931,127.64070592178031,0.75,0.4533333333333332,0.5814285714285716,0.49999999999999994,0.8660254037844387,0.4482293417404106,0.893918596519257
NMT0022021,106.11,10.1,0.67,2021-02-16,0.13766673,127.64070592178031,1.32,1.2733333333333332,0.8914285714285717,0.8660254037844386,0.5000000000000001,0.7236440382959124,0.6901733882429719
NMT0022021,106.11,10.1,0.67,2021-02-26,0.12357486000000001,127.64070592178031,0.4,0.24333333333333318,0.2100000000000002,0.8660254037844386,0.5000000000000001,0.8311706263658079,0.5560174366570446
NMT0022021,106.11,10.1,0.67,2021-03-14,0.21499135,127.64070592178031,1.02,0.4633333333333332,0.17857142857142877,1.0,6.123233995736766e-17,0.9510565162951535,0.30901699437494745
NMT0022021,106.11,10.1,0.67,2021-03-29,0.079673265,127.64070592178031,0.93,0.41333333333333316,0.08428571428571449,1.0,6.123233995736766e-17,0.9984354211555643,0.055916990100603484
NMT0022021,106.11,10.1,0.67,2021-04-11,0.22221795,127.64070592178031,0.52,0.11333333333333327,-0.05857142857142837,0.8660254037844387,-0.4999999999999998,0.9859481499638304,-0.16705162550211924
NMT0022021,106.11,10.1,0.67,2021-04-27,0.20415144999999998,127.64070592178031,0.48,-0.0333333333333334,-0.14285714285714263,0.8660254037844387,-0.4999999999999998,0.9033558023246845,-0.4288919379124835
NMT0022021,106.11,10.1,0.67,2021-05-26,0.22041129999999998,127.64070592178031,0.35000000000000003,-0.09000000000000015,-0.2014285714285712,0.49999999999999994,-0.8660254037844387,0.5877852522924732,-0.8090169943749473
NMT0022021,106.11,10.1,0.67,2021-06-11,0.24028444999999998,127.64070592178031,0.78,0.48333333333333317,0.10857142857142883,1.2246467991473532e-16,-1.0,0.3456123126707335,-0.9383773917408641
NMT0022021,106.11,10.1,0.67,2021-06-24,0.00180665,127.64070592178031,0.75,0.2733333333333332,0.007142857142857387,1.2246467991473532e-16,-1.0,0.12874817745258132,-0.99167731989929
NMT0022021,106.11,10.1,1.36,2021-07-08,0.0072266,127.64070592178031,0.6000000000000001,0.1266666666666665,0.08857142857142884,-0.4999999999999997,-0.8660254037844388,-0.11165900712169444,-0.9937465804361781
NMT0022021,106.11,10.1,0.67,2021-07-08,0.164585815,127.64070592178031,0.6000000000000001,0.1266666666666665,0.08857142857142884,-0.4999999999999997,-0.8660254037844388,-0.11165900712169444,-0.9937465804361781
NMT0032021,106.02,9.87,0.67,2021-01-27,0.0469729,137.84960763406423,0.48,0.43666666666666654,0.7014285714285716,0.49999999999999994,0.8660254037844387,0.4482293417404106,0.893918596519257
NMT0032021,106.02,9.87,0.76,2021-02-16,0.0252931,137.84960763406423,1.35,1.133333333333333,0.7414285714285717,0.8660254037844386,0.5000000000000001,0.7236440382959124,0.6901733882429719
NMT0032021,106.02,9.87,0.76,2021-02-26,0.02348645,137.84960763406423,0.29,0.17666666666666653,0.2700000000000002,0.8660254037844386,0.5000000000000001,0.8311706263658079,0.5560174366570446
NMT0032021,106.02,9.87,0.76,2021-03-14,0.34507014999999996,137.84960763406423,0.74,0.21999999999999986,0.10857142857142876,1.0,6.123233995736766e-17,0.9510565162951535,0.30901699437494745
NMT0032021,106.02,9.87,0.76,2021-03-29,0.05239285,137.84960763406423,0.5700000000000001,0.20333333333333317,-0.01714285714285696,1.0,6.123233995736766e-17,0.9984354211555643,0.055916990100603484
NMT0032021,106.02,9.87,0.76,2021-04-11,0.2818374,137.84960763406423,0.30000000000000004,-0.05000000000000008,-0.022857142857142663,0.8660254037844387,-0.4999999999999998,0.9859481499638304,-0.16705162550211924
NMT0032021,106.02,9.87,0.76,2021-05-13,0.044262924999999995,137.84960763406423,1.05,0.6166666666666666,0.2785714285714288,0.49999999999999994,-0.8660254037844387,0.7526668275320085,-0.6584015846980488
NMT0032021,106.02,9.87,0.76,2021-06-11,0.00397463,137.84960763406423,0.78,0.19666666666666652,-0.03285714285714259,1.2246467991473532e-16,-1.0,0.3456123126707335,-0.9383773917408641
NMT0032021,106.02,9.87,0.76,2021-06-24,0.02782241,137.84960763406423,0.43,0.1466666666666665,-0.08285714285714262,1.2246467991473532e-16,-1.0,0.12874817745258132,-0.99167731989929
NMT0032021,106.02,9.87,0.76,2021-07-08,0.050044204999999994,137.84960763406423,0.30000000000000004,0.026666666666666516,0.09428571428571454,-0.4999999999999997,-0.8660254037844388,-0.11165900712169444,-0.9937465804361781
NMT0042021,106.21,10.0,0.76,2021-01-27,1.0406304,143.1074295170211,0.48,0.43666666666666654,0.7014285714285716,0.49999999999999994,0.8660254037844387,0.4482293417404106,0.893918596519257
NMT0042021,106.21,10.0,0.76,2021-02-16,0.02348645,143.1074295170211,1.35,1.133333333333333,0.7414285714285717,0.8660254037844386,0.5000000000000001,0.7236440382959124,0.6901733882429719
NMT0042021,106.21,10.0,0.76,2021-02-26,0.20595809999999998,143.1074295170211,0.29,0.17666666666666653,0.2700000000000002,0.8660254037844386,0.5000000000000001,0.8311706263658079,0.5560174366570446
NMT0042021,106.21,10.0,0.73,2021-03-14,0.1698251,143.1074295170211,0.74,0.21999999999999986,0.10857142857142876,1.0,6.123233995736766e-17,0.9510565162951535,0.30901699437494745
NMT0042021,106.21,10.0,0.73,2021-03-29,0.17000576499999998,143.1074295170211,0.5700000000000001,0.20333333333333317,-0.01714285714285696,1.0,6.123233995736766e-17,0.9984354211555643,0.055916990100603484
NMT0042021,106.21,10.0,0.73,2021-04-11,0.00180665,143.1074295170211,0.30000000000000004,-0.05000000000000008,-0.022857142857142663,0.8660254037844387,-0.4999999999999998,0.9859481499638304,-0.16705162550211924
NMT0042021,106.21,10.0,0.73,2021-04-27,0.28725734999999997,143.1074295170211,0.17,-0.17333333333333342,-0.17857142857142835,0.8660254037844387,-0.4999999999999998,0.9033558023246845,-0.4288919379124835
NMT0042021,106.21,10.0,0.73,2021-05-13,0.09864309,143.1074295170211,1.05,0.6166666666666666,0.2785714285714288,0.49999999999999994,-0.8660254037844387,0.7526668275320085,-0.6584015846980488
NMT0042021,106.21,10.0,0.73,2021-05-26,0.07045935,143.1074295170211,0.07,-0.1966666666666668,-0.21714285714285692,0.49999999999999994,-0.8660254037844387,0.5877852522924732,-0.8090169943749473
NMT0042021,106.21,10.0,0.73,2021-06-11,0.05600615,143.1074295170211,0.78,0.19666666666666652,-0.03285714285714259,1.2246467991473532e-16,-1.0,0.3456123126707335,-0.9383773917408641
NMT0042021,106.21,10.0,0.73,2021-06-24,0.03866231,143.1074295170211,0.43,0.1466666666666665,-0.08285714285714262,1.2246467991473532e-16,-1.0,0.12874817745258132,-0.99167731989929
NMT0042021,106.21,10.0,0.73,2021-07-08,0.04155295,143.1074295170211,0.30000000000000004,0.026666666666666516,0.09428571428571454,-0.4999999999999997,-0.8660254037844388,-0.11165900712169444,-0.9937465804361781
NMT0052021,106.14,9.92,0.73,2021-01-27,0.22221795,143.07284384048816,0.48,0.43666666666666654,0.7014285714285716,0.49999999999999994,0.8660254037844387,0.4482293417404106,0.893918596519257
NMT0052021,106.14,9.92,0.73,2021-02-16,0.17578704499999998,143.07284384048816,1.35,1.133333333333333,0.7414285714285717,0.8660254037844386,0.5000000000000001,0.7236440382959124,0.6901733882429719
NMT0052021,106.14,9.92,0.73,2021-02-26,0.17777436,143.07284384048816,0.29,0.17666666666666653,0.2700000000000002,0.8660254037844386,0.5000000000000001,0.8311706263658079,0.5560174366570446
NMT0052021,106.14,9.92,0.68,2021-03-14,0.33784355,143.07284384048816,0.74,0.21999999999999986,0.10857142857142876,1.0,6.123233995736766e-17,0.9510565162951535,0.30901699437494745
NMT0052021,106.14,9.92,0.68,2021-03-29,0.13694407,143.07284384048816,0.5700000000000001,0.20333333333333317,-0.01714285714285696,1.0,6.123233995736766e-17,0.9984354211555643,0.055916990100603484
NMT0052021,106.14,9.92,0.68,2021-04-11,0.002312512,143.07284384048816,0.30000000000000004,-0.05000000000000008,-0.022857142857142663,0.8660254037844387,-0.4999999999999998,0.9859481499638304,-0.16705162550211924
NMT0052021,106.14,9.92,0.68,2021-04-27,0.059800115,143.07284384048816,0.17,-0.17333333333333342,-0.17857142857142835,0.8660254037844387,-0.4999999999999998,0.9033558023246845,-0.4288919379124835
NMT0052021,106.14,9.92,0.68,2021-05-13,0.3396502,143.07284384048816,1.05,0.6166666666666666,0.2785714285714288,0.49999999999999994,-0.8660254037844387,0.7526668275320085,-0.6584015846980488
NMT0052021,106.14,9.92,0.68,2021-05-26,0.3902364,143.07284384048816,0.07,-0.1966666666666668,-0.21714285714285692,0.49999999999999994,-0.8660254037844387,0.5877852522924732,-0.8090169943749473
NMT0052021,106.14,9.92,0.68,2021-06-11,0.16837978,143.07284384048816,0.78,0.19666666666666652,-0.03285714285714259,1.2246467991473532e-16,-1.0,0.3456123126707335,-0.9383773917408641
NMT0052021,106.14,9.92,0.68,2021-06-24,0.106773015,143.07284384048816,0.43,0.1466666666666665,-0.08285714285714262,1.2246467991473532e-16,-1.0,0.12874817745258132,-0.99167731989929
NMT0052021,106.14,9.92,0.68,2021-07-08,0.20415144999999998,143.07284384048816,0.30000000000000004,0.026666666666666516,0.09428571428571454,-0.4999999999999997,-0.8660254037844388,-0.11165900712169444,-0.9937465804361781
NMT0062021,106.31,9.99,0.68,2021-01-27,0.49863539999999995,152.51002034535165,0.48,0.43666666666666654,0.7014285714285716,0.49999999999999994,0.8660254037844387,0.4482293417404106,0.893918596519257
NMT0062021,106.31,9.99,0.68,2021-02-16,0.70640015,152.51002034535165,1.35,1.133333333333333,0.7414285714285717,0.8660254037844386,0.5000000000000001,0.7236440382959124,0.6901733882429719
NMT0062021,106.31,9.99,0.68,2021-02-26,0.49863539999999995,152.51002034535165,0.29,0.17666666666666653,0.2700000000000002,0.8660254037844386,0.5000000000000001,0.8311706263658079,0.5560174366570446
NMT0062021,106.31,9.99,1.15,2021-03-14,0.56909475,152.51002034535165,0.74,0.21999999999999986,0.10857142857142876,1.0,6.123233995736766e-17,0.9510565162951535,0.30901699437494745
NMT0062021,106.31,9.99,1.15,2021-03-29,0.40288294999999996,152.51002034535165,0.5700000000000001,0.20333333333333317,-0.01714285714285696,1.0,6.123233995736766e-17,0.9984354211555643,0.055916990100603484
NMT0062021,106.31,9.99,1.15,2021-04-11,0.4588891,152.51002034535165,0.30000000000000004,-0.05000000000000008,-0.022857142857142663,0.8660254037844387,-0.4999999999999998,0.9859481499638304,-0.16705162550211924
NMT0062021,106.31,9.99,1.15,2021-04-27,0.47514894999999996,152.51002034535165,0.17,-0.17333333333333342,-0.17857142857142835,0.8660254037844387,-0.4999999999999998,0.9033558023246845,-0.4288919379124835
NMT0062021,106.31,9.99,1.15,2021-05-13,0.53296175,152.51002034535165,1.05,0.6166666666666666,0.2785714285714288,0.49999999999999994,-0.8660254037844387,0.7526668275320085,-0.6584015846980488
NMT0062021,106.31,9.99,1.15,2021-05-26,0.57632135,152.51002034535165,0.07,-0.1966666666666668,-0.21714285714285692,0.49999999999999994,-0.8660254037844387,0.5877852522924732,-0.8090169943749473
NMT0062021,106.31,9.99,1.15,2021-06-11,0.5853546,152.51002034535165,0.78,0.19666666666666652,-0.03285714285714259,1.2246467991473532e-16,-1.0,0.3456123126707335,-0.9383773917408641
NMT0062021,106.31,9.99,1.15,2021-06-24,0.030171055,152.51002034535165,0.43,0.1466666666666665,-0.08285714285714262,1.2246467991473532e-16,-1.0,0.12874817745258132,-0.99167731989929
NMT0062021,106.31,9.99,1.15,2021-07-08,0.28725734999999997,152.51002034535165,0.30000000000000004,0.026666666666666516,0.09428571428571454,-0.4999999999999997,-0.8660254037844388,-0.11165900712169444,-0.9937465804361781
NMT0072021,106.28,9.81,1.15,2021-01-27,0.4444359,162.6398660424456,0.48,0.43666666666666654,0.7014285714285716,0.49999999999999994,0.8660254037844387,0.4482293417404106,0.893918596519257
NMT0072021,106.28,9.81,1.15,2021-02-16,0.58716125,162.6398660424456,1.35,1.133333333333333,0.7414285714285717,0.8660254037844386,0.5000000000000001,0.7236440382959124,0.6901733882429719
NMT0072021,106.28,9.81,1.15,2021-02-26,0.49502209999999996,162.6398660424456,0.29,0.17666666666666653,0.2700000000000002,0.8660254037844386,0.5000000000000001,0.8311706263658079,0.5560174366570446
NMT0072021,106.28,9.81,0.91,2021-03-14,0.50405535,162.6398660424456,0.74,0.21999999999999986,0.10857142857142876,1.0,6.123233995736766e-17,0.9510565162951535,0.30901699437494745
NMT0072021,106.28,9.81,0.91,2021-03-29,0.47514894999999996,162.6398660424456,0.5700000000000001,0.20333333333333317,-0.01714285714285696,1.0,6.123233995736766e-17,0.9984354211555643,0.055916990100603484
NMT0072021,106.28,9.81,0.91,2021-04-11,0.5094753,162.6398660424456,0.30000000000000004,-0.05000000000000008,-0.022857142857142663,0.8660254037844387,-0.4999999999999998,0.9859481499638304,-0.16705162550211924
NMT0072021,106.28,9.81,0.91,2021-04-27,0.49502209999999996,162.6398660424456,0.17,-0.17333333333333342,-0.17857142857142835,0.8660254037844387,-0.4999999999999998,0.9033558023246845,-0.4288919379124835
NMT0072021,106.28,9.81,0.91,2021-05-13,0.63774745,162.6398660424456,1.05,0.6166666666666666,0.2785714285714288,0.49999999999999994,-0.8660254037844387,0.7526668275320085,-0.6584015846980488
NMT0072021,106.28,9.81,0.91,2021-05-26,0.57270805,162.6398660424456,0.07,-0.1966666666666668,-0.21714285714285692,0.49999999999999994,-0.8660254037844387,0.5877852522924732,-0.8090169943749473
NMT0072021,106.28,9.81,0.91,2021-06-11,0.54018835,162.6398660424456,0.78,0.19666666666666652,-0.03285714285714259,1.2246467991473532e-16,-1.0,0.3456123126707335,-0.9383773917408641
NMT0072021,106.28,9.81,0.91,2021-06-24,0.00975591,162.6398660424456,0.43,0.1466666666666665,-0.08285714285714262,1.2246467991473532e-16,-1.0,0.12874817745258132,-0.99167731989929
NMT0072021,106.28,9.81,0.91,2021-07-08,0.2420911,162.6398660424456,0.30000000000000004,0.026666666666666516,0.09428571428571454,-0.4999999999999997,-0.8660254037844388,-0.11165900712169444,-0.9937465804361781
NMT0082021,106.15,9.76,0.91,2021-01-27,0.97739765,156.47575709080203,0.48,0.43666666666666654,0.7014285714285716,0.49999999999999994,0.8660254037844387,0.4482293417404106,0.893918596519257
NMT0082021,106.15,9.76,0.91,2021-02-16,0.0469729,156.47575709080203,1.35,1.133333333333333,0.7414285714285717,0.8660254037844386,0.5000000000000001,0.7236440382959124,0.6901733882429719
NMT0082021,106.15,9.76,0.91,2021-02-26,0.49863539999999995,156.47575709080203,0.29,0.17666666666666653,0.2700000000000002,0.8660254037844386,0.5000000000000001,0.8311706263658079,0.5560174366570446
NMT0082021,106.15,9.76,1.13,2021-03-14,0.81118585,156.47575709080203,0.74,0.21999999999999986,0.10857142857142876,1.0,6.123233995736766e-17,0.9510565162951535,0.30901699437494745
NMT0082021,106.15,9.76,1.13,2021-03-29,0.6413607499999999,156.47575709080203,0.5700000000000001,0.20333333333333317,-0.01714285714285696,1.0,6.123233995736766e-17,0.9984354211555643,0.055916990100603484
NMT0082021,106.15,9.76,1.13,2021-04-11,0.57993465,156.47575709080203,0.30000000000000004,-0.05000000000000008,-0.022857142857142663,0.8660254037844387,-0.4999999999999998,0.9859481499638304,-0.16705162550211924
NMT0082021,106.15,9.76,1.13,2021-04-27,0.04155295,156.47575709080203,0.17,-0.17333333333333342,-0.17857142857142835,0.8660254037844387,-0.4999999999999998,0.9033558023246845,-0.4288919379124835
NMT0082021,106.15,9.76,1.13,2021-05-13,0.03071305,156.47575709080203,1.05,0.6166666666666666,0.2785714285714288,0.49999999999999994,-0.8660254037844387,0.7526668275320085,-0.6584015846980488
NMT0082021,106.15,9.76,1.13,2021-05-26,0.15952719499999998,156.47575709080203,0.07,-0.1966666666666668,-0.21714285714285692,0.49999999999999994,-0.8660254037844387,0.5877852522924732,-0.8090169943749473
NMT0082021,106.15,9.76,1.13,2021-06-11,0.07768595,156.47575709080203,0.78,0.19666666666666652,-0.03285714285714259,1.2246467991473532e-16,-1.0,0.3456123126707335,-0.9383773917408641
NMT0082021,106.15,9.76,1.13,2021-06-24,0.02782241,156.47575709080203,0.43,0.1466666666666665,-0.08285714285714262,1.2246467991473532e-16,-1.0,0.12874817745258132,-0.99167731989929
NMT0082021,106.15,9.76,1.13,2021-07-08,0.70278685,156.47575709080203,0.30000000000000004,0.026666666666666516,0.09428571428571454,-0.4999999999999997,-0.8660254037844388,-0.11165900712169444,-0.9937465804361781
NMT0092021,106.26,9.7,1.13,2021-01-27,2.1968864,169.59980943347134,0.48,0.43666666666666654,0.7014285714285716,0.49999999999999994,0.8660254037844387,0.4482293417404106,0.893918596519257
NMT0092021,106.26,9.7,1.13,2021-02-16,0.9231981499999999,169.59980943347134,1.35,1.133333333333333,0.7414285714285717,0.8660254037844386,0.5000000000000001,0.7236440382959124,0.6901733882429719
NMT0092021,106.26,9.7,1.13,2021-02-26,0.8888718,169.59980943347134,0.29,0.17666666666666653,0.2700000000000002,0.8660254037844386,0.5000000000000001,0.8311706263658079,0.5560174366570446
NMT0092021,106.26,9.7,0.47,2021-03-14,0.1300788,169.59980943347134,0.74,0.21999999999999986,0.10857142857142876,1.0,6.123233995736766e-17,0.9510565162951535,0.30901699437494745
NMT0092021,106.26,9.7,0.47,2021-03-29,1.04966365,169.59980943347134,0.5700000000000001,0.20333333333333317,-0.01714285714285696,1.0,6.123233995736766e-17,0.9984354211555643,0.055916990100603484
NMT0092021,106.26,9.7,0.47,2021-04-11,0.8726119499999999,169.59980943347134,0.30000000000000004,-0.05000000000000008,-0.022857142857142663,0.8660254037844387,-0.4999999999999998,0.9859481499638304,-0.16705162550211924
NMT0092021,106.26,9.7,0.47,2021-04-27,0.52934845,169.59980943347134,0.17,-0.17333333333333342,-0.17857142857142835,0.8660254037844387,-0.4999999999999998,0.9033558023246845,-0.4288919379124835
NMT0092021,106.26,9.7,0.47,2021-05-13,0.0867192,169.59980943347134,1.05,0.6166666666666666,0.2785714285714288,0.49999999999999994,-0.8660254037844387,0.7526668275320085,-0.6584015846980488
NMT0092021,106.26,9.7,0.47,2021-05-26,0.9611377999999999,169.59980943347134,0.07,-0.1966666666666668,-0.21714285714285692,0.49999999999999994,-0.8660254037844387,0.5877852522924732,-0.8090169943749473
NMT0092021,106.26,9.7,0.47,2021-06-11,0.6359408,169.59980943347134,0.78,0.19666666666666652,-0.03285714285714259,1.2246467991473532e-16,-1.0,0.3456123126707335,-0.9383773917408641
NMT0092021,106.26,9.7,0.47,2021-06-24,0.3902364,169.59980943347134,0.43,0.1466666666666665,-0.08285714285714262,1.2246467991473532e-16,-1.0,0.12874817745258132,-0.99167731989929
NMT0092021,106.26,9.7,0.47,2021-07-08,0.47153565,169.59980943347134,0.30000000000000004,0.026666666666666516,0.09428571428571454,-0.4999999999999997,-0.8660254037844388,-0.11165900712169444,-0.9937465804361781
NMT0102021,106.38,9.66,0.47,2021-01-27,1.02437055,182.04928541273546,0.44,0.48333333333333317,0.8600000000000002,0.49999999999999994,0.8660254037844387,0.4482293417404106,0.893918596519257
NMT0102021,106.38,9.66,0.47,2021-02-16,0.84009225,182.04928541273546,1.3,0.9166666666666665,0.6000000000000002,0.8660254037844386,0.5000000000000001,0.7236440382959124,0.6901733882429719
NMT0102021,106.38,9.66,0.47,2021-02-26,0.9412646499999999,182.04928541273546,0.23,0.14999999999999983,0.3914285714285716,0.8660254037844386,0.5000000000000001,0.8311706263658079,0.5560174366570446
NMT0102021,106.38,9.66,1.66,2021-03-14,1.0081107,182.04928541273546,0.46,0.05666666666666651,0.1257142857142859,1.0,6.123233995736766e-17,0.9510565162951535,0.30901699437494745
NMT0102021,106.38,9.66,1.66,2021-03-29,0.8238323999999999,182.04928541273546,0.43,-0.006666666666666821,-0.041428571428571245,1.0,6.123233995736766e-17,0.9984354211555643,0.055916990100603484
NMT0102021,106.38,9.66,1.66,2021-04-11,0.6756871,182.04928541273546,0.15,-0.18333333333333343,0.09285714285714305,0.8660254037844387,-0.4999999999999998,0.9859481499638304,-0.16705162550211924
NMT0102021,106.38,9.66,1.66,2021-04-27,0.7009801999999999,182.04928541273546,-0.08,-0.2333333333333334,-0.12857142857142834,0.8660254037844387,-0.4999999999999998,0.9033558023246845,-0.4288919379124835
NMT0102021,106.38,9.66,1.66,2021-05-13,0.8997117,182.04928541273546,1.09,0.2966666666666665,0.10714285714285736,0.49999999999999994,-0.8660254037844387,0.7526668275320085,-0.6584015846980488
NMT0102021,106.38,9.66,1.66,2021-05-26,0.12827215,182.04928541273546,-0.12,-0.25000000000000017,-0.1642857142857141,0.49999999999999994,-0.8660254037844387,0.5877852522924732,-0.8090169943749473
NMT0102021,106.38,9.66,1.66,2021-06-11,0.6034210999999999,182.04928541273546,0.49,-0.02666666666666682,-0.12142857142857119,1.2246467991473532e-16,-1.0,0.3456123126707335,-0.9383773917408641
NMT0102021,106.38,9.66,1.66,2021-06-24,0.0794926,182.04928541273546,0.24,0.009999999999999842,-0.1171428571428569,1.2246467991473532e-16,-1.0,0.12874817745258132,-0.99167731989929
NMT0102021,106.38,9.66,1.66,2021-07-08,0.6576206,182.04928541273546,0.06,0.01999999999999985,0.1814285714285717,-0.4999999999999997,-0.8660254037844388,-0.11165900712169444,-0.9937465804361781
NMT0112021,105.42,9.79,0.79,2021-01-27,0.2457044,114.76915809854594,0.75,0.4533333333333332,0.5814285714285716,0.49999999999999994,0.8660254037844387,0.4482293417404106,0.893918596519257
NMT0112021,105.42,9.79,0.79,2021-02-16,0.84009225,114.76915809854594,1.32,1.2733333333333332,0.8914285714285717,0.8660254037844386,0.5000000000000001,0.7236440382959124,0.6901733882429719
NMT0112021,105.42,9.79,0.79,2021-02-26,0.8834518499999999,114.76915809854594,0.4,0.24333333333333318,0.2100000000000002,0.8660254037844386,0.5000000000000001,0.8311706263658079,0.5560174366570446
NMT0112021,105.42,9.79,0.79,2021-03-14,0.1300788,114.76915809854594,1.02,0.4633333333333332,0.17857142857142877,1.0,6.123233995736766e-17,0.9510565162951535,0.30901699437494745
NMT0112021,105.42,9.79,0.79,2021-03-29,1.00269075,114.76915809854594,0.93,0.41333333333333316,0.08428571428571449,1.0,6.123233995736766e-17,0.9984354211555643,0.055916990100603484
NMT0112021,105.42,9.79,0.79,2021-04-11,0.09575244999999999,114.76915809854594,0.52,0.11333333333333327,-0.05857142857142837,0.8660254037844387,-0.4999999999999998,0.9859481499638304,-0.16705162550211924
NMT0112021,105.42,9.79,0.79,2021-04-27,0.7479530999999999,114.76915809854594,0.48,-0.0333333333333334,-0.14285714285714263,0.8660254037844387,-0.4999999999999998,0.9033558023246845,-0.4288919379124835
NMT0112021,105.42,9.79,0.79,2021-05-13,1.0153372999999999,114.76915809854594,1.04,0.8766666666666666,0.43571428571428594,0.49999999999999994,-0.8660254037844387,0.7526668275320085,-0.6584015846980488
NMT0112021,105.42,9.79,0.79,2021-05-26,1.47241975,114.76915809854594,0.35000000000000003,-0.09000000000000015,-0.2014285714285712,0.49999999999999994,-0.8660254037844387,0.5877852522924732,-0.8090169943749473
NMT0112021,105.42,9.79,0.79,2021-06-11,0.09575244999999999,114.76915809854594,0.78,0.48333333333333317,0.10857142857142883,1.2246467991473532e-16,-1.0,0.3456123126707335,-0.9383773917408641
NMT0112021,105.42,9.79,0.79,2021-06-24,0.98462425,114.76915809854594,0.75,0.2733333333333332,0.007142857142857387,1.2246467991473532e-16,-1.0,0.12874817745258132,-0.99167731989929
NMT0112021,105.42,9.79,1.0,2021-07-08,0.99546415,114.76915809854594,0.6000000000000001,0.1266666666666665,0.08857142857142884,-0.4999999999999997,-0.8660254037844388,-0.11165900712169444,-0.9937465804361781
NMT0122021,105.92,9.96,1.0,2021-01-27,0.0831059,123.10112131233551,0.75,0.4533333333333332,0.5814285714285716,0.49999999999999994,0.8660254037844387,0.4482293417404106,0.893918596519257
NMT0122021,105.92,9.96,1.0,2021-02-26,0.25112435,123.10112131233551,0.4,0.24333333333333318,0.2100000000000002,0.8660254037844386,0.5000000000000001,0.8311706263658079,0.5560174366570446
NMT0122021,105.92,9.96,1.0,2021-03-29,0.04191428,123.10112131233551,0.93,0.41333333333333316,0.08428571428571449,1.0,6.123233995736766e-17,0.9984354211555643,0.055916990100603484
NMT0122021,105.92,9.96,1.0,2021-04-27,0.035591004999999995,123.10112131233551,0.48,-0.0333333333333334,-0.14285714285714263,0.8660254037844387,-0.4999999999999998,0.9033558023246845,-0.4288919379124835
NMT0122021,105.92,9.96,1.0,2021-05-13,0.047514895,123.10112131233551,1.04,0.8766666666666666,0.43571428571428594,0.49999999999999994,-0.8660254037844387,0.7526668275320085,-0.6584015846980488
NMT0122021,105.92,9.96,1.0,2021-05-26,0.04480492,123.10112131233551,0.35000000000000003,-0.09000000000000015,-0.2014285714285712,0.49999999999999994,-0.8660254037844387,0.5877852522924732,-0.8090169943749473
NMT0122021,105.92,9.96,1.0,2021-06-11,0.03902364,123.10112131233551,0.78,0.48333333333333317,0.10857142857142883,1.2246467991473532e-16,-1.0,0.3456123126707335,-0.9383773917408641
NMT0122021,105.92,9.96,1.0,2021-06-24,0.02131847,123.10112131233551,0.75,0.2733333333333332,0.007142857142857387,1.2246467991473532e-16,-1.0,0.12874817745258132,-0.99167731989929
NMT0122021,105.92,9.96,1.0,2021-07-08,0.030532384999999995,123.10112131233551,0.6000000000000001,0.1266666666666665,0.08857142857142884,-0.4999999999999997,-0.8660254037844388,-0.11165900712169444,-0.9937465804361781
NMT0132021,106.17,10.16,1.0,2021-01-27,0.49321545,129.14843742257642,0.75,0.4533333333333332,0.5814285714285716,0.49999999999999994,0.8660254037844387,0.4482293417404106,0.893918596519257
NMT0132021,106.17,10.16,1.0,2021-02-16,0.02673842,129.14843742257642,1.32,1.2733333333333332,0.8914285714285717,0.8660254037844386,0.5000000000000001,0.7236440382959124,0.6901733882429719
NMT0132021,106.17,10.16,0.97,2021-02-26,0.25473765,129.14843742257642,0.4,0.24333333333333318,0.2100000000000002,0.8660254037844386,0.5000000000000001,0.8311706263658079,0.5560174366570446
NMT0132021,106.17,10.16,0.97,2021-03-14,0.043901595,129.14843742257642,1.02,0.4633333333333332,0.17857142857142877,1.0,6.123233995736766e-17,0.9510565162951535,0.30901699437494745
NMT0132021,106.17,10.16,0.97,2021-03-29,0.04119162,129.14843742257642,0.93,0.41333333333333316,0.08428571428571449,1.0,6.123233995736766e-17,0.9984354211555643,0.055916990100603484
NMT0132021,106.17,10.16,0.97,2021-04-27,0.6901402999999999,129.14843742257642,0.48,-0.0333333333333334,-0.14285714285714263,0.8660254037844387,-0.4999999999999998,0.9033558023246845,-0.4288919379124835
NMT0132021,106.17,10.16,0.97,2021-05-13,0.04914088,129.14843742257642,1.04,0.8766666666666666,0.43571428571428594,0.49999999999999994,-0.8660254037844387,0.7526668275320085,-0.6584015846980488
NMT0132021,106.17,10.16,0.97,2021-05-26,0.04408226,129.14843742257642,0.35000000000000003,-0.09000000000000015,-0.2014285714285712,0.49999999999999994,-0.8660254037844387,0.5877852522924732,-0.8090169943749473
NMT0132021,106.17,10.16,0.97,2021-06-11,0.038481645,129.14843742257642,0.78,0.48333333333333317,0.10857142857142883,1.2246467991473532e-16,-1.0,0.3456123126707335,-0.9383773917408641
NMT0132021,106.17,10.16,0.97,2021-06-24,0.025112435,129.14843742257642,0.75,0.2733333333333332,0.007142857142857387,1.2246467991473532e-16,-1.0,0.12874817745258132,-0.99167731989929
NMT0132021,106.17,10.16,0.97,2021-07-08,0.0036133,129.14843742257642,0.6000000000000001,0.1266666666666665,0.08857142857142884,-0.4999999999999997,-0.8660254037844388,-0.11165900712169444,-0.9937465804361781
QLPH012016,105.68,9.3,0.66,2016-02-29,3.6,174.98393064773836,0.635,0.4983333333333333,0.4257142857142858,0.8660254037844386,0.5000000000000001,0.8587639582758029,0.5123714121284237
QLPH012016,105.68,9.3,0.66,2016-03-15,4.6,174.98393064773836,0.67,0.8700000000000001,0.7628571428571428,1.0,6.123233995736766e-17,0.9611297838723007,0.27609697309746883
QLPH012016,105.68,9.3,0.66,2016-04-02,5.4,174.98393064773836,0.43,0.4566666666666666,0.5700000000000001,0.8660254037844387,-0.4999999999999998,0.9995462806873573,-0.030120304846908114
QLPH012016,105.68,9.3,0.66,2016-04-15,5.1,174.98393064773836,0.12,0.8066666666666666,0.7828571428571429,0.8660254037844387,-0.4999999999999998,0.9679377830240642,-0.25119006388481935
QLPH012016,105.68,9.3,0.66,2016-05-02,5.6,174.98393064773836,-0.08,0.14333333333333334,0.5171428571428571,0.49999999999999994,-0.8660254037844387,0.854322169749827,-0.5197438121555155
QLPH012016,105.68,9.3,0.66,2016-05-16,3.0,174.98393064773836,-0.02,0.27666666666666667,0.5700000000000001,0.49999999999999994,-0.8660254037844387,0.705583610107178,-0.7086266782644596
QLPH012016,105.68,9.3,0.66,2016-06-02,2.2,174.98393064773836,0.02,0.03999999999999996,0.3142857142857142,1.2246467991473532e-16,-1.0,0.4711595076738638,-0.8820480249558537
QLPH012016,105.68,9.3,0.66,2016-06-15,1.2,174.98393064773836,-0.02,0.15,0.5871428571428572,1.2246467991473532e-16,-1.0,0.26366549272800704,-0.9646141756912435
QLPH012017,105.68,9.3,0.64,2017-03-01,11.5,174.98393064773836,0.92,0.7633333333333331,0.59,1.0,6.123233995736766e-17,0.8587639582758029,0.5123714121284237
QLPH012017,105.68,9.3,0.64,2017-03-16,1.0,174.98393064773836,1.08,0.9666666666666665,0.6942857142857142,1.0,6.123233995736766e-17,0.9611297838723007,0.27609697309746883
QLPH012017,105.68,9.3,0.64,2017-04-01,1.9,174.98393064773836,1.21,0.8733333333333332,0.6414285714285715,0.8660254037844387,-0.4999999999999998,0.9999907397361901,0.004303538296244289
QLPH012017,105.68,9.3,0.64,2017-04-15,0.7,174.98393064773836,1.1,1.0833333333333333,0.8957142857142857,0.8660254037844387,-0.4999999999999998,0.9721181966290613,-0.23449138957040985
QLPH012017,105.68,9.3,0.64,2017-05-01,0.6,174.98393064773836,1.07,0.9099999999999998,0.6171428571428572,0.49999999999999994,-0.8660254037844387,0.8717063187093218,-0.4900286664290592
QLPH012017,105.68,9.3,0.64,2017-05-15,2.0,174.98393064773836,1.11,1.0799999999999998,0.7757142857142857,0.49999999999999994,-0.8660254037844387,0.7295575540864875,-0.6839194216246106
QLPH012017,105.68,9.3,0.64,2017-06-01,0.6,174.98393064773836,1.08,1.3066666666666666,1.0171428571428571,1.2246467991473532e-16,-1.0,0.5012418134457758,-0.865307254363206
QLPH012017,105.68,9.3,0.64,2017-06-15,0.6,174.98393064773836,1.03,1.2,1.0657142857142856,1.2246467991473532e-16,-1.0,0.28023067519921585,-0.9599326896597447
QLPH012019,105.68,9.3,0.64,2019-01-01,1.0,174.98393064773836,0.66,1.0099999999999998,1.2542857142857144,0.49999999999999994,0.8660254037844387,0.017213356155834685,0.9998518392091162
QLPH012019,105.68,9.3,0.64,2019-01-15,0.8,174.98393064773836,1.0,1.0399999999999998,1.2871428571428574,0.49999999999999994,0.8660254037844387,0.255353295116187,0.9668478136052775
QLPH012019,105.68,9.3,0.64,2019-02-01,1.2,174.98393064773836,0.62,0.7799999999999997,1.1500000000000001,0.8660254037844386,0.5000000000000001,0.5234156073655503,0.8520775211013093
QLPH012019,105.68,9.3,0.64,2019-02-19,3.6,174.98393064773836,0.58,0.26333333333333303,0.29142857142857154,0.8660254037844386,0.5000000000000001,0.7583058084785624,0.6518989958787126
QLPH012019,105.68,9.3,0.64,2019-03-04,3.2,174.98393064773836,0.49,0.16666666666666638,0.4642857142857144,1.0,6.123233995736766e-17,0.8840675099433636,0.4673592171580022
QLPH012019,105.68,9.3,0.64,2019-03-20,3.4,174.98393064773836,0.46,0.1599999999999997,0.2714285714285715,1.0,6.123233995736766e-17,0.9778483415056568,0.20931464596304847
QLPH012019,105.68,9.3,0.64,2019-04-01,0.8,174.98393064773836,0.42,0.3099999999999998,0.7257142857142858,0.8660254037844387,-0.4999999999999998,0.9999907397361901,0.004303538296244289
QLPH012019,105.68,9.3,0.64,2019-04-15,1.6,174.98393064773836,-0.03,0.5666666666666665,0.8257142857142858,0.8660254037844387,-0.4999999999999998,0.9721181966290613,-0.23449138957040985
QLPH012019,105.68,9.3,0.64,2019-05-01,0.5,174.98393064773836,0.30000000000000004,0.2266666666666665,0.5971428571428572,0.49999999999999994,-0.8660254037844387,0.8717063187093218,-0.4900286664290592
QLPH012019,105.68,9.3,0.64,2019-05-15,1.0,174.98393064773836,0.18,0.21666666666666648,0.5771428571428573,0.49999999999999994,-0.8660254037844387,0.7295575540864875,-0.6839194216246106
QLPH012020,105.68,9.3,0.64,2020-02-11,14.3,174.98393064773836,0.8300000000000001,0.36999999999999966,0.3542857142857144,0.8660254037844386,0.5000000000000001,0.6616346182422783,0.7498264012045686
QLPH012020,105.68,9.3,0.64,2020-02-25,2.6,174.98393064773836,0.92,0.41666666666666635,0.23285714285714296,0.8660254037844386,0.5000000000000001,0.8214765533024142,0.5702422926917871
QLPH012020,105.68,9.3,0.64,2020-03-14,3.5,174.98393064773836,1.09,0.6133333333333332,0.2685714285714287,1.0,6.123233995736766e-17,0.9562348265919056,0.29260033563334836
QLPH012020,105.68,9.3,0.64,2020-03-26,3.6,174.98393064773836,0.07,0.20999999999999977,0.052857142857142984,1.0,6.123233995736766e-17,0.995918996147179,0.09025161003104117
QLPH012020,105.68,9.3,0.64,2020-05-02,3.45,174.98393064773836,0.09,0.4599999999999997,0.6314285714285716,0.49999999999999994,-0.8660254037844387,0.854322169749827,-0.5197438121555155
QLPH012020,105.68,9.3,0.64,2020-05-11,3.3,174.98393064773836,0.9500000000000001,0.47999999999999976,0.1985714285714287,0.49999999999999994,-0.8660254037844387,0.7638886127905428,-0.6453481132295501
QLPH012020,105.68,9.3,0.64,2020-05-25,2.42,174.98393064773836,0.73,0.3333333333333331,-0.008571428571428437,0.49999999999999994,-0.8660254037844387,0.5877852522924732,-0.8090169943749473
QLPH012020,105.68,9.3,0.64,2020-06-09,2.4,174.98393064773836,0.92,0.31666666666666643,-0.09142857142857132,1.2246467991473532e-16,-1.0,0.36171373072976765,-0.9322892131745133
QLPH012020,105.68,9.3,0.64,2020-06-23,2.33,174.98393064773836,0.79,0.20666666666666642,-0.1514285714285713,1.2246467991473532e-16,-1.0,0.12874817745258132,-0.99167731989929
QLPH012021,105.68,9.3,0.64,2015-07-13,15.1,174.98393064773836,0.71,0.33833333333333326,0.19142857142857167,-0.4999999999999997,-0.8660254037844388,-0.19667288979357622,-0.9804691603616321
QLPH012022,105.68,9.3,0.64,2022-02-17,2.3,174.98393064773836,0.63,0.47000000000000003,0.5342857142857147,0.8660254037844386,0.5000000000000001,0.7354170229639855,0.6776147890466889
QLPH012022,105.68,9.3,0.64,2022-03-05,1.9,174.98393064773836,0.9500000000000001,0.6033333333333334,0.40000000000000036,1.0,6.123233995736766e-17,0.8919813464595485,0.45207220393230435
QLPH012022,105.68,9.3,0.64,2022-03-19,1.9,174.98393064773836,0.42,0.11333333333333327,0.06428571428571467,1.0,6.123233995736766e-17,0.9741004551724205,0.22611568550828828
QLPH012022,105.68,9.3,0.64,2022-04-03,0.9,174.98393064773836,0.61,0.15999999999999995,0.0457142857142861,0.8660254037844387,-0.4999999999999998,0.9995462806873573,-0.030120304846908114
QLPH012022,105.68,9.3,0.64,2022-04-17,0.3,174.98393064773836,0.17,0.1133333333333331,0.20857142857142894,0.8660254037844387,-0.4999999999999998,0.9634705485641488,-0.2678143051621742
QLPH012022,105.68,9.3,0.64,2022-05-03,0.9,174.98393064773836,0.9500000000000001,0.2599999999999998,0.09857142857142888,0.49999999999999994,-0.8660254037844387,0.854322169749827,-0.5197438121555155
QLPH012022,105.68,9.3,0.64,2022-05-17,0.5,174.98393064773836,0.44,0.23999999999999977,0.19857142857142887,0.49999999999999994,-0.8660254037844387,0.705583610107178,-0.7086266782644596
QLPH012022,105.68,9.3,0.64,2022-06-01,0.3,174.98393064773836,1.1,0.4733333333333331,0.2800000000000003,1.2246467991473532e-16,-1.0,0.5012418134457758,-0.865307254363206
QLPH012022,105.68,9.3,0.64,2022-06-15,3.2,174.98393064773836,0.6900000000000001,0.40999999999999975,0.37285714285714316,1.2246467991473532e-16,-1.0,0.28023067519921585,-0.9599326896597447
QLPH022016,105.53,9.26,0.54,2016-02-29,1.6,174.90949559922146,0.68,0.6399999999999999,0.567857142857143,0.8660254037844386,0.5000000000000001,0.8587639582758029,0.5123714121284237
QLPH022016,105.53,9.26,0.54,2016-03-15,1.7,174.90949559922146,0.67,0.8700000000000001,0.7628571428571428,1.0,6.123233995736766e-17,0.9611297838723007,0.27609697309746883
QLPH022016,105.53,9.26,0.54,2016-04-02,1.9,174.90949559922146,0.43,0.4566666666666666,0.5700000000000001,0.8660254037844387,-0.4999999999999998,0.9995462806873573,-0.030120304846908114
QLPH022016,105.53,9.26,0.54,2016-04-15,1.8,174.90949559922146,0.12,0.8066666666666666,0.7828571428571429,0.8660254037844387,-0.4999999999999998,0.9679377830240642,-0.25119006388481935
QLPH022016,105.53,9.26,0.54,2016-05-02,2.3,174.90949559922146,-0.08,0.14333333333333334,0.5171428571428571,0.49999999999999994,-0.8660254037844387,0.854322169749827,-0.5197438121555155
QLPH022016,105.53,9.26,0.54,2016-05-16,2.0,174.90949559922146,-0.02,0.27666666666666667,0.5700000000000001,0.49999999999999994,-0.8660254037844387,0.705583610107178,-0.7086266782644596
QLPH022016,105.53,9.26,0.54,2016-06-02,1.7,174.90949559922146,0.02,0.03999999999999996,0.3142857142857142,1.2246467991473532e-16,-1.0,0.4711595076738638,-0.8820480249558537
QLPH022016,105.53,9.26,0.54,2016-06-15,1.1,174.90949559922146,-0.02,0.15,0.5871428571428572,1.2246467991473532e-16,-1.0,0.26366549272800704,-0.9646141756912435
QLPH022017,105.58,9.28,0.58,2017-03-01,1.2,174.03266927005956,0.92,0.7633333333333331,0.59,1.0,6.123233995736766e-17,0.8587639582758029,0.5123714121284237
QLPH022017,105.58,9.28,0.58,2017-03-16,0.8,174.03266927005956,1.08,0.9666666666666665,0.6942857142857142,1.0,6.123233995736766e-17,0.9611297838723007,0.27609697309746883
QLPH022017,105.58,9.28,0.58,2017-04-01,0.9,174.03266927005956,1.21,0.8733333333333332,0.6414285714285715,0.8660254037844387,-0.4999999999999998,0.9999907397361901,0.004303538296244289
QLPH022017,105.58,9.28,0.58,2017-04-15,1.1,174.03266927005956,1.1,1.0833333333333333,0.8957142857142857,0.8660254037844387,-0.4999999999999998,0.9721181966290613,-0.23449138957040985
QLPH022017,105.58,9.28,0.58,2017-05-01,1.2,174.03266927005956,1.07,0.9099999999999998,0.6171428571428572,0.49999999999999994,-0.8660254037844387,0.8717063187093218,-0.4900286664290592
QLPH022017,105.58,9.28,0.58,2017-05-15,0.9,174.03266927005956,1.11,1.0799999999999998,0.7757142857142857,0.49999999999999994,-0.8660254037844387,0.7295575540864875,-0.6839194216246106
QLPH022017,105.58,9.28,0.58,2017-06-01,0.3,174.03266927005956,1.08,1.3066666666666666,1.0171428571428571,1.2246467991473532e-16,-1.0,0.5012418134457758,-0.865307254363206
QLPH022017,105.58,9.28,0.58,2017-06-15,0.4,174.03266927005956,1.03,1.2,1.0657142857142856,1.2246467991473532e-16,-1.0,0.28023067519921585,-0.9599326896597447
QLPH022019,105.59,9.28,0.6,2019-01-01,0.9,174.31073560131108,0.66,1.0099999999999998,1.2542857142857144,0.49999999999999994,0.8660254037844387,0.017213356155834685,0.9998518392091162
QLPH022019,105.59,9.28,0.6,2019-01-15,0.7,174.31073560131108,1.0,1.0399999999999998,1.2871428571428574,0.49999999999999994,0.8660254037844387,0.255353295116187,0.9668478136052775
QLPH022019,105.59,9.28,0.6,2019-02-01,1.8,174.31073560131108,0.62,0.7799999999999997,1.1500000000000001,0.8660254037844386,0.5000000000000001,0.5234156073655503,0.8520775211013093
QLPH022019,105.59,9.28,0.6,2019-02-19,2.8,174.31073560131108,0.58,0.26333333333333303,0.29142857142857154,0.8660254037844386,0.5000000000000001,0.7583058084785624,0.6518989958787126
QLPH022019,105.59,9.28,0.6,2019-03-04,1.0,174.31073560131108,0.49,0.16666666666666638,0.4642857142857144,1.0,6.123233995736766e-17,0.8840675099433636,0.4673592171580022
QLPH022019,105.59,9.28,0.6,2019-03-20,0.9,174.31073560131108,0.46,0.1599999999999997,0.2714285714285715,1.0,6.123233995736766e-17,0.9778483415056568,0.20931464596304847
QLPH022019,105.59,9.28,0.6,2019-04-01,0.7,174.31073560131108,0.42,0.3099999999999998,0.7257142857142858,0.8660254037844387,-0.4999999999999998,0.9999907397361901,0.004303538296244289
QLPH022019,105.59,9.28,0.6,2019-04-15,0.7,174.31073560131108,-0.03,0.5666666666666665,0.8257142857142858,0.8660254037844387,-0.4999999999999998,0.9721181966290613,-0.23449138957040985
QLPH022019,105.59,9.28,0.6,2019-05-01,1.6,174.31073560131108,0.30000000000000004,0.2266666666666665,0.5971428571428572,0.49999999999999994,-0.8660254037844387,0.8717063187093218,-0.4900286664290592
QLPH022019,105.59,9.28,0.6,2019-05-15,0.9,174.31073560131108,0.18,0.21666666666666648,0.5771428571428573,0.49999999999999994,-0.8660254037844387,0.7295575540864875,-0.6839194216246106
QLPH022020,105.59,9.28,0.6,2020-02-11,19.3,174.31073560131108,0.8300000000000001,0.36999999999999966,0.3542857142857144,0.8660254037844386,0.5000000000000001,0.6616346182422783,0.7498264012045686
QLPH022020,105.59,9.28,0.6,2020-02-25,22.3,174.31073560131108,0.92,0.41666666666666635,0.23285714285714296,0.8660254037844386,0.5000000000000001,0.8214765533024142,0.5702422926917871
QLPH022020,105.59,9.28,0.6,2020-03-14,22.6,174.31073560131108,1.09,0.6133333333333332,0.2685714285714287,1.0,6.123233995736766e-17,0.9562348265919056,0.29260033563334836
QLPH022020,105.59,9.28,0.6,2020-03-26,4.1,174.31073560131108,0.07,0.20999999999999977,0.052857142857142984,1.0,6.123233995736766e-17,0.995918996147179,0.09025161003104117
QLPH022020,105.59,9.28,0.6,2020-05-02,1.59,174.31073560131108,0.09,0.4599999999999997,0.6314285714285716,0.49999999999999994,-0.8660254037844387,0.854322169749827,-0.5197438121555155
QLPH022020,105.59,9.28,0.6,2020-05-11,1.27,174.31073560131108,0.9500000000000001,0.47999999999999976,0.1985714285714287,0.49999999999999994,-0.8660254037844387,0.7638886127905428,-0.6453481132295501
QLPH022020,105.59,9.28,0.6,2020-05-25,1.43,174.31073560131108,0.73,0.3333333333333331,-0.008571428571428437,0.49999999999999994,-0.8660254037844387,0.5877852522924732,-0.8090169943749473
QLPH022020,105.59,9.28,0.6,2020-06-09,1.28,174.31073560131108,0.92,0.31666666666666643,-0.09142857142857132,1.2246467991473532e-16,-1.0,0.36171373072976765,-0.9322892131745133
QLPH022020,105.59,9.28,0.6,2020-06-23,1.21,174.31073560131108,0.79,0.20666666666666642,-0.1514285714285713,1.2246467991473532e-16,-1.0,0.12874817745258132,-0.99167731989929
QLPH022021,105.59,9.28,0.6,2015-07-13,1.7,174.31073560131108,0.975,0.6166666666666665,0.2535714285714287,-0.4999999999999997,-0.8660254037844388,-0.19667288979357622,-0.9804691603616321
QLPH022022,105.59,9.28,0.6,2021-03-05,0.7,174.31073560131108,1.16,1.0266666666666666,0.6585714285714287,1.0,6.123233995736766e-17,0.8919813464595485,0.45207220393230435
QLPH022022,105.59,9.28,0.6,2022-02-17,0.6,174.31073560131108,0.63,0.47000000000000003,0.5342857142857147,0.8660254037844386,0.5000000000000001,0.7354170229639855,0.6776147890466889
QLPH022022,105.59,9.28,0.6,2022-03-05,0.9,174.31073560131108,0.9500000000000001,0.6033333333333334,0.40000000000000036,1.0,6.123233995736766e-17,0.8919813464595485,0.45207220393230435
QLPH022022,105.59,9.28,0.6,2022-03-19,0.7,174.31073560131108,0.42,0.11333333333333327,0.06428571428571467,1.0,6.123233995736766e-17,0.9741004551724205,0.22611568550828828
QLPH022022,105.59,9.28,0.6,2022-04-03,1.0,174.31073560131108,0.61,0.15999999999999995,0.0457142857142861,0.8660254037844387,-0.4999999999999998,0.9995462806873573,-0.030120304846908114
QLPH022022,105.59,9.28,0.6,2022-04-17,0.2,174.31073560131108,0.17,0.1133333333333331,0.20857142857142894,0.8660254037844387,-0.4999999999999998,0.9634705485641488,-0.2678143051621742
QLPH022022,105.59,9.28,0.6,2022-05-17,0.4,174.31073560131108,0.44,0.23999999999999977,0.19857142857142887,0.49999999999999994,-0.8660254037844387,0.705583610107178,-0.7086266782644596
QLPH022022,105.59,9.28,0.6,2022-06-01,0.2,174.31073560131108,1.1,0.4733333333333331,0.2800000000000003,1.2246467991473532e-16,-1.0,0.5012418134457758,-0.865307254363206
QLPH022022,105.59,9.28,0.6,2022-06-15,4.0,174.31073560131108,0.6900000000000001,0.40999999999999975,0.37285714285714316,1.2246467991473532e-16,-1.0,0.28023067519921585,-0.9599326896597447
QLPH032016,105.41,9.23,0.57,2016-02-29,27.2,175.81733554308124,0.68,0.6399999999999999,0.567857142857143,0.8660254037844386,0.5000000000000001,0.8587639582758029,0.5123714121284237
QLPH032016,105.41,9.23,0.57,2016-03-15,28.4,175.81733554308124,0.67,0.8700000000000001,0.7628571428571428,1.0,6.123233995736766e-17,0.9611297838723007,0.27609697309746883
QLPH032016,105.41,9.23,0.57,2016-04-02,32.4,175.81733554308124,0.43,0.4566666666666666,0.5700000000000001,0.8660254037844387,-0.4999999999999998,0.9995462806873573,-0.030120304846908114
QLPH032016,105.41,9.23,0.57,2016-04-15,34.5,175.81733554308124,0.12,0.8066666666666666,0.7828571428571429,0.8660254037844387,-0.4999999999999998,0.9679377830240642,-0.25119006388481935
QLPH032016,105.41,9.23,0.57,2016-05-02,34.3,175.81733554308124,-0.08,0.14333333333333334,0.5171428571428571,0.49999999999999994,-0.8660254037844387,0.854322169749827,-0.5197438121555155
QLPH032016,105.41,9.23,0.57,2016-05-16,33.4,175.81733554308124,-0.02,0.27666666666666667,0.5700000000000001,0.49999999999999994,-0.8660254037844387,0.705583610107178,-0.7086266782644596
QLPH032016,105.41,9.23,0.57,2016-06-02,23.8,175.81733554308124,0.02,0.03999999999999996,0.3142857142857142,1.2246467991473532e-16,-1.0,0.4711595076738638,-0.8820480249558537
QLPH032016,105.41,9.23,0.57,2016-06-15,29.7,175.81733554308124,-0.02,0.15,0.5871428571428572,1.2246467991473532e-16,-1.0,0.26366549272800704,-0.9646141756912435
QLPH032017,105.45,9.24,0.46,2017-03-01,1.0,175.39891285376763,0.92,0.7633333333333331,0.59,1.0,6.123233995736766e-17,0.8587639582758029,0.5123714121284237
QLPH032017,105.45,9.24,0.46,2017-03-16,21.7,175.39891285376763,1.08,0.9666666666666665,0.6942857142857142,1.0,6.123233995736766e-17,0.9611297838723007,0.27609697309746883
QLPH032017,105.45,9.24,0.46,2017-04-01,21.6,175.39891285376763,1.21,0.8733333333333332,0.6414285714285715,0.8660254037844387,-0.4999999999999998,0.9999907397361901,0.004303538296244289
QLPH032017,105.45,9.24,0.46,2017-04-15,24.5,175.39891285376763,1.1,1.0833333333333333,0.8957142857142857,0.8660254037844387,-0.4999999999999998,0.9721181966290613,-0.23449138957040985
QLPH032017,105.45,9.24,0.46,2017-05-01,24.5,175.39891285376763,1.07,0.9099999999999998,0.6171428571428572,0.49999999999999994,-0.8660254037844387,0.8717063187093218,-0.4900286664290592
QLPH032017,105.45,9.24,0.46,2017-05-15,29.9,175.39891285376763,1.11,1.0799999999999998,0.7757142857142857,0.49999999999999994,-0.8660254037844387,0.7295575540864875,-0.6839194216246106
QLPH032017,105.45,9.24,0.46,2017-06-01,11.1,175.39891285376763,1.08,1.3066666666666666,1.0171428571428571,1.2246467991473532e-16,-1.0,0.5012418134457758,-0.865307254363206
QLPH032017,105.45,9.24,0.46,2017-06-15,17.4,175.39891285376763,1.03,1.2,1.0657142857142856,1.2246467991473532e-16,-1.0,0.28023067519921585,-0.9599326896597447
QLPH032019,105.45,9.24,0.46,2019-01-01,6.2,175.39891285376763,0.66,1.0099999999999998,1.2542857142857144,0.49999999999999994,0.8660254037844387,0.017213356155834685,0.9998518392091162
QLPH032019,105.45,9.24,0.46,2019-01-15,5.9,175.39891285376763,1.0,1.0399999999999998,1.2871428571428574,0.49999999999999994,0.8660254037844387,0.255353295116187,0.9668478136052775
QLPH032019,105.45,9.24,0.46,2019-02-01,15.3,175.39891285376763,0.62,0.7799999999999997,1.1500000000000001,0.8660254037844386,0.5000000000000001,0.5234156073655503,0.8520775211013093
QLPH032019,105.45,9.24,0.46,2019-02-19,16.9,175.39891285376763,0.58,0.26333333333333303,0.29142857142857154,0.8660254037844386,0.5000000000000001,0.7583058084785624,0.6518989958787126
QLPH032019,105.45,9.24,0.46,2019-03-04,21.8,175.39891285376763,0.49,0.16666666666666638,0.4642857142857144,1.0,6.123233995736766e-17,0.8840675099433636,0.4673592171580022
QLPH032019,105.45,9.24,0.46,2019-03-20,22.9,175.39891285376763,0.46,0.1599999999999997,0.2714285714285715,1.0,6.123233995736766e-17,0.9778483415056568,0.20931464596304847
QLPH032019,105.45,9.24,0.46,2019-04-01,21.0,175.39891285376763,0.42,0.3099999999999998,0.7257142857142858,0.8660254037844387,-0.4999999999999998,0.9999907397361901,0.004303538296244289
QLPH032019,105.45,9.24,0.46,2019-04-15,26.7,175.39891285376763,-0.03,0.5666666666666665,0.8257142857142858,0.8660254037844387,-0.4999999999999998,0.9721181966290613,-0.23449138957040985
QLPH032019,105.45,9.24,0.46,2019-05-01,25.9,175.39891285376763,0.30000000000000004,0.2266666666666665,0.5971428571428572,0.49999999999999994,-0.8660254037844387,0.8717063187093218,-0.4900286664290592
QLPH032019,105.45,9.24,0.46,2019-05-15,19.6,175.39891285376763,0.18,0.21666666666666648,0.5771428571428573,0.49999999999999994,-0.8660254037844387,0.7295575540864875,-0.6839194216246106
QLPH032020,105.45,9.24,0.46,2020-02-11,25.0,175.39891285376763,0.8300000000000001,0.36999999999999966,0.3542857142857144,0.8660254037844386,0.5000000000000001,0.6616346182422783,0.7498264012045686
QLPH032020,105.45,9.24,0.46,2020-02-25,27.5,175.39891285376763,0.92,0.41666666666666635,0.23285714285714296,0.8660254037844386,0.5000000000000001,0.8214765533024142,0.5702422926917871
QLPH032020,105.45,9.24,0.46,2020-03-14,28.3,175.39891285376763,1.09,0.6133333333333332,0.2685714285714287,1.0,6.123233995736766e-17,0.9562348265919056,0.29260033563334836
QLPH032020,105.45,9.24,0.46,2020-03-26,32.3,175.39891285376763,0.07,0.20999999999999977,0.052857142857142984,1.0,6.123233995736766e-17,0.995918996147179,0.09025161003104117
QLPH032020,105.45,9.24,0.46,2020-05-02,32.0,175.39891285376763,0.09,0.4599999999999997,0.6314285714285716,0.49999999999999994,-0.8660254037844387,0.854322169749827,-0.5197438121555155
QLPH032020,105.45,9.24,0.46,2020-05-11,32.2,175.39891285376763,0.9500000000000001,0.47999999999999976,0.1985714285714287,0.49999999999999994,-0.8660254037844387,0.7638886127905428,-0.6453481132295501
QLPH032020,105.45,9.24,0.46,2020-05-25,35.4,175.39891285376763,0.73,0.3333333333333331,-0.008571428571428437,0.49999999999999994,-0.8660254037844387,0.5877852522924732,-0.8090169943749473
QLPH032020,105.45,9.24,0.46,2020-06-09,31.2,175.39891285376763,0.92,0.31666666666666643,-0.09142857142857132,1.2246467991473532e-16,-1.0,0.36171373072976765,-0.9322892131745133
QLPH032020,105.45,9.24,0.46,2020-06-23,21.2,175.39891285376763,0.79,0.20666666666666642,-0.1514285714285713,1.2246467991473532e-16,-1.0,0.12874817745258132,-0.99167731989929
QLPH032021,105.45,9.24,0.46,2015-07-13,15.9,175.39891285376763,0.71,0.33833333333333326,0.19142857142857167,-0.4999999999999997,-0.8660254037844388,-0.19667288979357622,-0.9804691603616321
QLPH032022,105.45,9.24,0.46,2022-02-17,18.6,175.39891285376763,0.63,0.47000000000000003,0.5342857142857147,0.8660254037844386,0.5000000000000001,0.7354170229639855,0.6776147890466889
QLPH032022,105.45,9.24,0.46,2022-03-05,2.3,175.39891285376763,0.9500000000000001,0.6033333333333334,0.40000000000000036,1.0,6.123233995736766e-17,0.8919813464595485,0.45207220393230435
QLPH032022,105.45,9.24,0.46,2022-03-05,2.2,175.39891285376763,0.9500000000000001,0.6033333333333334,0.40000000000000036,1.0,6.123233995736766e-17,0.8919813464595485,0.45207220393230435
QLPH032022,105.45,9.24,0.46,2022-03-19,22.1,175.39891285376763,0.42,0.11333333333333327,0.06428571428571467,1.0,6.123233995736766e-17,0.9741004551724205,0.22611568550828828
QLPH032022,105.45,9.24,0.46,2022-04-03,18.5,175.39891285376763,0.61,0.15999999999999995,0.0457142857142861,0.8660254037844387,-0.4999999999999998,0.9995462806873573,-0.030120304846908114
QLPH032022,105.45,9.24,0.46,2022-04-17,1.8,175.39891285376763,0.17,0.1133333333333331,0.20857142857142894,0.8660254037844387,-0.4999999999999998,0.9634705485641488,-0.2678143051621742
QLPH032022,105.45,9.24,0.46,2022-05-17,12.1,175.39891285376763,0.44,0.23999999999999977,0.19857142857142887,0.49999999999999994,-0.8660254037844387,0.705583610107178,-0.7086266782644596
QLPH032022,105.45,9.24,0.46,2022-06-01,9.1,175.39891285376763,1.1,0.4733333333333331,0.2800000000000003,1.2246467991473532e-16,-1.0,0.5012418134457758,-0.865307254363206
QLPH032022,105.45,9.24,0.46,2022-06-15,13.9,175.39891285376763,0.6900000000000001,0.40999999999999975,0.37285714285714316,1.2246467991473532e-16,-1.0,0.28023067519921585,-0.9599326896597447
QLPH042016,105.31,9.19,0.41,2016-02-29,27.6,179.0260351759783,0.68,0.6399999999999999,0.567857142857143,0.8660254037844386,0.5000000000000001,0.8587639582758029,0.5123714121284237
QLPH042016,105.31,9.19,0.41,2016-03-15,29.2,179.0260351759783,0.67,0.8700000000000001,0.7628571428571428,1.0,6.123233995736766e-17,0.9611297838723007,0.27609697309746883
QLPH042016,105.31,9.19,0.41,2016-04-02,3.6,179.0260351759783,0.43,0.4566666666666666,0.5700000000000001,0.8660254037844387,-0.4999999999999998,0.9995462806873573,-0.030120304846908114
QLPH042016,105.31,9.19,0.41,2016-04-15,33.9,179.0260351759783,0.12,0.8066666666666666,0.7828571428571429,0.8660254037844387,-0.4999999999999998,0.9679377830240642,-0.25119006388481935
QLPH042016,105.31,9.19,0.41,2016-05-02,34.2,179.0260351759783,-0.08,0.14333333333333334,0.5171428571428571,0.49999999999999994,-0.8660254037844387,0.854322169749827,-0.5197438121555155
QLPH042016,105.31,9.19,0.41,2016-05-16,34.6,179.0260351759783,-0.02,0.27666666666666667,0.5700000000000001,0.49999999999999994,-0.8660254037844387,0.705583610107178,-0.7086266782644596
QLPH042016,105.31,9.19,0.41,2016-06-02,28.0,179.0260351759783,0.02,0.03999999999999996,0.3142857142857142,1.2246467991473532e-16,-1.0,0.4711595076738638,-0.8820480249558537
QLPH042016,105.31,9.19,0.41,2016-06-15,25.4,179.0260351759783,-0.02,0.15,0.5871428571428572,1.2246467991473532e-16,-1.0,0.26366549272800704,-0.9646141756912435
QLPH042017,105.4,9.24,0.56,2017-03-01,2.2,174.56299056601003,0.92,0.7633333333333331,0.59,1.0,6.123233995736766e-17,0.8587639582758029,0.5123714121284237
QLPH042017,105.4,9.24,0.56,2017-03-16,25.6,174.56299056601003,1.08,0.9666666666666665,0.6942857142857142,1.0,6.123233995736766e-17,0.9611297838723007,0.27609697309746883
QLPH042017,105.4,9.24,0.56,2017-04-01,22.0,174.56299056601003,1.21,0.8733333333333332,0.6414285714285715,0.8660254037844387,-0.4999999999999998,0.9999907397361901,0.004303538296244289
QLPH042017,105.4,9.24,0.56,2017-04-15,24.3,174.56299056601003,1.1,1.0833333333333333,0.8957142857142857,0.8660254037844387,-0.4999999999999998,0.9721181966290613,-0.23449138957040985
QLPH042017,105.4,9.24,0.56,2017-05-01,27.1,174.56299056601003,1.07,0.9099999999999998,0.6171428571428572,0.49999999999999994,-0.8660254037844387,0.8717063187093218,-0.4900286664290592
QLPH042017,105.4,9.24,0.56,2017-05-15,3.5,174.56299056601003,1.11,1.0799999999999998,0.7757142857142857,0.49999999999999994,-0.8660254037844387,0.7295575540864875,-0.6839194216246106
QLPH042017,105.4,9.24,0.56,2017-06-01,16.2,174.56299056601003,1.08,1.3066666666666666,1.0171428571428571,1.2246467991473532e-16,-1.0,0.5012418134457758,-0.865307254363206
QLPH042017,105.4,9.24,0.56,2017-06-15,19.2,174.56299056601003,1.03,1.2,1.0657142857142856,1.2246467991473532e-16,-1.0,0.28023067519921585,-0.9599326896597447
QLPH042019,105.4,9.24,0.56,2019-01-01,1.8,174.56299056601003,0.66,1.0099999999999998,1.2542857142857144,0.49999999999999994,0.8660254037844387,0.017213356155834685,0.9998518392091162
QLPH042019,105.4,9.24,0.56,2019-01-15,1.9,174.56299056601003,1.0,1.0399999999999998,1.2871428571428574,0.49999999999999994,0.8660254037844387,0.255353295116187,0.9668478136052775
QLPH042019,105.4,9.24,0.56,2019-02-01,2.1,174.56299056601003,0.62,0.7799999999999997,1.1500000000000001,0.8660254037844386,0.5000000000000001,0.5234156073655503,0.8520775211013093
QLPH042019,105.4,9.24,0.56,2019-02-19,19.2,174.56299056601003,0.58,0.26333333333333303,0.29142857142857154,0.8660254037844386,0.5000000000000001,0.7583058084785624,0.6518989958787126
QLPH042019,105.4,9.24,0.56,2019-03-04,23.7,174.56299056601003,0.49,0.16666666666666638,0.4642857142857144,1.0,6.123233995736766e-17,0.8840675099433636,0.4673592171580022
QLPH042019,105.4,9.24,0.56,2019-03-20,24.9,174.56299056601003,0.46,0.1599999999999997,0.2714285714285715,1.0,6.123233995736766e-17,0.9778483415056568,0.20931464596304847
QLPH042019,105.4,9.24,0.56,2019-04-01,22.0,174.56299056601003,0.42,0.3099999999999998,0.7257142857142858,0.8660254037844387,-0.4999999999999998,0.9999907397361901,0.004303538296244289
QLPH042019,105.4,9.24,0.56,2019-04-15,26.8,174.56299056601003,-0.03,0.5666666666666665,0.8257142857142858,0.8660254037844387,-0.4999999999999998,0.9721181966290613,-0.23449138957040985
QLPH042019,105.4,9.24,0.56,2019-05-01,3.1,174.56299056601003,0.30000000000000004,0.2266666666666665,0.5971428571428572,0.49999999999999994,-0.8660254037844387,0.8717063187093218,-0.4900286664290592
QLPH042019,105.4,9.24,0.56,2019-05-15,25.0,174.56299056601003,0.18,0.21666666666666648,0.5771428571428573,0.49999999999999994,-0.8660254037844387,0.7295575540864875,-0.6839194216246106
QLPH042020,105.4,9.24,0.56,2020-02-11,25.4,174.56299056601003,0.8300000000000001,0.36999999999999966,0.3542857142857144,0.8660254037844386,0.5000000000000001,0.6616346182422783,0.7498264012045686
QLPH042020,105.4,9.24,0.56,2020-02-25,28.1,174.56299056601003,0.92,0.41666666666666635,0.23285714285714296,0.8660254037844386,0.5000000000000001,0.8214765533024142,0.5702422926917871
QLPH042020,105.4,9.24,0.56,2020-03-14,29.9,174.56299056601003,1.09,0.6133333333333332,0.2685714285714287,1.0,6.123233995736766e-17,0.9562348265919056,0.29260033563334836
QLPH042020,105.4,9.24,0.56,2020-03-26,32.7,174.56299056601003,0.07,0.20999999999999977,0.052857142857142984,1.0,6.123233995736766e-17,0.995918996147179,0.09025161003104117
QLPH042020,105.4,9.24,0.56,2020-05-02,33.4,174.56299056601003,0.09,0.4599999999999997,0.6314285714285716,0.49999999999999994,-0.8660254037844387,0.854322169749827,-0.5197438121555155
QLPH042020,105.4,9.24,0.56,2020-05-11,3.9,174.56299056601003,0.9500000000000001,0.47999999999999976,0.1985714285714287,0.49999999999999994,-0.8660254037844387,0.7638886127905428,-0.6453481132295501
QLPH042020,105.4,9.24,0.56,2020-05-25,33.2,174.56299056601003,0.73,0.3333333333333331,-0.008571428571428437,0.49999999999999994,-0.8660254037844387,0.5877852522924732,-0.8090169943749473
QLPH042020,105.4,9.24,0.56,2020-06-09,31.9,174.56299056601003,0.92,0.31666666666666643,-0.09142857142857132,1.2246467991473532e-16,-1.0,0.36171373072976765,-0.9322892131745133
QLPH042020,105.4,9.24,0.56,2020-06-23,24.2,174.56299056601003,0.79,0.20666666666666642,-0.1514285714285713,1.2246467991473532e-16,-1.0,0.12874817745258132,-0.99167731989929
QLPH042021,105.4,9.24,0.56,2015-07-13,15.6,174.56299056601003,0.71,0.33833333333333326,0.19142857142857167,-0.4999999999999997,-0.8660254037844388,-0.19667288979357622,-0.9804691603616321
QLPH042022,105.4,9.24,0.56,2022-02-17,18.7,174.56299056601003,0.63,0.47000000000000003,0.5342857142857147,0.8660254037844386,0.5000000000000001,0.7354170229639855,0.6776147890466889
QLPH042022,105.4,9.24,0.56,2022-03-05,22.6,174.56299056601003,0.9500000000000001,0.6033333333333334,0.40000000000000036,1.0,6.123233995736766e-17,0.8919813464595485,0.45207220393230435
QLPH042022,105.4,9.24,0.56,2022-03-19,23.7,174.56299056601003,0.42,0.11333333333333327,0.06428571428571467,1.0,6.123233995736766e-17,0.9741004551724205,0.22611568550828828
QLPH042022,105.4,9.24,0.56,2022-04-03,23.2,174.56299056601003,0.61,0.15999999999999995,0.0457142857142861,0.8660254037844387,-0.4999999999999998,0.9995462806873573,-0.030120304846908114
QLPH042022,105.4,9.24,0.56,2022-04-17,16.8,174.56299056601003,0.17,0.1133333333333331,0.20857142857142894,0.8660254037844387,-0.4999999999999998,0.9634705485641488,-0.2678143051621742
QLPH042022,105.4,9.24,0.56,2022-05-03,2.3,174.56299056601003,0.9500000000000001,0.2599999999999998,0.09857142857142888,0.49999999999999994,-0.8660254037844387,0.854322169749827,-0.5197438121555155
QLPH042022,105.4,9.24,0.56,2022-05-17,14.2,174.56299056601003,0.44,0.23999999999999977,0.19857142857142887,0.49999999999999994,-0.8660254037844387,0.705583610107178,-0.7086266782644596
QLPH052016,105.59,9.56,0.32,2016-02-29,0.2,144.4368683799359,0.45,0.5116666666666665,0.49142857142857166,0.8660254037844386,0.5000000000000001,0.8587639582758029,0.5123714121284237
QLPH052016,105.59,9.56,0.32,2016-03-15,0.3,144.4368683799359,0.46,0.7833333333333333,0.7842857142857144,1.0,6.123233995736766e-17,0.9611297838723007,0.27609697309746883
QLPH052016,105.59,9.56,0.32,2016-04-02,0.2,144.4368683799359,0.33,0.45,0.5214285714285715,0.8660254037844387,-0.4999999999999998,0.9995462806873573,-0.030120304846908114
QLPH052016,105.59,9.56,0.32,2016-04-15,0.3,144.4368683799359,-0.03,0.5433333333333333,0.7185714285714286,0.8660254037844387,-0.4999999999999998,0.9679377830240642,-0.25119006388481935
QLPH052016,105.59,9.56,0.32,2016-05-02,0.5,144.4368683799359,-0.06,-0.023333333333333334,0.3742857142857143,0.49999999999999994,-0.8660254037844387,0.854322169749827,-0.5197438121555155
QLPH052016,105.59,9.56,0.32,2016-05-16,0.1,144.4368683799359,0.05,0.02333333333333333,0.45714285714285713,0.49999999999999994,-0.8660254037844387,0.705583610107178,-0.7086266782644596
QLPH052016,105.59,9.56,0.32,2016-06-02,0.5,144.4368683799359,0.08,-0.01333333333333337,0.19999999999999998,1.2246467991473532e-16,-1.0,0.4711595076738638,-0.8820480249558537
QLPH052016,105.59,9.56,0.32,2016-06-15,0.5,144.4368683799359,0.03,0.01,0.44,1.2246467991473532e-16,-1.0,0.26366549272800704,-0.9646141756912435
QLPH052017,105.29,9.19,0.39,2017-03-01,2.9,178.86655155098686,0.92,0.7633333333333331,0.59,1.0,6.123233995736766e-17,0.8587639582758029,0.5123714121284237
QLPH052017,105.29,9.19,0.39,2017-03-16,24.5,178.86655155098686,1.08,0.9666666666666665,0.6942857142857142,1.0,6.123233995736766e-17,0.9611297838723007,0.27609697309746883
QLPH052017,105.29,9.19,0.39,2017-04-01,22.3,178.86655155098686,1.21,0.8733333333333332,0.6414285714285715,0.8660254037844387,-0.4999999999999998,0.9999907397361901,0.004303538296244289
QLPH052017,105.29,9.19,0.39,2017-04-15,25.3,178.86655155098686,1.1,1.0833333333333333,0.8957142857142857,0.8660254037844387,-0.4999999999999998,0.9721181966290613,-0.23449138957040985
QLPH052017,105.29,9.19,0.39,2017-05-01,25.9,178.86655155098686,1.07,0.9099999999999998,0.6171428571428572,0.49999999999999994,-0.8660254037844387,0.8717063187093218,-0.4900286664290592
QLPH052017,105.29,9.19,0.39,2017-05-15,27.6,178.86655155098686,1.11,1.0799999999999998,0.7757142857142857,0.49999999999999994,-0.8660254037844387,0.7295575540864875,-0.6839194216246106
QLPH052017,105.29,9.19,0.39,2017-06-01,19.0,178.86655155098686,1.08,1.3066666666666666,1.0171428571428571,1.2246467991473532e-16,-1.0,0.5012418134457758,-0.865307254363206
QLPH052017,105.29,9.19,0.39,2017-06-15,18.8,178.86655155098686,1.03,1.2,1.0657142857142856,1.2246467991473532e-16,-1.0,0.28023067519921585,-0.9599326896597447
QLPH052019,105.29,9.19,0.39,2019-01-01,17.5,178.86655155098686,0.66,1.0099999999999998,1.2542857142857144,0.49999999999999994,0.8660254037844387,0.017213356155834685,0.9998518392091162
QLPH052019,105.29,9.19,0.39,2019-01-15,17.3,178.86655155098686,1.0,1.0399999999999998,1.2871428571428574,0.49999999999999994,0.8660254037844387,0.255353295116187,0.9668478136052775
QLPH052019,105.29,9.19,0.39,2019-02-01,21.5,178.86655155098686,0.62,0.7799999999999997,1.1500000000000001,0.8660254037844386,0.5000000000000001,0.5234156073655503,0.8520775211013093
QLPH052019,105.29,9.19,0.39,2019-02-19,22.2,178.86655155098686,0.58,0.26333333333333303,0.29142857142857154,0.8660254037844386,0.5000000000000001,0.7583058084785624,0.6518989958787126
QLPH052019,105.29,9.19,0.39,2019-03-04,25.6,178.86655155098686,0.49,0.16666666666666638,0.4642857142857144,1.0,6.123233995736766e-17,0.8840675099433636,0.4673592171580022
QLPH052019,105.29,9.19,0.39,2019-03-20,27.5,178.86655155098686,0.46,0.1599999999999997,0.2714285714285715,1.0,6.123233995736766e-17,0.9778483415056568,0.20931464596304847
QLPH052019,105.29,9.19,0.39,2019-04-01,23.1,178.86655155098686,0.42,0.3099999999999998,0.7257142857142858,0.8660254037844387,-0.4999999999999998,0.9999907397361901,0.004303538296244289
QLPH052019,105.29,9.19,0.39,2019-04-15,27.4,178.86655155098686,-0.03,0.5666666666666665,0.8257142857142858,0.8660254037844387,-0.4999999999999998,0.9721181966290613,-0.23449138957040985
QLPH052019,105.29,9.19,0.39,2019-05-01,29.6,178.86655155098686,0.30000000000000004,0.2266666666666665,0.5971428571428572,0.49999999999999994,-0.8660254037844387,0.8717063187093218,-0.4900286664290592
QLPH052019,105.29,9.19,0.39,2019-05-15,26.2,178.86655155098686,0.18,0.21666666666666648,0.5771428571428573,0.49999999999999994,-0.8660254037844387,0.7295575540864875,-0.6839194216246106
QLPH052020,105.29,9.19,0.39,2020-02-11,25.4,178.86655155098686,0.8300000000000001,0.36999999999999966,0.3542857142857144,0.8660254037844386,0.5000000000000001,0.6616346182422783,0.7498264012045686
QLPH052020,105.29,9.19,0.39,2020-02-25,29.0,178.86655155098686,0.92,0.41666666666666635,0.23285714285714296,0.8660254037844386,0.5000000000000001,0.8214765533024142,0.5702422926917871
QLPH052020,105.29,9.19,0.39,2020-03-14,3.9,178.86655155098686,1.09,0.6133333333333332,0.2685714285714287,1.0,6.123233995736766e-17,0.9562348265919056,0.29260033563334836
QLPH052020,105.29,9.19,0.39,2020-03-26,34.3,178.86655155098686,0.07,0.20999999999999977,0.052857142857142984,1.0,6.123233995736766e-17,0.995918996147179,0.09025161003104117
QLPH052020,105.29,9.19,0.39,2020-05-02,25.4,178.86655155098686,0.09,0.4599999999999997,0.6314285714285716,0.49999999999999994,-0.8660254037844387,0.854322169749827,-0.5197438121555155
QLPH052020,105.29,9.19,0.39,2020-05-11,34.0,178.86655155098686,0.9500000000000001,0.47999999999999976,0.1985714285714287,0.49999999999999994,-0.8660254037844387,0.7638886127905428,-0.6453481132295501
QLPH052020,105.29,9.19,0.39,2020-05-25,34.6,178.86655155098686,0.73,0.3333333333333331,-0.008571428571428437,0.49999999999999994,-0.8660254037844387,0.5877852522924732,-0.8090169943749473
QLPH052020,105.29,9.19,0.39,2020-06-09,28.1,178.86655155098686,0.92,0.31666666666666643,-0.09142857142857132,1.2246467991473532e-16,-1.0,0.36171373072976765,-0.9322892131745133
QLPH052020,105.29,9.19,0.39,2020-06-23,24.1,178.86655155098686,0.79,0.20666666666666642,-0.1514285714285713,1.2246467991473532e-16,-1.0,0.12874817745258132,-0.99167731989929
QLPH052021,105.29,9.19,0.39,2015-07-13,17.7,178.86655155098686,0.71,0.33833333333333326,0.19142857142857167,-0.4999999999999997,-0.8660254037844388,-0.19667288979357622,-0.9804691603616321
QLPH052022,105.29,9.19,0.39,2022-02-17,22.7,178.86655155098686,0.63,0.47000000000000003,0.5342857142857147,0.8660254037844386,0.5000000000000001,0.7354170229639855,0.6776147890466889
QLPH052022,105.29,9.19,0.39,2022-03-05,24.7,178.86655155098686,0.9500000000000001,0.6033333333333334,0.40000000000000036,1.0,6.123233995736766e-17,0.8919813464595485,0.45207220393230435
QLPH052022,105.29,9.19,0.39,2022-03-19,24.9,178.86655155098686,0.42,0.11333333333333327,0.06428571428571467,1.0,6.123233995736766e-17,0.9741004551724205,0.22611568550828828
QLPH052022,105.29,9.19,0.39,2022-04-03,26.2,178.86655155098686,0.61,0.15999999999999995,0.0457142857142861,0.8660254037844387,-0.4999999999999998,0.9995462806873573,-0.030120304846908114
QLPH052022,105.29,9.19,0.39,2022-04-17,16.0,178.86655155098686,0.17,0.1133333333333331,0.20857142857142894,0.8660254037844387,-0.4999999999999998,0.9634705485641488,-0.2678143051621742
QLPH052022,105.29,9.19,0.39,2022-05-03,2.4,178.86655155098686,0.9500000000000001,0.2599999999999998,0.09857142857142888,0.49999999999999994,-0.8660254037844387,0.854322169749827,-0.5197438121555155
QLPH052022,105.29,9.19,0.39,2022-05-17,15.8,178.86655155098686,0.44,0.23999999999999977,0.19857142857142887,0.49999999999999994,-0.8660254037844387,0.705583610107178,-0.7086266782644596
QLPH052022,105.29,9.19,0.39,2022-06-01,12.0,178.86655155098686,1.1,0.4733333333333331,0.2800000000000003,1.2246467991473532e-16,-1.0,0.5012418134457758,-0.865307254363206
QLPH052022,105.29,9.19,0.39,2022-06-15,13.1,178.86655155098686,0.6900000000000001,0.40999999999999975,0.37285714285714316,1.2246467991473532e-16,-1.0,0.28023067519921585,-0.9599326896597447
QLPH062016,105.46,9.44,0.44,2016-02-29,2.4,153.7331708466058,0.5750000000000001,0.5966666666666666,0.5785714285714287,0.8660254037844386,0.5000000000000001,0.8587639582758029,0.5123714121284237
QLPH062016,105.46,9.44,0.44,2016-03-15,27.6,153.7331708466058,0.46,0.7833333333333333,0.7842857142857144,1.0,6.123233995736766e-17,0.9611297838723007,0.27609697309746883
QLPH062016,105.46,9.44,0.44,2016-04-02,16.6,153.7331708466058,0.33,0.45,0.5214285714285715,0.8660254037844387,-0.4999999999999998,0.9995462806873573,-0.030120304846908114
QLPH062016,105.46,9.44,0.44,2016-04-15,27.6,153.7331708466058,-0.03,0.5433333333333333,0.7185714285714286,0.8660254037844387,-0.4999999999999998,0.9679377830240642,-0.25119006388481935
QLPH062016,105.46,9.44,0.44,2016-05-02,31.7,153.7331708466058,-0.06,-0.023333333333333334,0.3742857142857143,0.49999999999999994,-0.8660254037844387,0.854322169749827,-0.5197438121555155
QLPH062016,105.46,9.44,0.44,2016-05-16,32.0,153.7331708466058,0.05,0.02333333333333333,0.45714285714285713,0.49999999999999994,-0.8660254037844387,0.705583610107178,-0.7086266782644596
QLPH062016,105.46,9.44,0.44,2016-06-02,1.4,153.7331708466058,0.08,-0.01333333333333337,0.19999999999999998,1.2246467991473532e-16,-1.0,0.4711595076738638,-0.8820480249558537
QLPH062016,105.46,9.44,0.44,2016-06-15,11.2,153.7331708466058,0.03,0.01,0.44,1.2246467991473532e-16,-1.0,0.26366549272800704,-0.9646141756912435
QLPH062017,105.17,9.19,0.38,2017-03-01,21.6,178.4719221870841,0.92,0.7633333333333331,0.59,1.0,6.123233995736766e-17,0.8587639582758029,0.5123714121284237
QLPH062017,105.17,9.19,0.38,2017-03-16,22.0,178.4719221870841,1.08,0.9666666666666665,0.6942857142857142,1.0,6.123233995736766e-17,0.9611297838723007,0.27609697309746883
QLPH062017,105.17,9.19,0.38,2017-04-01,25.4,178.4719221870841,1.21,0.8733333333333332,0.6414285714285715,0.8660254037844387,-0.4999999999999998,0.9999907397361901,0.004303538296244289
QLPH062017,105.17,9.19,0.38,2017-04-15,25.0,178.4719221870841,1.1,1.0833333333333333,0.8957142857142857,0.8660254037844387,-0.4999999999999998,0.9721181966290613,-0.23449138957040985
QLPH062017,105.17,9.19,0.38,2017-05-01,22.6,178.4719221870841,1.07,0.9099999999999998,0.6171428571428572,0.49999999999999994,-0.8660254037844387,0.8717063187093218,-0.4900286664290592
QLPH062017,105.17,9.19,0.38,2017-05-15,27.2,178.4719221870841,1.11,1.0799999999999998,0.7757142857142857,0.49999999999999994,-0.8660254037844387,0.7295575540864875,-0.6839194216246106
QLPH062017,105.17,9.19,0.38,2017-06-01,13.9,178.4719221870841,1.08,1.3066666666666666,1.0171428571428571,1.2246467991473532e-16,-1.0,0.5012418134457758,-0.865307254363206
QLPH062017,105.17,9.19,0.38,2017-06-15,17.4,178.4719221870841,1.03,1.2,1.0657142857142856,1.2246467991473532e-16,-1.0,0.28023067519921585,-0.9599326896597447
QLPH062019,105.17,9.19,0.38,2019-01-01,15.0,178.4719221870841,0.66,1.0099999999999998,1.2542857142857144,0.49999999999999994,0.8660254037844387,0.017213356155834685,0.9998518392091162
QLPH062019,105.17,9.19,0.38,2019-01-15,15.8,178.4719221870841,1.0,1.0399999999999998,1.2871428571428574,0.49999999999999994,0.8660254037844387,0.255353295116187,0.9668478136052775
QLPH062019,105.17,9.19,0.38,2019-02-01,22.4,178.4719221870841,0.62,0.7799999999999997,1.1500000000000001,0.8660254037844386,0.5000000000000001,0.5234156073655503,0.8520775211013093
QLPH062019,105.17,9.19,0.38,2019-02-19,23.1,178.4719221870841,0.58,0.26333333333333303,0.29142857142857154,0.8660254037844386,0.5000000000000001,0.7583058084785624,0.6518989958787126
QLPH062019,105.17,9.19,0.38,2019-03-04,23.0,178.4719221870841,0.49,0.16666666666666638,0.4642857142857144,1.0,6.123233995736766e-17,0.8840675099433636,0.4673592171580022
QLPH062019,105.17,9.19,0.38,2019-03-20,27.6,178.4719221870841,0.46,0.1599999999999997,0.2714285714285715,1.0,6.123233995736766e-17,0.9778483415056568,0.20931464596304847
QLPH062019,105.17,9.19,0.38,2019-04-01,23.2,178.4719221870841,0.42,0.3099999999999998,0.7257142857142858,0.8660254037844387,-0.4999999999999998,0.9999907397361901,0.004303538296244289
QLPH062019,105.17,9.19,0.38,2019-04-15,27.6,178.4719221870841,-0.03,0.5666666666666665,0.8257142857142858,0.8660254037844387,-0.4999999999999998,0.9721181966290613,-0.23449138957040985
QLPH062019,105.17,9.19,0.38,2019-05-01,3.5,178.4719221870841,0.30000000000000004,0.2266666666666665,0.5971428571428572,0.49999999999999994,-0.8660254037844387,0.8717063187093218,-0.4900286664290592
QLPH062019,105.17,9.19,0.38,2019-05-15,26.1,178.4719221870841,0.18,0.21666666666666648,0.5771428571428573,0.49999999999999994,-0.8660254037844387,0.7295575540864875,-0.6839194216246106
QLPH062020,105.17,9.19,0.38,2020-02-11,27.3,178.4719221870841,0.8300000000000001,0.36999999999999966,0.3542857142857144,0.8660254037844386,0.5000000000000001,0.6616346182422783,0.7498264012045686
QLPH062020,105.17,9.19,0.38,2020-02-25,29.1,178.4719221870841,0.92,0.41666666666666635,0.23285714285714296,0.8660254037844386,0.5000000000000001,0.8214765533024142,0.5702422926917871
QLPH062020,105.17,9.19,0.38,2020-03-14,31.6,178.4719221870841,1.09,0.6133333333333332,0.2685714285714287,1.0,6.123233995736766e-17,0.9562348265919056,0.29260033563334836
QLPH062020,105.17,9.19,0.38,2020-03-26,34.0,178.4719221870841,0.07,0.20999999999999977,0.052857142857142984,1.0,6.123233995736766e-17,0.995918996147179,0.09025161003104117
QLPH062020,105.17,9.19,0.38,2020-05-02,24.6,178.4719221870841,0.09,0.4599999999999997,0.6314285714285716,0.49999999999999994,-0.8660254037844387,0.854322169749827,-0.5197438121555155
QLPH062020,105.17,9.19,0.38,2020-05-11,3.6,178.4719221870841,0.9500000000000001,0.47999999999999976,0.1985714285714287,0.49999999999999994,-0.8660254037844387,0.7638886127905428,-0.6453481132295501
QLPH062020,105.17,9.19,0.38,2020-05-25,32.5,178.4719221870841,0.73,0.3333333333333331,-0.008571428571428437,0.49999999999999994,-0.8660254037844387,0.5877852522924732,-0.8090169943749473
QLPH062020,105.17,9.19,0.38,2020-06-09,28.4,178.4719221870841,0.92,0.31666666666666643,-0.09142857142857132,1.2246467991473532e-16,-1.0,0.36171373072976765,-0.9322892131745133
QLPH062020,105.17,9.19,0.38,2020-06-23,23.2,178.4719221870841,0.79,0.20666666666666642,-0.1514285714285713,1.2246467991473532e-16,-1.0,0.12874817745258132,-0.99167731989929
QLPH062021,105.17,9.19,0.38,2015-07-13,16.9,178.4719221870841,0.71,0.33833333333333326,0.19142857142857167,-0.4999999999999997,-0.8660254037844388,-0.19667288979357622,-0.9804691603616321
QLPH062022,105.17,9.19,0.38,2022-02-17,22.9,178.4719221870841,0.63,0.47000000000000003,0.5342857142857147,0.8660254037844386,0.5000000000000001,0.7354170229639855,0.6776147890466889
QLPH062022,105.17,9.19,0.38,2022-03-05,24.7,178.4719221870841,0.9500000000000001,0.6033333333333334,0.40000000000000036,1.0,6.123233995736766e-17,0.8919813464595485,0.45207220393230435
QLPH062022,105.17,9.19,0.38,2022-03-19,25.1,178.4719221870841,0.42,0.11333333333333327,0.06428571428571467,1.0,6.123233995736766e-17,0.9741004551724205,0.22611568550828828
QLPH062022,105.17,9.19,0.38,2022-04-03,25.6,178.4719221870841,0.61,0.15999999999999995,0.0457142857142861,0.8660254037844387,-0.4999999999999998,0.9995462806873573,-0.030120304846908114
QLPH062022,105.17,9.19,0.38,2022-04-17,11.6,178.4719221870841,0.17,0.1133333333333331,0.20857142857142894,0.8660254037844387,-0.4999999999999998,0.9634705485641488,-0.2678143051621742
QLPH062022,105.17,9.19,0.38,2022-05-03,16.1,178.4719221870841,0.9500000000000001,0.2599999999999998,0.09857142857142888,0.49999999999999994,-0.8660254037844387,0.854322169749827,-0.5197438121555155
QLPH062022,105.17,9.19,0.38,2022-05-17,13.1,178.4719221870841,0.44,0.23999999999999977,0.19857142857142887,0.49999999999999994,-0.8660254037844387,0.705583610107178,-0.7086266782644596
QLPH062022,105.17,9.19,0.38,2022-06-01,4.4,178.4719221870841,1.1,0.4733333333333331,0.2800000000000003,1.2246467991473532e-16,-1.0,0.5012418134457758,-0.865307254363206
QLPH062022,105.17,9.19,0.38,2022-06-15,5.8,178.4719221870841,0.6900000000000001,0.40999999999999975,0.37285714285714316,1.2246467991473532e-16,-1.0,0.28023067519921585,-0.9599326896597447
QLPH072016,105.36,9.34,0.25,2016-02-29,26.6,162.97114263978105,0.5750000000000001,0.5966666666666666,0.5785714285714287,0.8660254037844386,0.5000000000000001,0.8587639582758029,0.5123714121284237
QLPH072016,105.36,9.34,0.25,2016-03-15,28.3,162.97114263978105,0.46,0.7833333333333333,0.7842857142857144,1.0,6.123233995736766e-17,0.9611297838723007,0.27609697309746883
QLPH072016,105.36,9.34,0.25,2016-04-02,33.5,162.97114263978105,0.33,0.45,0.5214285714285715,0.8660254037844387,-0.4999999999999998,0.9995462806873573,-0.030120304846908114
QLPH072016,105.36,9.34,0.25,2016-04-15,34.8,162.97114263978105,-0.03,0.5433333333333333,0.7185714285714286,0.8660254037844387,-0.4999999999999998,0.9679377830240642,-0.25119006388481935
QLPH072016,105.36,9.34,0.25,2016-05-02,34.0,162.97114263978105,-0.06,-0.023333333333333334,0.3742857142857143,0.49999999999999994,-0.8660254037844387,0.854322169749827,-0.5197438121555155
QLPH072016,105.36,9.34,0.25,2016-05-16,38.3,162.97114263978105,0.05,0.02333333333333333,0.45714285714285713,0.49999999999999994,-0.8660254037844387,0.705583610107178,-0.7086266782644596
QLPH072016,105.36,9.34,0.25,2016-06-02,27.7,162.97114263978105,0.08,-0.01333333333333337,0.19999999999999998,1.2246467991473532e-16,-1.0,0.4711595076738638,-0.8820480249558537
QLPH072016,105.36,9.34,0.25,2016-06-15,27.1,162.97114263978105,0.03,0.01,0.44,1.2246467991473532e-16,-1.0,0.26366549272800704,-0.9646141756912435
QLPH072017,105.39,9.37,0.4,2017-03-01,21.7,160.0961704860164,1.06,0.8399999999999999,0.6685714285714285,1.0,6.123233995736766e-17,0.8587639582758029,0.5123714121284237
QLPH072017,105.39,9.37,0.4,2017-03-16,2.9,160.0961704860164,1.04,1.0366666666666664,0.7928571428571429,1.0,6.123233995736766e-17,0.9611297838723007,0.27609697309746883
QLPH072017,105.39,9.37,0.4,2017-04-01,22.5,160.0961704860164,1.17,1.0433333333333332,0.7700000000000001,0.8660254037844387,-0.4999999999999998,0.9999907397361901,0.004303538296244289
QLPH072017,105.39,9.37,0.4,2017-04-15,24.2,160.0961704860164,0.98,1.1199999999999999,0.9771428571428571,0.8660254037844387,-0.4999999999999998,0.9721181966290613,-0.23449138957040985
QLPH072017,105.39,9.37,0.4,2017-05-01,25.4,160.0961704860164,1.03,1.0199999999999998,0.7314285714285714,0.49999999999999994,-0.8660254037844387,0.8717063187093218,-0.4900286664290592
QLPH072017,105.39,9.37,0.4,2017-05-15,27.8,160.0961704860164,1.07,1.1233333333333333,0.8785714285714287,0.49999999999999994,-0.8660254037844387,0.7295575540864875,-0.6839194216246106
QLPH072017,105.39,9.37,0.4,2017-06-01,14.4,160.0961704860164,0.8200000000000001,1.2333333333333334,1.0985714285714285,1.2246467991473532e-16,-1.0,0.5012418134457758,-0.865307254363206
QLPH072017,105.39,9.37,0.4,2017-06-15,15.9,160.0961704860164,0.91,1.1433333333333333,1.1071428571428572,1.2246467991473532e-16,-1.0,0.28023067519921585,-0.9599326896597447
QLPH072019,105.48,9.37,0.39,2019-01-01,1.2,161.7984050863093,0.6900000000000001,0.8099999999999997,1.1471428571428572,0.49999999999999994,0.8660254037844387,0.017213356155834685,0.9998518392091162
QLPH072019,105.48,9.37,0.39,2019-01-15,1.0,161.7984050863093,0.48,0.9666666666666663,1.215714285714286,0.49999999999999994,0.8660254037844387,0.255353295116187,0.9668478136052775
QLPH072019,105.48,9.37,0.39,2019-02-01,16.9,161.7984050863093,0.7000000000000001,0.6599999999999997,1.0285714285714287,0.8660254037844386,0.5000000000000001,0.5234156073655503,0.8520775211013093
QLPH072019,105.48,9.37,0.39,2019-02-19,18.9,161.7984050863093,0.62,0.41999999999999965,0.28000000000000014,0.8660254037844386,0.5000000000000001,0.7583058084785624,0.6518989958787126
QLPH072019,105.48,9.37,0.39,2019-03-04,21.7,161.7984050863093,0.68,0.2999999999999997,0.3857142857142858,1.0,6.123233995736766e-17,0.8840675099433636,0.4673592171580022
QLPH072019,105.48,9.37,0.39,2019-03-20,24.0,161.7984050863093,0.72,0.2899999999999997,0.24142857142857158,1.0,6.123233995736766e-17,0.9778483415056568,0.20931464596304847
QLPH072019,105.48,9.37,0.39,2019-04-01,2.9,161.7984050863093,0.44,0.3066666666666665,0.6057142857142858,0.8660254037844387,-0.4999999999999998,0.9999907397361901,0.004303538296244289
QLPH072019,105.48,9.37,0.39,2019-04-15,25.8,161.7984050863093,0.1,0.28999999999999987,0.6785714285714287,0.8660254037844387,-0.4999999999999998,0.9721181966290613,-0.23449138957040985
QLPH072019,105.48,9.37,0.39,2019-05-01,2.6,161.7984050863093,0.37,0.25999999999999984,0.47571428571428587,0.49999999999999994,-0.8660254037844387,0.8717063187093218,-0.4900286664290592
QLPH072019,105.48,9.37,0.39,2019-05-15,22.2,161.7984050863093,0.29,0.09333333333333316,0.46714285714285725,0.49999999999999994,-0.8660254037844387,0.7295575540864875,-0.6839194216246106
QLPH072020,105.48,9.37,0.39,2020-02-11,25.1,161.7984050863093,0.92,0.5499999999999997,0.442857142857143,0.8660254037844386,0.5000000000000001,0.6616346182422783,0.7498264012045686
QLPH072020,105.48,9.37,0.39,2020-02-25,27.6,161.7984050863093,1.12,0.6999999999999997,0.31571428571428584,0.8660254037844386,0.5000000000000001,0.8214765533024142,0.5702422926917871
QLPH072020,105.48,9.37,0.39,2020-03-14,29.3,161.7984050863093,1.03,0.8599999999999998,0.4400000000000001,1.0,6.123233995736766e-17,0.9562348265919056,0.29260033563334836
QLPH072020,105.48,9.37,0.39,2020-03-26,32.4,161.7984050863093,0.86,0.19999999999999982,0.0942857142857144,1.0,6.123233995736766e-17,0.995918996147179,0.09025161003104117
QLPH072020,105.48,9.37,0.39,2020-05-02,33.1,161.7984050863093,-0.09,0.28333333333333305,0.532857142857143,0.49999999999999994,-0.8660254037844387,0.854322169749827,-0.5197438121555155
QLPH072020,105.48,9.37,0.39,2020-05-11,34.6,161.7984050863093,0.85,0.7599999999999998,0.34000000000000014,0.49999999999999994,-0.8660254037844387,0.7638886127905428,-0.6453481132295501
QLPH072020,105.48,9.37,0.39,2020-05-25,36.9,161.7984050863093,0.68,0.5699999999999997,0.14714285714285727,0.49999999999999994,-0.8660254037844387,0.5877852522924732,-0.8090169943749473
QLPH072020,105.48,9.37,0.39,2020-06-09,32.0,161.7984050863093,0.85,0.6466666666666665,0.11571428571428584,1.2246467991473532e-16,-1.0,0.36171373072976765,-0.9322892131745133
QLPH072020,105.48,9.37,0.39,2020-06-23,26.3,161.7984050863093,0.8200000000000001,0.5299999999999998,0.018571428571428683,1.2246467991473532e-16,-1.0,0.12874817745258132,-0.99167731989929
QLPH072021,105.39,9.37,0.4,2015-07-13,14.4,160.0961704860164,0.785,0.5349999999999999,0.25428571428571456,-0.4999999999999997,-0.8660254037844388,-0.19667288979357622,-0.9804691603616321
QLPH072022,105.39,9.37,0.4,2022-02-17,18.6,160.0961704860164,0.75,0.54,0.4900000000000004,0.8660254037844386,0.5000000000000001,0.7354170229639855,0.6776147890466889
QLPH072022,105.39,9.37,0.4,2022-03-05,21.8,160.0961704860164,1.21,0.7833333333333332,0.48857142857142893,1.0,6.123233995736766e-17,0.8919813464595485,0.45207220393230435
QLPH072022,105.39,9.37,0.4,2022-03-19,21.9,160.0961704860164,0.6000000000000001,0.25333333333333324,0.12428571428571467,1.0,6.123233995736766e-17,0.9741004551724205,0.22611568550828828
QLPH072022,105.39,9.37,0.4,2022-04-03,22.0,160.0961704860164,1.09,0.35666666666666663,0.1257142857142861,0.8660254037844387,-0.4999999999999998,0.9995462806873573,-0.030120304846908114
QLPH072022,105.39,9.37,0.4,2022-04-17,8.0,160.0961704860164,0.35000000000000003,0.12999999999999978,0.16571428571428606,0.8660254037844387,-0.4999999999999998,0.9634705485641488,-0.2678143051621742
QLPH072022,105.39,9.37,0.4,2022-05-03,17.1,160.0961704860164,1.02,0.5433333333333331,0.24142857142857177,0.49999999999999994,-0.8660254037844387,0.854322169749827,-0.5197438121555155
QLPH072022,105.39,9.37,0.4,2022-05-17,5.0,160.0961704860164,0.8,0.31333333333333313,0.24000000000000035,0.49999999999999994,-0.8660254037844387,0.705583610107178,-0.7086266782644596
QLPH072022,105.39,9.37,0.4,2022-06-01,7.0,160.0961704860164,1.22,0.7499999999999997,0.4328571428571432,1.2246467991473532e-16,-1.0,0.5012418134457758,-0.865307254363206
QLPH072022,105.39,9.37,0.4,2022-06-15,6.1,160.0961704860164,0.9400000000000001,0.5199999999999998,0.4114285714285718,1.2246467991473532e-16,-1.0,0.28023067519921585,-0.9599326896597447
QLPH082016,105.3,9.28,0.31,2016-02-29,27.4,168.963423964359,0.7000000000000001,0.6516666666666666,0.5978571428571431,0.8660254037844386,0.5000000000000001,0.8587639582758029,0.5123714121284237
QLPH082016,105.3,9.28,0.31,2016-03-15,29.3,168.963423964359,0.46,0.7833333333333333,0.7842857142857144,1.0,6.123233995736766e-17,0.9611297838723007,0.27609697309746883
QLPH082016,105.3,9.28,0.31,2016-04-02,33.1,168.963423964359,0.33,0.45,0.5214285714285715,0.8660254037844387,-0.4999999999999998,0.9995462806873573,-0.030120304846908114
QLPH082016,105.3,9.28,0.31,2016-04-15,34.8,168.963423964359,-0.03,0.5433333333333333,0.7185714285714286,0.8660254037844387,-0.4999999999999998,0.9679377830240642,-0.25119006388481935
QLPH082016,105.3,9.28,0.31,2016-05-02,34.0,168.963423964359,-0.06,-0.023333333333333334,0.3742857142857143,0.49999999999999994,-0.8660254037844387,0.854322169749827,-0.5197438121555155
QLPH082016,105.3,9.28,0.31,2016-05-16,37.3,168.963423964359,0.05,0.02333333333333333,0.45714285714285713,0.49999999999999994,-0.8660254037844387,0.705583610107178,-0.7086266782644596
QLPH082016,105.3,9.28,0.31,2016-06-02,32.8,168.963423964359,0.08,-0.01333333333333337,0.19999999999999998,1.2246467991473532e-16,-1.0,0.4711595076738638,-0.8820480249558537
QLPH082016,105.3,9.28,0.31,2016-06-15,31.7,168.963423964359,0.03,0.01,0.44,1.2246467991473532e-16,-1.0,0.26366549272800704,-0.9646141756912435
QLPH082017,105.46,9.44,0.44,2017-03-01,19.9,153.7331708466058,1.06,0.8399999999999999,0.6685714285714285,1.0,6.123233995736766e-17,0.8587639582758029,0.5123714121284237
QLPH082017,105.46,9.44,0.44,2017-03-16,18.8,153.7331708466058,1.04,1.0366666666666664,0.7928571428571429,1.0,6.123233995736766e-17,0.9611297838723007,0.27609697309746883
QLPH082017,105.46,9.44,0.44,2017-04-01,22.7,153.7331708466058,1.17,1.0433333333333332,0.7700000000000001,0.8660254037844387,-0.4999999999999998,0.9999907397361901,0.004303538296244289
QLPH082017,105.46,9.44,0.44,2017-04-15,24.1,153.7331708466058,0.98,1.1199999999999999,0.9771428571428571,0.8660254037844387,-0.4999999999999998,0.9721181966290613,-0.23449138957040985
QLPH082017,105.46,9.44,0.44,2017-05-01,19.5,153.7331708466058,1.03,1.0199999999999998,0.7314285714285714,0.49999999999999994,-0.8660254037844387,0.8717063187093218,-0.4900286664290592
QLPH082017,105.46,9.44,0.44,2017-05-15,26.9,153.7331708466058,1.07,1.1233333333333333,0.8785714285714287,0.49999999999999994,-0.8660254037844387,0.7295575540864875,-0.6839194216246106
QLPH082017,105.46,9.44,0.44,2017-06-01,11.4,153.7331708466058,0.8200000000000001,1.2333333333333334,1.0985714285714285,1.2246467991473532e-16,-1.0,0.5012418134457758,-0.865307254363206
QLPH082017,105.46,9.44,0.44,2017-06-15,14.8,153.7331708466058,0.91,1.1433333333333333,1.1071428571428572,1.2246467991473532e-16,-1.0,0.28023067519921585,-0.9599326896597447
QLPH082019,105.46,9.44,0.44,2019-01-01,0.8,153.7331708466058,0.6900000000000001,0.8099999999999997,1.1471428571428572,0.49999999999999994,0.8660254037844387,0.017213356155834685,0.9998518392091162
QLPH082019,105.46,9.44,0.44,2019-01-15,0.9,153.7331708466058,0.48,0.9666666666666663,1.215714285714286,0.49999999999999994,0.8660254037844387,0.255353295116187,0.9668478136052775
QLPH082019,105.46,9.44,0.44,2019-02-01,3.7,153.7331708466058,0.7000000000000001,0.6599999999999997,1.0285714285714287,0.8660254037844386,0.5000000000000001,0.5234156073655503,0.8520775211013093
QLPH082019,105.46,9.44,0.44,2019-02-19,7.5,153.7331708466058,0.62,0.41999999999999965,0.28000000000000014,0.8660254037844386,0.5000000000000001,0.7583058084785624,0.6518989958787126
QLPH082019,105.46,9.44,0.44,2019-03-04,18.7,153.7331708466058,0.68,0.2999999999999997,0.3857142857142858,1.0,6.123233995736766e-17,0.8840675099433636,0.4673592171580022
QLPH082019,105.46,9.44,0.44,2019-03-20,3.1,153.7331708466058,0.72,0.2899999999999997,0.24142857142857158,1.0,6.123233995736766e-17,0.9778483415056568,0.20931464596304847
QLPH082019,105.46,9.44,0.44,2019-04-01,18.1,153.7331708466058,0.44,0.3066666666666665,0.6057142857142858,0.8660254037844387,-0.4999999999999998,0.9999907397361901,0.004303538296244289
QLPH082019,105.46,9.44,0.44,2019-04-15,17.0,153.7331708466058,0.1,0.28999999999999987,0.6785714285714287,0.8660254037844387,-0.4999999999999998,0.9721181966290613,-0.23449138957040985
QLPH082019,105.46,9.44,0.44,2019-05-01,15.8,153.7331708466058,0.37,0.25999999999999984,0.47571428571428587,0.49999999999999994,-0.8660254037844387,0.8717063187093218,-0.4900286664290592
QLPH082019,105.46,9.44,0.44,2019-05-15,13.8,153.7331708466058,0.29,0.09333333333333316,0.46714285714285725,0.49999999999999994,-0.8660254037844387,0.7295575540864875,-0.6839194216246106
QLPH082020,105.46,9.44,0.44,2020-02-11,2.6,153.7331708466058,0.92,0.5499999999999997,0.442857142857143,0.8660254037844386,0.5000000000000001,0.6616346182422783,0.7498264012045686
QLPH082020,105.46,9.44,0.44,2020-02-25,11.2,153.7331708466058,1.12,0.6999999999999997,0.31571428571428584,0.8660254037844386,0.5000000000000001,0.8214765533024142,0.5702422926917871
QLPH082020,105.46,9.44,0.44,2020-03-14,26.0,153.7331708466058,1.03,0.8599999999999998,0.4400000000000001,1.0,6.123233995736766e-17,0.9562348265919056,0.29260033563334836
QLPH082020,105.46,9.44,0.44,2020-03-26,32.1,153.7331708466058,0.86,0.19999999999999982,0.0942857142857144,1.0,6.123233995736766e-17,0.995918996147179,0.09025161003104117
QLPH082020,105.46,9.44,0.44,2020-05-02,21.9,153.7331708466058,-0.09,0.28333333333333305,0.532857142857143,0.49999999999999994,-0.8660254037844387,0.854322169749827,-0.5197438121555155
QLPH082020,105.46,9.44,0.44,2020-05-11,33.2,153.7331708466058,0.85,0.7599999999999998,0.34000000000000014,0.49999999999999994,-0.8660254037844387,0.7638886127905428,-0.6453481132295501
QLPH082020,105.46,9.44,0.44,2020-05-25,23.8,153.7331708466058,0.68,0.5699999999999997,0.14714285714285727,0.49999999999999994,-0.8660254037844387,0.5877852522924732,-0.8090169943749473
QLPH082020,105.46,9.44,0.44,2020-06-09,2.4,153.7331708466058,0.85,0.6466666666666665,0.11571428571428584,1.2246467991473532e-16,-1.0,0.36171373072976765,-0.9322892131745133
QLPH082020,105.46,9.44,0.44,2020-06-23,12.4,153.7331708466058,0.8200000000000001,0.5299999999999998,0.018571428571428683,1.2246467991473532e-16,-1.0,0.12874817745258132,-0.99167731989929
QLPH082021,105.52,9.49,0.41,2015-07-13,5.7,149.77824529560615,0.785,0.5349999999999999,0.25428571428571456,-0.4999999999999997,-0.8660254037844388,-0.19667288979357622,-0.9804691603616321
QLPH082022,105.52,9.49,0.41,2022-02-17,6.1,149.77824529560615,0.75,0.54,0.4900000000000004,0.8660254037844386,0.5000000000000001,0.7354170229639855,0.6776147890466889
QLPH082022,105.52,9.49,0.41,2022-03-05,0.3,149.77824529560615,1.21,0.7833333333333332,0.48857142857142893,1.0,6.123233995736766e-17,0.8919813464595485,0.45207220393230435
QLPH082022,105.52,9.49,0.41,2022-03-19,0.2,149.77824529560615,0.6000000000000001,0.25333333333333324,0.12428571428571467,1.0,6.123233995736766e-17,0.9741004551724205,0.22611568550828828
QLPH082022,105.52,9.49,0.41,2022-04-03,1.8,149.77824529560615,1.09,0.35666666666666663,0.1257142857142861,0.8660254037844387,-0.4999999999999998,0.9995462806873573,-0.030120304846908114
QLPH082022,105.52,9.49,0.41,2022-04-17,0.5,149.77824529560615,0.35000000000000003,0.12999999999999978,0.16571428571428606,0.8660254037844387,-0.4999999999999998,0.9634705485641488,-0.2678143051621742
QLPH082022,105.52,9.49,0.41,2022-05-03,5.8,149.77824529560615,1.02,0.5433333333333331,0.24142857142857177,0.49999999999999994,-0.8660254037844387,0.854322169749827,-0.5197438121555155
QLPH082022,105.52,9.49,0.41,2022-05-17,0.1,149.77824529560615,0.8,0.31333333333333313,0.24000000000000035,0.49999999999999994,-0.8660254037844387,0.705583610107178,-0.7086266782644596
QLPH082022,105.52,9.49,0.41,2022-06-01,0.8,149.77824529560615,1.22,0.7499999999999997,0.4328571428571432,1.2246467991473532e-16,-1.0,0.5012418134457758,-0.865307254363206
QLPH082022,105.52,9.49,0.41,2022-06-15,1.1,149.77824529560615,0.9400000000000001,0.5199999999999998,0.4114285714285718,1.2246467991473532e-16,-1.0,0.28023067519921585,-0.9599326896597447
QLPH092016,105.16,9.18,0.36,2016-02-29,27.3,179.59452993111069,0.805,0.695,0.5871428571428573,0.8660254037844386,0.5000000000000001,0.8587639582758029,0.5123714121284237
QLPH092016,105.16,9.18,0.36,2016-03-15,29.0,179.59452993111069,0.67,0.8700000000000001,0.7628571428571428,1.0,6.123233995736766e-17,0.9611297838723007,0.27609697309746883
QLPH092016,105.16,9.18,0.36,2016-04-02,32.8,179.59452993111069,0.43,0.4566666666666666,0.5700000000000001,0.8660254037844387,-0.4999999999999998,0.9995462806873573,-0.030120304846908114
QLPH092016,105.16,9.18,0.36,2016-04-15,34.3,179.59452993111069,0.12,0.8066666666666666,0.7828571428571429,0.8660254037844387,-0.4999999999999998,0.9679377830240642,-0.25119006388481935
QLPH092016,105.16,9.18,0.36,2016-05-02,34.3,179.59452993111069,-0.08,0.14333333333333334,0.5171428571428571,0.49999999999999994,-0.8660254037844387,0.854322169749827,-0.5197438121555155
QLPH092016,105.16,9.18,0.36,2016-05-16,35.4,179.59452993111069,-0.02,0.27666666666666667,0.5700000000000001,0.49999999999999994,-0.8660254037844387,0.705583610107178,-0.7086266782644596
QLPH092016,105.16,9.18,0.36,2016-06-02,28.4,179.59452993111069,0.02,0.03999999999999996,0.3142857142857142,1.2246467991473532e-16,-1.0,0.4711595076738638,-0.8820480249558537
QLPH092016,105.16,9.18,0.36,2016-06-15,25.6,179.59452993111069,-0.02,0.15,0.5871428571428572,1.2246467991473532e-16,-1.0,0.26366549272800704,-0.9646141756912435
QLPH092017,105.51,9.49,0.41,2017-03-01,17.0,149.51084979528628,1.06,0.8399999999999999,0.6685714285714285,1.0,6.123233995736766e-17,0.8587639582758029,0.5123714121284237
QLPH092017,105.51,9.49,0.41,2017-03-16,3.5,149.51084979528628,1.04,1.0366666666666664,0.7928571428571429,1.0,6.123233995736766e-17,0.9611297838723007,0.27609697309746883
QLPH092017,105.51,9.49,0.41,2017-04-01,17.4,149.51084979528628,1.17,1.0433333333333332,0.7700000000000001,0.8660254037844387,-0.4999999999999998,0.9999907397361901,0.004303538296244289
QLPH092017,105.51,9.49,0.41,2017-04-15,5.4,149.51084979528628,0.98,1.1199999999999999,0.9771428571428571,0.8660254037844387,-0.4999999999999998,0.9721181966290613,-0.23449138957040985
QLPH092017,105.51,9.49,0.41,2017-05-01,0.6,149.51084979528628,1.03,1.0199999999999998,0.7314285714285714,0.49999999999999994,-0.8660254037844387,0.8717063187093218,-0.4900286664290592
QLPH092017,105.51,9.49,0.41,2017-05-15,2.3,149.51084979528628,1.07,1.1233333333333333,0.8785714285714287,0.49999999999999994,-0.8660254037844387,0.7295575540864875,-0.6839194216246106
QLPH092017,105.51,9.49,0.41,2017-06-01,8.4,149.51084979528628,0.8200000000000001,1.2333333333333334,1.0985714285714285,1.2246467991473532e-16,-1.0,0.5012418134457758,-0.865307254363206
QLPH092017,105.51,9.49,0.41,2017-06-15,13.0,149.51084979528628,0.91,1.1433333333333333,1.1071428571428572,1.2246467991473532e-16,-1.0,0.28023067519921585,-0.9599326896597447
QLPH092019,105.51,9.49,0.41,2019-01-01,0.4,149.51084979528628,0.6900000000000001,0.8099999999999997,1.1471428571428572,0.49999999999999994,0.8660254037844387,0.017213356155834685,0.9998518392091162
QLPH092019,105.51,9.49,0.41,2019-01-15,0.3,149.51084979528628,0.48,0.9666666666666663,1.215714285714286,0.49999999999999994,0.8660254037844387,0.255353295116187,0.9668478136052775
QLPH092019,105.51,9.49,0.41,2019-02-01,0.1,149.51084979528628,0.7000000000000001,0.6599999999999997,1.0285714285714287,0.8660254037844386,0.5000000000000001,0.5234156073655503,0.8520775211013093
QLPH092019,105.51,9.49,0.41,2019-02-19,0.5,149.51084979528628,0.62,0.41999999999999965,0.28000000000000014,0.8660254037844386,0.5000000000000001,0.7583058084785624,0.6518989958787126
QLPH092019,105.51,9.49,0.41,2019-03-04,2.1,149.51084979528628,0.68,0.2999999999999997,0.3857142857142858,1.0,6.123233995736766e-17,0.8840675099433636,0.4673592171580022
QLPH092019,105.51,9.49,0.41,2019-03-20,0.1,149.51084979528628,0.72,0.2899999999999997,0.24142857142857158,1.0,6.123233995736766e-17,0.9778483415056568,0.20931464596304847
QLPH092019,105.51,9.49,0.41,2019-04-01,5.6,149.51084979528628,0.44,0.3066666666666665,0.6057142857142858,0.8660254037844387,-0.4999999999999998,0.9999907397361901,0.004303538296244289
QLPH092019,105.51,9.49,0.41,2019-04-15,4.9,149.51084979528628,0.1,0.28999999999999987,0.6785714285714287,0.8660254037844387,-0.4999999999999998,0.9721181966290613,-0.23449138957040985
QLPH092019,105.51,9.49,0.41,2019-05-01,8.2,149.51084979528628,0.37,0.25999999999999984,0.47571428571428587,0.49999999999999994,-0.8660254037844387,0.8717063187093218,-0.4900286664290592
QLPH092019,105.51,9.49,0.41,2019-05-15,0.6,149.51084979528628,0.29,0.09333333333333316,0.46714285714285725,0.49999999999999994,-0.8660254037844387,0.7295575540864875,-0.6839194216246106
QLPH092020,105.51,9.49,0.41,2020-02-11,2.5,149.51084979528628,0.92,0.5499999999999997,0.442857142857143,0.8660254037844386,0.5000000000000001,0.6616346182422783,0.7498264012045686
QLPH092020,105.51,9.49,0.41,2020-02-25,7.44,149.51084979528628,1.12,0.6999999999999997,0.31571428571428584,0.8660254037844386,0.5000000000000001,0.8214765533024142,0.5702422926917871
QLPH092020,105.51,9.49,0.41,2020-03-14,3.66,149.51084979528628,1.03,0.8599999999999998,0.4400000000000001,1.0,6.123233995736766e-17,0.9562348265919056,0.29260033563334836
QLPH092020,105.51,9.49,0.41,2020-03-26,0.7,149.51084979528628,0.86,0.19999999999999982,0.0942857142857144,1.0,6.123233995736766e-17,0.995918996147179,0.09025161003104117
QLPH092020,105.51,9.49,0.41,2020-05-02,11.2,149.51084979528628,-0.09,0.28333333333333305,0.532857142857143,0.49999999999999994,-0.8660254037844387,0.854322169749827,-0.5197438121555155
QLPH092020,105.51,9.49,0.41,2020-05-11,5.54,149.51084979528628,0.85,0.7599999999999998,0.34000000000000014,0.49999999999999994,-0.8660254037844387,0.7638886127905428,-0.6453481132295501
QLPH092020,105.51,9.49,0.41,2020-05-25,7.73,149.51084979528628,0.68,0.5699999999999997,0.14714285714285727,0.49999999999999994,-0.8660254037844387,0.5877852522924732,-0.8090169943749473
QLPH092020,105.51,9.49,0.41,2020-06-09,1.89,149.51084979528628,0.85,0.6466666666666665,0.11571428571428584,1.2246467991473532e-16,-1.0,0.36171373072976765,-0.9322892131745133
QLPH092020,105.51,9.49,0.41,2020-06-23,1.57,149.51084979528628,0.8200000000000001,0.5299999999999998,0.018571428571428683,1.2246467991473532e-16,-1.0,0.12874817745258132,-0.99167731989929
QLPH092021,105.59,9.56,0.31,2015-07-13,0.6,144.4368683799359,0.785,0.5349999999999999,0.25428571428571456,-0.4999999999999997,-0.8660254037844388,-0.19667288979357622,-0.9804691603616321
QLPH092022,105.59,9.56,0.31,2022-02-17,0.1,144.4368683799359,0.75,0.54,0.4900000000000004,0.8660254037844386,0.5000000000000001,0.7354170229639855,0.6776147890466889
QLPH092022,105.59,9.56,0.31,2022-03-05,0.1,144.4368683799359,1.21,0.7833333333333332,0.48857142857142893,1.0,6.123233995736766e-17,0.8919813464595485,0.45207220393230435
QLPH092022,105.59,9.56,0.31,2022-03-19,0.1,144.4368683799359,0.6000000000000001,0.25333333333333324,0.12428571428571467,1.0,6.123233995736766e-17,0.9741004551724205,0.22611568550828828
QLPH092022,105.59,9.56,0.31,2022-04-03,0.1,144.4368683799359,1.09,0.35666666666666663,0.1257142857142861,0.8660254037844387,-0.4999999999999998,0.9995462806873573,-0.030120304846908114
QLPH092022,105.59,9.56,0.31,2022-04-17,0.1,144.4368683799359,0.35000000000000003,0.12999999999999978,0.16571428571428606,0.8660254037844387,-0.4999999999999998,0.9634705485641488,-0.2678143051621742
QLPH092022,105.59,9.56,0.31,2022-05-03,0.1,144.4368683799359,1.02,0.5433333333333331,0.24142857142857177,0.49999999999999994,-0.8660254037844387,0.854322169749827,-0.5197438121555155
QLPH092022,105.59,9.56,0.31,2022-05-17,0.1,144.4368683799359,0.8,0.31333333333333313,0.24000000000000035,0.49999999999999994,-0.8660254037844387,0.705583610107178,-0.7086266782644596
QLPH092022,105.59,9.56,0.31,2022-06-01,0.1,144.4368683799359,1.22,0.7499999999999997,0.4328571428571432,1.2246467991473532e-16,-1.0,0.5012418134457758,-0.865307254363206
QLPH092022,105.59,9.56,0.31,2022-06-15,0.1,144.4368683799359,0.9400000000000001,0.5199999999999998,0.4114285714285718,1.2246467991473532e-16,-1.0,0.28023067519921585,-0.9599326896597447
QLPH102016,105.23,9.36,0.19,2016-02-29,26.9,159.65486494557814,0.7000000000000001,0.6516666666666666,0.5978571428571431,0.8660254037844386,0.5000000000000001,0.8587639582758029,0.5123714121284237
QLPH102016,105.23,9.36,0.19,2016-03-15,29.4,159.65486494557814,0.46,0.7833333333333333,0.7842857142857144,1.0,6.123233995736766e-17,0.9611297838723007,0.27609697309746883
QLPH102016,105.23,9.36,0.19,2016-04-02,33.4,159.65486494557814,0.33,0.45,0.5214285714285715,0.8660254037844387,-0.4999999999999998,0.9995462806873573,-0.030120304846908114
QLPH102016,105.23,9.36,0.19,2016-04-15,35.7,159.65486494557814,-0.03,0.5433333333333333,0.7185714285714286,0.8660254037844387,-0.4999999999999998,0.9679377830240642,-0.25119006388481935
QLPH102016,105.23,9.36,0.19,2016-05-02,35.0,159.65486494557814,-0.06,-0.023333333333333334,0.3742857142857143,0.49999999999999994,-0.8660254037844387,0.854322169749827,-0.5197438121555155
QLPH102016,105.23,9.36,0.19,2016-05-16,39.4,159.65486494557814,0.05,0.02333333333333333,0.45714285714285713,0.49999999999999994,-0.8660254037844387,0.705583610107178,-0.7086266782644596
QLPH102016,105.23,9.36,0.19,2016-06-02,28.5,159.65486494557814,0.08,-0.01333333333333337,0.19999999999999998,1.2246467991473532e-16,-1.0,0.4711595076738638,-0.8820480249558537
QLPH102016,105.23,9.36,0.19,2016-06-15,19.4,159.65486494557814,0.03,0.01,0.44,1.2246467991473532e-16,-1.0,0.26366549272800704,-0.9646141756912435
QLPH102017,105.59,9.56,0.31,2017-03-01,1.2,144.4368683799359,1.06,0.8399999999999999,0.6685714285714285,1.0,6.123233995736766e-17,0.8587639582758029,0.5123714121284237
QLPH102017,105.59,9.56,0.31,2017-03-16,0.014633865,144.4368683799359,1.04,1.0366666666666664,0.7928571428571429,1.0,6.123233995736766e-17,0.9611297838723007,0.27609697309746883
QLPH102017,105.59,9.56,0.31,2017-04-01,0.02818374,144.4368683799359,1.17,1.0433333333333332,0.7700000000000001,0.8660254037844387,-0.4999999999999998,0.9999907397361901,0.004303538296244289
QLPH102017,105.59,9.56,0.31,2017-04-15,0.1,144.4368683799359,0.98,1.1199999999999999,0.9771428571428571,0.8660254037844387,-0.4999999999999998,0.9721181966290613,-0.23449138957040985
QLPH102017,105.59,9.56,0.31,2017-05-01,0.2,144.4368683799359,1.03,1.0199999999999998,0.7314285714285714,0.49999999999999994,-0.8660254037844387,0.8717063187093218,-0.4900286664290592
QLPH102017,105.59,9.56,0.31,2017-05-15,0.1,144.4368683799359,1.07,1.1233333333333333,0.8785714285714287,0.49999999999999994,-0.8660254037844387,0.7295575540864875,-0.6839194216246106
QLPH102017,105.59,9.56,0.31,2017-06-01,2.0,144.4368683799359,0.8200000000000001,1.2333333333333334,1.0985714285714285,1.2246467991473532e-16,-1.0,0.5012418134457758,-0.865307254363206
QLPH102017,105.59,9.56,0.31,2017-06-15,3.2,144.4368683799359,0.91,1.1433333333333333,1.1071428571428572,1.2246467991473532e-16,-1.0,0.28023067519921585,-0.9599326896597447
QLPH102019,105.59,9.56,0.31,2019-01-01,0.0404147605,144.4368683799359,0.6900000000000001,0.8099999999999997,1.1471428571428572,0.49999999999999994,0.8660254037844387,0.017213356155834685,0.9998518392091162
QLPH102019,105.59,9.56,0.31,2019-01-15,0.0338385545,144.4368683799359,0.48,0.9666666666666663,1.215714285714286,0.49999999999999994,0.8660254037844387,0.255353295116187,0.9668478136052775
QLPH102019,105.59,9.56,0.31,2019-02-01,0.006251009,144.4368683799359,0.7000000000000001,0.6599999999999997,1.0285714285714287,0.8660254037844386,0.5000000000000001,0.5234156073655503,0.8520775211013093
QLPH102019,105.59,9.56,0.31,2019-02-19,0.0772342875,144.4368683799359,0.62,0.41999999999999965,0.28000000000000014,0.8660254037844386,0.5000000000000001,0.7583058084785624,0.6518989958787126
QLPH102019,105.59,9.56,0.31,2019-03-04,0.05853546,144.4368683799359,0.68,0.2999999999999997,0.3857142857142858,1.0,6.123233995736766e-17,0.8840675099433636,0.4673592171580022
QLPH102019,105.59,9.56,0.31,2019-03-20,0.0527722465,144.4368683799359,0.72,0.2899999999999997,0.24142857142857158,1.0,6.123233995736766e-17,0.9778483415056568,0.20931464596304847
QLPH102019,105.59,9.56,0.31,2019-04-01,6.1,144.4368683799359,0.44,0.3066666666666665,0.6057142857142858,0.8660254037844387,-0.4999999999999998,0.9999907397361901,0.004303538296244289
QLPH102019,105.59,9.56,0.31,2019-04-15,0.1,144.4368683799359,0.1,0.28999999999999987,0.6785714285714287,0.8660254037844387,-0.4999999999999998,0.9721181966290613,-0.23449138957040985
QLPH102019,105.59,9.56,0.31,2019-05-01,0.2,144.4368683799359,0.37,0.25999999999999984,0.47571428571428587,0.49999999999999994,-0.8660254037844387,0.8717063187093218,-0.4900286664290592
QLPH102019,105.59,9.56,0.31,2019-05-15,0.3,144.4368683799359,0.29,0.09333333333333316,0.46714285714285725,0.49999999999999994,-0.8660254037844387,0.7295575540864875,-0.6839194216246106
QLPH102020,105.59,9.56,0.31,2020-02-11,1.1,144.4368683799359,0.92,0.5499999999999997,0.442857142857143,0.8660254037844386,0.5000000000000001,0.6616346182422783,0.7498264012045686
QLPH102020,105.59,9.56,0.31,2020-02-25,0.39,144.4368683799359,1.12,0.6999999999999997,0.31571428571428584,0.8660254037844386,0.5000000000000001,0.8214765533024142,0.5702422926917871
QLPH102020,105.59,9.56,0.31,2020-03-14,0.3,144.4368683799359,1.03,0.8599999999999998,0.4400000000000001,1.0,6.123233995736766e-17,0.9562348265919056,0.29260033563334836
QLPH102020,105.59,9.56,0.31,2020-03-26,0.2,144.4368683799359,0.86,0.19999999999999982,0.0942857142857144,1.0,6.123233995736766e-17,0.995918996147179,0.09025161003104117
QLPH102020,105.59,9.56,0.31,2020-05-02,0.43,144.4368683799359,-0.09,0.28333333333333305,0.532857142857143,0.49999999999999994,-0.8660254037844387,0.854322169749827,-0.5197438121555155
QLPH102020,105.59,9.56,0.31,2020-05-11,0.26,144.4368683799359,0.85,0.7599999999999998,0.34000000000000014,0.49999999999999994,-0.8660254037844387,0.7638886127905428,-0.6453481132295501
QLPH102020,105.59,9.56,0.31,2020-05-25,0.33,144.4368683799359,0.68,0.5699999999999997,0.14714285714285727,0.49999999999999994,-0.8660254037844387,0.5877852522924732,-0.8090169943749473
QLPH102020,105.59,9.56,0.31,2020-06-09,0.28,144.4368683799359,0.85,0.6466666666666665,0.11571428571428584,1.2246467991473532e-16,-1.0,0.36171373072976765,-0.9322892131745133
QLPH102020,105.59,9.56,0.31,2020-06-23,0.31,144.4368683799359,0.8200000000000001,0.5299999999999998,0.018571428571428683,1.2246467991473532e-16,-1.0,0.12874817745258132,-0.99167731989929
QLPH102021,105.42,9.59,0.35,2015-07-13,2.0,136.51889397823544,0.785,0.5349999999999999,0.25428571428571456,-0.4999999999999997,-0.8660254037844388,-0.19667288979357622,-0.9804691603616321
QLPH102022,105.42,9.59,0.35,2022-02-17,2.3,136.51889397823544,0.75,0.54,0.4900000000000004,0.8660254037844386,0.5000000000000001,0.7354170229639855,0.6776147890466889
QLPH102022,105.42,9.59,0.35,2022-03-05,3.4,136.51889397823544,1.21,0.7833333333333332,0.48857142857142893,1.0,6.123233995736766e-17,0.8919813464595485,0.45207220393230435
QLPH102022,105.42,9.59,0.35,2022-03-19,1.2,136.51889397823544,0.6000000000000001,0.25333333333333324,0.12428571428571467,1.0,6.123233995736766e-17,0.9741004551724205,0.22611568550828828
QLPH102022,105.42,9.59,0.35,2022-04-03,3.9,136.51889397823544,1.09,0.35666666666666663,0.1257142857142861,0.8660254037844387,-0.4999999999999998,0.9995462806873573,-0.030120304846908114
QLPH102022,105.42,9.59,0.35,2022-04-17,2.1,136.51889397823544,0.35000000000000003,0.12999999999999978,0.16571428571428606,0.8660254037844387,-0.4999999999999998,0.9634705485641488,-0.2678143051621742
QLPH102022,105.42,9.59,0.35,2022-05-03,3.6,136.51889397823544,1.02,0.5433333333333331,0.24142857142857177,0.49999999999999994,-0.8660254037844387,0.854322169749827,-0.5197438121555155
QLPH102022,105.42,9.59,0.35,2022-05-17,0.5,136.51889397823544,0.8,0.31333333333333313,0.24000000000000035,0.49999999999999994,-0.8660254037844387,0.705583610107178,-0.7086266782644596
QLPH102022,105.42,9.59,0.35,2022-06-01,0.5,136.51889397823544,1.22,0.7499999999999997,0.4328571428571432,1.2246467991473532e-16,-1.0,0.5012418134457758,-0.865307254363206
QLPH102022,105.42,9.59,0.35,2022-06-15,0.3,136.51889397823544,0.9400000000000001,0.5199999999999998,0.4114285714285718,1.2246467991473532e-16,-1.0,0.28023067519921585,-0.9599326896597447
QLPH112016,105.32,9.51,0.33,2016-02-29,16.9,143.69313947884152,0.7000000000000001,0.6516666666666666,0.5978571428571431,0.8660254037844386,0.5000000000000001,0.8587639582758029,0.5123714121284237
QLPH112016,105.32,9.51,0.33,2016-03-15,19.3,143.69313947884152,0.46,0.7833333333333333,0.7842857142857144,1.0,6.123233995736766e-17,0.9611297838723007,0.27609697309746883
QLPH112016,105.32,9.51,0.33,2016-04-02,19.4,143.69313947884152,0.33,0.45,0.5214285714285715,0.8660254037844387,-0.4999999999999998,0.9995462806873573,-0.030120304846908114
QLPH112016,105.32,9.51,0.33,2016-04-15,18.7,143.69313947884152,-0.03,0.5433333333333333,0.7185714285714286,0.8660254037844387,-0.4999999999999998,0.9679377830240642,-0.25119006388481935
QLPH112016,105.32,9.51,0.33,2016-05-02,2.4,143.69313947884152,-0.06,-0.023333333333333334,0.3742857142857143,0.49999999999999994,-0.8660254037844387,0.854322169749827,-0.5197438121555155
QLPH112016,105.32,9.51,0.33,2016-05-16,27.5,143.69313947884152,0.05,0.02333333333333333,0.45714285714285713,0.49999999999999994,-0.8660254037844387,0.705583610107178,-0.7086266782644596
QLPH112016,105.32,9.51,0.33,2016-06-02,2.6,143.69313947884152,0.08,-0.01333333333333337,0.19999999999999998,1.2246467991473532e-16,-1.0,0.4711595076738638,-0.8820480249558537
QLPH112016,105.32,9.51,0.33,2016-06-15,18.3,143.69313947884152,0.03,0.01,0.44,1.2246467991473532e-16,-1.0,0.26366549272800704,-0.9646141756912435
QLPH112017,105.46,9.55,0.41,2017-03-01,0.011784777949999999,141.76523439969674,1.06,0.8399999999999999,0.6685714285714285,1.0,6.123233995736766e-17,0.8587639582758029,0.5123714121284237
QLPH112017,105.46,9.55,0.41,2017-03-16,0.9,141.76523439969674,1.04,1.0366666666666664,0.7928571428571429,1.0,6.123233995736766e-17,0.9611297838723007,0.27609697309746883
QLPH112017,105.46,9.55,0.41,2017-04-01,2.9,141.76523439969674,1.17,1.0433333333333332,0.7700000000000001,0.8660254037844387,-0.4999999999999998,0.9999907397361901,0.004303538296244289
QLPH112017,105.46,9.55,0.41,2017-04-15,7.0,141.76523439969674,0.98,1.1199999999999999,0.9771428571428571,0.8660254037844387,-0.4999999999999998,0.9721181966290613,-0.23449138957040985
QLPH112017,105.46,9.55,0.41,2017-05-01,5.5,141.76523439969674,1.03,1.0199999999999998,0.7314285714285714,0.49999999999999994,-0.8660254037844387,0.8717063187093218,-0.4900286664290592
QLPH112017,105.46,9.55,0.41,2017-05-15,2.6,141.76523439969674,1.07,1.1233333333333333,0.8785714285714287,0.49999999999999994,-0.8660254037844387,0.7295575540864875,-0.6839194216246106
QLPH112017,105.46,9.55,0.41,2017-06-01,5.0,141.76523439969674,0.8200000000000001,1.2333333333333334,1.0985714285714285,1.2246467991473532e-16,-1.0,0.5012418134457758,-0.865307254363206
QLPH112017,105.46,9.55,0.41,2017-06-15,5.2,141.76523439969674,0.91,1.1433333333333333,1.1071428571428572,1.2246467991473532e-16,-1.0,0.28023067519921585,-0.9599326896597447
QLPH112019,105.46,9.55,0.41,2019-01-01,0.3,141.76523439969674,0.6900000000000001,0.8099999999999997,1.1471428571428572,0.49999999999999994,0.8660254037844387,0.017213356155834685,0.9998518392091162
QLPH112019,105.46,9.55,0.41,2019-01-15,0.2,141.76523439969674,0.48,0.9666666666666663,1.215714285714286,0.49999999999999994,0.8660254037844387,0.255353295116187,0.9668478136052775
QLPH112019,105.46,9.55,0.41,2019-02-01,0.1,141.76523439969674,0.7000000000000001,0.6599999999999997,1.0285714285714287,0.8660254037844386,0.5000000000000001,0.5234156073655503,0.8520775211013093
QLPH112019,105.46,9.55,0.41,2019-02-19,0.1,141.76523439969674,0.62,0.41999999999999965,0.28000000000000014,0.8660254037844386,0.5000000000000001,0.7583058084785624,0.6518989958787126
QLPH112019,105.46,9.55,0.41,2019-03-04,0.1,141.76523439969674,0.68,0.2999999999999997,0.3857142857142858,1.0,6.123233995736766e-17,0.8840675099433636,0.4673592171580022
QLPH112019,105.46,9.55,0.41,2019-03-20,5.3,141.76523439969674,0.72,0.2899999999999997,0.24142857142857158,1.0,6.123233995736766e-17,0.9778483415056568,0.20931464596304847
QLPH112019,105.46,9.55,0.41,2019-04-01,3.9,141.76523439969674,0.44,0.3066666666666665,0.6057142857142858,0.8660254037844387,-0.4999999999999998,0.9999907397361901,0.004303538296244289
QLPH112019,105.46,9.55,0.41,2019-04-15,5.1,141.76523439969674,0.1,0.28999999999999987,0.6785714285714287,0.8660254037844387,-0.4999999999999998,0.9721181966290613,-0.23449138957040985
QLPH112019,105.46,9.55,0.41,2019-05-01,8.3,141.76523439969674,0.37,0.25999999999999984,0.47571428571428587,0.49999999999999994,-0.8660254037844387,0.8717063187093218,-0.4900286664290592
QLPH112019,105.46,9.55,0.41,2019-05-15,5.5,141.76523439969674,0.29,0.09333333333333316,0.46714285714285725,0.49999999999999994,-0.8660254037844387,0.7295575540864875,-0.6839194216246106
QLPH112020,105.46,9.55,0.41,2020-02-11,0.2,141.76523439969674,0.92,0.5499999999999997,0.442857142857143,0.8660254037844386,0.5000000000000001,0.6616346182422783,0.7498264012045686
QLPH112020,105.46,9.55,0.41,2020-02-25,7.61,141.76523439969674,1.12,0.6999999999999997,0.31571428571428584,0.8660254037844386,0.5000000000000001,0.8214765533024142,0.5702422926917871
QLPH112020,105.46,9.55,0.41,2020-03-14,4.7,141.76523439969674,1.03,0.8599999999999998,0.4400000000000001,1.0,6.123233995736766e-17,0.9562348265919056,0.29260033563334836
QLPH112020,105.46,9.55,0.41,2020-03-26,4.3,141.76523439969674,0.86,0.19999999999999982,0.0942857142857144,1.0,6.123233995736766e-17,0.995918996147179,0.09025161003104117
QLPH112020,105.46,9.55,0.41,2020-05-02,11.2,141.76523439969674,-0.09,0.28333333333333305,0.532857142857143,0.49999999999999994,-0.8660254037844387,0.854322169749827,-0.5197438121555155
QLPH112020,105.46,9.55,0.41,2020-05-11,9.57,141.76523439969674,0.85,0.7599999999999998,0.34000000000000014,0.49999999999999994,-0.8660254037844387,0.7638886127905428,-0.6453481132295501
QLPH112020,105.46,9.55,0.41,2020-05-25,8.72,141.76523439969674,0.68,0.5699999999999997,0.14714285714285727,0.49999999999999994,-0.8660254037844387,0.5877852522924732,-0.8090169943749473
QLPH112020,105.46,9.55,0.41,2020-06-09,4.6,141.76523439969674,0.85,0.6466666666666665,0.11571428571428584,1.2246467991473532e-16,-1.0,0.36171373072976765,-0.9322892131745133
QLPH112020,105.46,9.55,0.41,2020-06-23,3.1,141.76523439969674,0.8200000000000001,0.5299999999999998,0.018571428571428683,1.2246467991473532e-16,-1.0,0.12874817745258132,-0.99167731989929
QLPH112021,105.29,9.64,0.47,2015-07-13,7.1,128.98284276067207,0.8700000000000001,0.5866666666666667,0.26428571428571457,-0.4999999999999997,-0.8660254037844388,-0.19667288979357622,-0.9804691603616321
QLPH112022,105.29,9.64,0.47,2022-02-17,5.1,128.98284276067207,0.92,0.6433333333333334,0.5100000000000005,0.8660254037844386,0.5000000000000001,0.7354170229639855,0.6776147890466889
QLPH112022,105.29,9.64,0.47,2022-03-05,4.8,128.98284276067207,1.43,0.9833333333333334,0.6271428571428574,1.0,6.123233995736766e-17,0.8919813464595485,0.45207220393230435
QLPH112022,105.29,9.64,0.47,2022-03-19,5.2,128.98284276067207,0.9,0.41999999999999993,0.20285714285714324,1.0,6.123233995736766e-17,0.9741004551724205,0.22611568550828828
QLPH112022,105.29,9.64,0.47,2022-04-03,7.1,128.98284276067207,1.29,0.6666666666666665,0.29857142857142893,0.8660254037844387,-0.4999999999999998,0.9995462806873573,-0.030120304846908114
QLPH112022,105.29,9.64,0.47,2022-04-17,6.2,128.98284276067207,0.71,0.21333333333333315,0.17142857142857176,0.8660254037844387,-0.4999999999999998,0.9634705485641488,-0.2678143051621742
QLPH112022,105.29,9.64,0.47,2022-05-03,5.8,128.98284276067207,0.92,0.8199999999999998,0.3971428571428575,0.49999999999999994,-0.8660254037844387,0.854322169749827,-0.5197438121555155
QLPH112022,105.29,9.64,0.47,2022-05-17,5.1,128.98284276067207,1.12,0.5066666666666665,0.3400000000000003,0.49999999999999994,-0.8660254037844387,0.705583610107178,-0.7086266782644596
QLPH112022,105.29,9.64,0.47,2022-06-01,3.1,128.98284276067207,1.24,1.013333333333333,0.5942857142857145,1.2246467991473532e-16,-1.0,0.5012418134457758,-0.865307254363206
QLPH112022,105.29,9.64,0.47,2022-06-15,4.0,128.98284276067207,1.34,0.7066666666666664,0.5014285714285718,1.2246467991473532e-16,-1.0,0.28023067519921585,-0.9599326896597447
QLPH122017,105.51,9.58,0.33,2017-03-01,0.1,139.81742122732834,1.06,0.8399999999999999,0.6685714285714285,1.0,6.123233995736766e-17,0.8587639582758029,0.5123714121284237
QLPH122017,105.51,9.58,0.33,2017-03-16,0.8,139.81742122732834,1.04,1.0366666666666664,0.7928571428571429,1.0,6.123233995736766e-17,0.9611297838723007,0.27609697309746883
QLPH122017,105.51,9.58,0.33,2017-04-01,1.7,139.81742122732834,1.17,1.0433333333333332,0.7700000000000001,0.8660254037844387,-0.4999999999999998,0.9999907397361901,0.004303538296244289
QLPH122017,105.51,9.58,0.33,2017-04-15,0.2,139.81742122732834,0.98,1.1199999999999999,0.9771428571428571,0.8660254037844387,-0.4999999999999998,0.9721181966290613,-0.23449138957040985
QLPH122017,105.51,9.58,0.33,2017-05-01,0.3,139.81742122732834,1.03,1.0199999999999998,0.7314285714285714,0.49999999999999994,-0.8660254037844387,0.8717063187093218,-0.4900286664290592
QLPH122017,105.51,9.58,0.33,2017-05-15,0.2,139.81742122732834,1.07,1.1233333333333333,0.8785714285714287,0.49999999999999994,-0.8660254037844387,0.7295575540864875,-0.6839194216246106
QLPH122017,105.51,9.58,0.33,2017-06-01,0.2,139.81742122732834,0.8200000000000001,1.2333333333333334,1.0985714285714285,1.2246467991473532e-16,-1.0,0.5012418134457758,-0.865307254363206
QLPH122017,105.51,9.58,0.33,2017-06-15,0.1,139.81742122732834,0.91,1.1433333333333333,1.1071428571428572,1.2246467991473532e-16,-1.0,0.28023067519921585,-0.9599326896597447
QLPH122019,105.51,9.58,0.33,2019-01-01,0.2,139.81742122732834,0.6900000000000001,0.8099999999999997,1.1471428571428572,0.49999999999999994,0.8660254037844387,0.017213356155834685,0.9998518392091162
QLPH122019,105.51,9.58,0.33,2019-01-15,0.030604651,139.81742122732834,0.48,0.9666666666666663,1.215714285714286,0.49999999999999994,0.8660254037844387,0.255353295116187,0.9668478136052775
QLPH122019,105.51,9.58,0.33,2019-02-01,0.051128195,139.81742122732834,0.7000000000000001,0.6599999999999997,1.0285714285714287,0.8660254037844386,0.5000000000000001,0.5234156073655503,0.8520775211013093
QLPH122019,105.51,9.58,0.33,2019-02-19,0.007913126999999999,139.81742122732834,0.62,0.41999999999999965,0.28000000000000014,0.8660254037844386,0.5000000000000001,0.7583058084785624,0.6518989958787126
QLPH122019,105.51,9.58,0.33,2019-03-04,0.058716124999999994,139.81742122732834,0.68,0.2999999999999997,0.3857142857142858,1.0,6.123233995736766e-17,0.8840675099433636,0.4673592171580022
QLPH122019,105.51,9.58,0.33,2019-03-20,0.043540265,139.81742122732834,0.72,0.2899999999999997,0.24142857142857158,1.0,6.123233995736766e-17,0.9778483415056568,0.20931464596304847
QLPH122019,105.51,9.58,0.33,2019-04-01,0.2,139.81742122732834,0.44,0.3066666666666665,0.6057142857142858,0.8660254037844387,-0.4999999999999998,0.9999907397361901,0.004303538296244289
QLPH122019,105.51,9.58,0.33,2019-04-15,0.3,139.81742122732834,0.1,0.28999999999999987,0.6785714285714287,0.8660254037844387,-0.4999999999999998,0.9721181966290613,-0.23449138957040985
QLPH122019,105.51,9.58,0.33,2019-05-01,0.3,139.81742122732834,0.37,0.25999999999999984,0.47571428571428587,0.49999999999999994,-0.8660254037844387,0.8717063187093218,-0.4900286664290592
QLPH122019,105.51,9.58,0.33,2019-05-15,0.2,139.81742122732834,0.29,0.09333333333333316,0.46714285714285725,0.49999999999999994,-0.8660254037844387,0.7295575540864875,-0.6839194216246106
QLPH122020,105.51,9.58,0.33,2020-02-11,4.6,139.81742122732834,0.92,0.5499999999999997,0.442857142857143,0.8660254037844386,0.5000000000000001,0.6616346182422783,0.7498264012045686
QLPH122020,105.51,9.58,0.33,2020-02-25,1.52,139.81742122732834,1.12,0.6999999999999997,0.31571428571428584,0.8660254037844386,0.5000000000000001,0.8214765533024142,0.5702422926917871
QLPH122020,105.51,9.58,0.33,2020-03-14,0.6,139.81742122732834,1.03,0.8599999999999998,0.4400000000000001,1.0,6.123233995736766e-17,0.9562348265919056,0.29260033563334836
QLPH122020,105.51,9.58,0.33,2020-03-26,0.8,139.81742122732834,0.86,0.19999999999999982,0.0942857142857144,1.0,6.123233995736766e-17,0.995918996147179,0.09025161003104117
QLPH122020,105.51,9.58,0.33,2020-05-02,5.53,139.81742122732834,-0.09,0.28333333333333305,0.532857142857143,0.49999999999999994,-0.8660254037844387,0.854322169749827,-0.5197438121555155
QLPH122020,105.51,9.58,0.33,2020-05-11,3.12,139.81742122732834,0.85,0.7599999999999998,0.34000000000000014,0.49999999999999994,-0.8660254037844387,0.7638886127905428,-0.6453481132295501
QLPH122020,105.51,9.58,0.33,2020-05-25,2.15,139.81742122732834,0.68,0.5699999999999997,0.14714285714285727,0.49999999999999994,-0.8660254037844387,0.5877852522924732,-0.8090169943749473
QLPH122020,105.51,9.58,0.33,2020-06-09,0.55,139.81742122732834,0.85,0.6466666666666665,0.11571428571428584,1.2246467991473532e-16,-1.0,0.36171373072976765,-0.9322892131745133
QLPH122020,105.51,9.58,0.33,2020-06-23,0.47,139.81742122732834,0.8200000000000001,0.5299999999999998,0.018571428571428683,1.2246467991473532e-16,-1.0,0.12874817745258132,-0.99167731989929
QLPH122021,105.27,9.41,0.4,2015-07-13,18.7,154.31283511318108,0.785,0.5349999999999999,0.25428571428571456,-0.4999999999999997,-0.8660254037844388,-0.19667288979357622,-0.9804691603616321
QLPH122022,105.27,9.41,0.4,2022-02-17,17.2,154.31283511318108,0.75,0.54,0.4900000000000004,0.8660254037844386,0.5000000000000001,0.7354170229639855,0.6776147890466889
QLPH122022,105.27,9.41,0.4,2022-03-05,19.9,154.31283511318108,1.21,0.7833333333333332,0.48857142857142893,1.0,6.123233995736766e-17,0.8919813464595485,0.45207220393230435
QLPH122022,105.27,9.41,0.4,2022-03-19,21.2,154.31283511318108,0.6000000000000001,0.25333333333333324,0.12428571428571467,1.0,6.123233995736766e-17,0.9741004551724205,0.22611568550828828
QLPH122022,105.27,9.41,0.4,2022-04-03,0.1,154.31283511318108,1.09,0.35666666666666663,0.1257142857142861,0.8660254037844387,-0.4999999999999998,0.9995462806873573,-0.030120304846908114
QLPH122022,105.27,9.41,0.4,2022-04-17,14.0,154.31283511318108,0.35000000000000003,0.12999999999999978,0.16571428571428606,0.8660254037844387,-0.4999999999999998,0.9634705485641488,-0.2678143051621742
QLPH122022,105.27,9.41,0.4,2022-05-03,14.8,154.31283511318108,1.02,0.5433333333333331,0.24142857142857177,0.49999999999999994,-0.8660254037844387,0.854322169749827,-0.5197438121555155
QLPH122022,105.27,9.41,0.4,2022-05-17,9.4,154.31283511318108,0.8,0.31333333333333313,0.24000000000000035,0.49999999999999994,-0.8660254037844387,0.705583610107178,-0.7086266782644596
QLPH122022,105.27,9.41,0.4,2022-06-01,0.1,154.31283511318108,1.22,0.7499999999999997,0.4328571428571432,1.2246467991473532e-16,-1.0,0.5012418134457758,-0.865307254363206
QLPH122022,105.27,9.41,0.4,2022-06-15,6.5,154.31283511318108,0.9400000000000001,0.5199999999999998,0.4114285714285718,1.2246467991473532e-16,-1.0,0.28023067519921585,-0.9599326896597447
QLPH132017,105.42,9.59,0.35,2017-03-01,0.0179328079,136.51889397823544,1.06,0.8399999999999999,0.6685714285714285,1.0,6.123233995736766e-17,0.8587639582758029,0.5123714121284237
QLPH132017,105.42,9.59,0.35,2017-03-16,0.3,136.51889397823544,1.04,1.0366666666666664,0.7928571428571429,1.0,6.123233995736766e-17,0.9611297838723007,0.27609697309746883
QLPH132017,105.42,9.59,0.35,2017-04-01,1.8,136.51889397823544,1.17,1.0433333333333332,0.7700000000000001,0.8660254037844387,-0.4999999999999998,0.9999907397361901,0.004303538296244289
QLPH132017,105.42,9.59,0.35,2017-04-15,5.5,136.51889397823544,0.98,1.1199999999999999,0.9771428571428571,0.8660254037844387,-0.4999999999999998,0.9721181966290613,-0.23449138957040985
QLPH132017,105.42,9.59,0.35,2017-05-01,2.7,136.51889397823544,1.03,1.0199999999999998,0.7314285714285714,0.49999999999999994,-0.8660254037844387,0.8717063187093218,-0.4900286664290592
QLPH132017,105.42,9.59,0.35,2017-05-15,0.4,136.51889397823544,1.07,1.1233333333333333,0.8785714285714287,0.49999999999999994,-0.8660254037844387,0.7295575540864875,-0.6839194216246106
QLPH132017,105.42,9.59,0.35,2017-06-01,0.7,136.51889397823544,0.8200000000000001,1.2333333333333334,1.0985714285714285,1.2246467991473532e-16,-1.0,0.5012418134457758,-0.865307254363206
QLPH132017,105.42,9.59,0.35,2017-06-15,1.9,136.51889397823544,0.91,1.1433333333333333,1.1071428571428572,1.2246467991473532e-16,-1.0,0.28023067519921585,-0.9599326896597447
QLPH132019,105.42,9.59,0.35,2019-01-01,0.3,136.51889397823544,0.6900000000000001,0.8099999999999997,1.1471428571428572,0.49999999999999994,0.8660254037844387,0.017213356155834685,0.9998518392091162
QLPH132019,105.42,9.59,0.35,2019-01-15,0.2,136.51889397823544,0.48,0.9666666666666663,1.215714285714286,0.49999999999999994,0.8660254037844387,0.255353295116187,0.9668478136052775
QLPH132019,105.42,9.59,0.35,2019-02-01,0.2,136.51889397823544,0.7000000000000001,0.6599999999999997,1.0285714285714287,0.8660254037844386,0.5000000000000001,0.5234156073655503,0.8520775211013093
QLPH132019,105.42,9.59,0.35,2019-02-19,0.2,136.51889397823544,0.62,0.41999999999999965,0.28000000000000014,0.8660254037844386,0.5000000000000001,0.7583058084785624,0.6518989958787126
QLPH132019,105.42,9.59,0.35,2019-03-04,0.3,136.51889397823544,0.68,0.2999999999999997,0.3857142857142858,1.0,6.123233995736766e-17,0.8840675099433636,0.4673592171580022
QLPH132019,105.42,9.59,0.35,2019-03-20,6.5,136.51889397823544,0.72,0.2899999999999997,0.24142857142857158,1.0,6.123233995736766e-17,0.9778483415056568,0.20931464596304847
QLPH132019,105.42,9.59,0.35,2019-04-01,2.1,136.51889397823544,0.44,0.3066666666666665,0.6057142857142858,0.8660254037844387,-0.4999999999999998,0.9999907397361901,0.004303538296244289
QLPH132019,105.42,9.59,0.35,2019-04-15,4.8,136.51889397823544,0.1,0.28999999999999987,0.6785714285714287,0.8660254037844387,-0.4999999999999998,0.9721181966290613,-0.23449138957040985
QLPH132019,105.42,9.59,0.35,2019-05-01,3.8,136.51889397823544,0.37,0.25999999999999984,0.47571428571428587,0.49999999999999994,-0.8660254037844387,0.8717063187093218,-0.4900286664290592
QLPH132019,105.42,9.59,0.35,2019-05-15,1.0,136.51889397823544,0.29,0.09333333333333316,0.46714285714285725,0.49999999999999994,-0.8660254037844387,0.7295575540864875,-0.6839194216246106
QLPH132020,105.42,9.59,0.35,2020-02-11,7.6,136.51889397823544,0.92,0.5499999999999997,0.442857142857143,0.8660254037844386,0.5000000000000001,0.6616346182422783,0.7498264012045686
QLPH132020,105.42,9.59,0.35,2020-02-25,7.86,136.51889397823544,1.12,0.6999999999999997,0.31571428571428584,0.8660254037844386,0.5000000000000001,0.8214765533024142,0.5702422926917871
QLPH132020,105.42,9.59,0.35,2020-03-14,4.8,136.51889397823544,1.03,0.8599999999999998,0.4400000000000001,1.0,6.123233995736766e-17,0.9562348265919056,0.29260033563334836
QLPH132020,105.42,9.59,0.35,2020-03-26,5.7,136.51889397823544,0.86,0.19999999999999982,0.0942857142857144,1.0,6.123233995736766e-17,0.995918996147179,0.09025161003104117
QLPH132020,105.42,9.59,0.35,2020-05-02,12.4,136.51889397823544,-0.09,0.28333333333333305,0.532857142857143,0.49999999999999994,-0.8660254037844387,0.854322169749827,-0.5197438121555155
QLPH132020,105.42,9.59,0.35,2020-05-11,8.45,136.51889397823544,0.85,0.7599999999999998,0.34000000000000014,0.49999999999999994,-0.8660254037844387,0.7638886127905428,-0.6453481132295501
QLPH132020,105.42,9.59,0.35,2020-05-25,9.56,136.51889397823544,0.68,0.5699999999999997,0.14714285714285727,0.49999999999999994,-0.8660254037844387,0.5877852522924732,-0.8090169943749473
QLPH132020,105.42,9.59,0.35,2020-06-09,1.66,136.51889397823544,0.85,0.6466666666666665,0.11571428571428584,1.2246467991473532e-16,-1.0,0.36171373072976765,-0.9322892131745133
QLPH132020,105.42,9.59,0.35,2020-06-23,0.81,136.51889397823544,0.8200000000000001,0.5299999999999998,0.018571428571428683,1.2246467991473532e-16,-1.0,0.12874817745258132,-0.99167731989929
QLPH132021,105.3,9.64,0.5,2015-07-13,0.3,129.08863740896058,0.785,0.5349999999999999,0.25428571428571456,-0.4999999999999997,-0.8660254037844388,-0.19667288979357622,-0.9804691603616321
QLPH132022,105.8,9.56,0.39,2022-02-17,0.2,153.12663687895792,0.75,0.54,0.4900000000000004,0.8660254037844386,0.5000000000000001,0.7354170229639855,0.6776147890466889
QLPH132022,105.8,9.56,0.39,2022-03-05,0.1,153.12663687895792,1.21,0.7833333333333332,0.48857142857142893,1.0,6.123233995736766e-17,0.8919813464595485,0.45207220393230435
QLPH132022,105.8,9.56,0.39,2022-03-19,0.1,153.12663687895792,0.6000000000000001,0.25333333333333324,0.12428571428571467,1.0,6.123233995736766e-17,0.9741004551724205,0.22611568550828828
QLPH132022,105.8,9.56,0.39,2022-04-03,0.2,153.12663687895792,1.09,0.35666666666666663,0.1257142857142861,0.8660254037844387,-0.4999999999999998,0.9995462806873573,-0.030120304846908114
QLPH132022,105.8,9.56,0.39,2022-04-17,0.2,153.12663687895792,0.35000000000000003,0.12999999999999978,0.16571428571428606,0.8660254037844387,-0.4999999999999998,0.9634705485641488,-0.2678143051621742
QLPH132022,105.8,9.56,0.39,2022-05-03,0.2,153.12663687895792,1.02,0.5433333333333331,0.24142857142857177,0.49999999999999994,-0.8660254037844387,0.854322169749827,-0.5197438121555155
QLPH132022,105.8,9.56,0.39,2022-05-17,0.1,153.12663687895792,0.8,0.31333333333333313,0.24000000000000035,0.49999999999999994,-0.8660254037844387,0.705583610107178,-0.7086266782644596
QLPH132022,105.8,9.56,0.39,2022-06-01,0.2,153.12663687895792,1.22,0.7499999999999997,0.4328571428571432,1.2246467991473532e-16,-1.0,0.5012418134457758,-0.865307254363206
QLPH132022,105.8,9.56,0.39,2022-06-15,0.2,153.12663687895792,0.9400000000000001,0.5199999999999998,0.4114285714285718,1.2246467991473532e-16,-1.0,0.28023067519921585,-0.9599326896597447
QLPH142017,105.29,9.64,0.47,2017-03-01,0.2,128.98284276067207,1.13,0.9466666666666663,0.7571428571428572,1.0,6.123233995736766e-17,0.8587639582758029,0.5123714121284237
QLPH142017,105.29,9.64,0.47,2017-03-16,2.9,128.98284276067207,0.88,1.0599999999999998,0.8885714285714287,1.0,6.123233995736766e-17,0.9611297838723007,0.27609697309746883
QLPH142017,105.29,9.64,0.47,2017-04-01,7.3,128.98284276067207,1.07,1.1466666666666665,0.88,0.8660254037844387,-0.4999999999999998,0.9999907397361901,0.004303538296244289
QLPH142017,105.29,9.64,0.47,2017-04-15,11.3,128.98284276067207,0.79,1.0766666666666664,1.012857142857143,0.8660254037844387,-0.4999999999999998,0.9721181966290613,-0.23449138957040985
QLPH142017,105.29,9.64,0.47,2017-05-01,8.3,128.98284276067207,0.85,1.05,0.8285714285714286,0.49999999999999994,-0.8660254037844387,0.8717063187093218,-0.4900286664290592
QLPH142017,105.29,9.64,0.47,2017-05-15,17.8,128.98284276067207,0.93,1.1066666666666667,0.9671428571428571,0.49999999999999994,-0.8660254037844387,0.7295575540864875,-0.6839194216246106
QLPH142017,105.29,9.64,0.47,2017-06-01,1.5,128.98284276067207,0.79,1.0633333333333332,1.1214285714285714,1.2246467991473532e-16,-1.0,0.5012418134457758,-0.865307254363206
QLPH142017,105.29,9.64,0.47,2017-06-15,8.3,128.98284276067207,0.75,1.0466666666666664,1.1214285714285714,1.2246467991473532e-16,-1.0,0.28023067519921585,-0.9599326896597447
QLPH142019,105.29,9.64,0.47,2019-01-01,2.2,128.98284276067207,0.73,0.713333333333333,1.0400000000000003,0.49999999999999994,0.8660254037844387,0.017213356155834685,0.9998518392091162
QLPH142019,105.29,9.64,0.47,2019-01-15,2.0,128.98284276067207,0.5,0.8266666666666663,1.0657142857142858,0.49999999999999994,0.8660254037844387,0.255353295116187,0.9668478136052775
QLPH142019,105.29,9.64,0.47,2019-02-01,1.2,128.98284276067207,0.77,0.6466666666666664,0.9071428571428573,0.8660254037844386,0.5000000000000001,0.5234156073655503,0.8520775211013093
QLPH142019,105.29,9.64,0.47,2019-02-19,2.6,128.98284276067207,0.92,0.543333333333333,0.3171428571428573,0.8660254037844386,0.5000000000000001,0.7583058084785624,0.6518989958787126
QLPH142019,105.29,9.64,0.47,2019-03-04,2.5,128.98284276067207,0.79,0.4799999999999997,0.36000000000000015,1.0,6.123233995736766e-17,0.8840675099433636,0.4673592171580022
QLPH142019,105.29,9.64,0.47,2019-03-20,14.0,128.98284276067207,0.9,0.4799999999999997,0.29000000000000015,1.0,6.123233995736766e-17,0.9778483415056568,0.20931464596304847
QLPH142019,105.29,9.64,0.47,2019-04-01,9.1,128.98284276067207,0.5700000000000001,0.37999999999999984,0.5014285714285716,0.8660254037844387,-0.4999999999999998,0.9999907397361901,0.004303538296244289
QLPH142019,105.29,9.64,0.47,2019-04-15,11.9,128.98284276067207,0.24,0.1333333333333332,0.542857142857143,0.8660254037844387,-0.4999999999999998,0.9721181966290613,-0.23449138957040985
QLPH142019,105.29,9.64,0.47,2019-05-01,9.8,128.98284276067207,0.42,0.30666666666666653,0.37571428571428583,0.49999999999999994,-0.8660254037844387,0.8717063187093218,-0.4900286664290592
QLPH142019,105.29,9.64,0.47,2019-05-15,7.8,128.98284276067207,0.44,0.19999999999999982,0.38000000000000017,0.49999999999999994,-0.8660254037844387,0.7295575540864875,-0.6839194216246106
QLPH142020,105.29,9.64,0.47,2020-02-11,1.7,128.98284276067207,1.16,0.753333333333333,0.5242857142857144,0.8660254037844386,0.5000000000000001,0.6616346182422783,0.7498264012045686
QLPH142020,105.29,9.64,0.47,2020-02-25,7.23,128.98284276067207,1.26,0.9299999999999997,0.4714285714285716,0.8660254037844386,0.5000000000000001,0.8214765533024142,0.5702422926917871
QLPH142020,105.29,9.64,0.47,2020-03-14,8.2,128.98284276067207,0.9,0.9999999999999999,0.5900000000000001,1.0,6.123233995736766e-17,0.9562348265919056,0.29260033563334836
QLPH142020,105.29,9.64,0.47,2020-03-26,1.4,128.98284276067207,0.87,0.4299999999999997,0.2371428571428573,1.0,6.123233995736766e-17,0.995918996147179,0.09025161003104117
QLPH142020,105.29,9.64,0.47,2020-05-02,15.6,128.98284276067207,-0.04,0.09333333333333309,0.4100000000000001,0.49999999999999994,-0.8660254037844387,0.854322169749827,-0.5197438121555155
QLPH142020,105.29,9.64,0.47,2020-05-11,16.4,128.98284276067207,0.7000000000000001,0.9066666666666664,0.4657142857142858,0.49999999999999994,-0.8660254037844387,0.7638886127905428,-0.6453481132295501
QLPH142020,105.29,9.64,0.47,2020-05-25,15.2,128.98284276067207,0.62,0.6833333333333331,0.2842857142857144,0.49999999999999994,-0.8660254037844387,0.5877852522924732,-0.8090169943749473
QLPH142020,105.29,9.64,0.47,2020-06-09,12.2,128.98284276067207,0.6900000000000001,0.8399999999999999,0.30000000000000016,1.2246467991473532e-16,-1.0,0.36171373072976765,-0.9322892131745133
QLPH142020,105.29,9.64,0.47,2020-06-23,11.2,128.98284276067207,0.75,0.7333333333333331,0.20000000000000012,1.2246467991473532e-16,-1.0,0.12874817745258132,-0.99167731989929
QLPH142021,105.27,9.41,0.4,2015-07-13,16.5,154.31283511318108,0.675,0.4933333333333332,0.1621428571428574,-0.4999999999999997,-0.8660254037844388,-0.19667288979357622,-0.9804691603616321
QLPH142022,105.27,9.41,0.4,2022-03-19,14.7,154.31283511318108,0.6000000000000001,0.25333333333333324,0.12428571428571467,1.0,6.123233995736766e-17,0.9741004551724205,0.22611568550828828
QLPH142022,105.27,9.41,0.4,2022-06-01,6.1,154.31283511318108,1.22,0.7499999999999997,0.4328571428571432,1.2246467991473532e-16,-1.0,0.5012418134457758,-0.865307254363206
QLPH152017,105.27,9.41,0.4,2017-03-01,2.5,154.31283511318108,1.06,0.8399999999999999,0.6685714285714285,1.0,6.123233995736766e-17,0.8587639582758029,0.5123714121284237
QLPH152017,105.27,9.41,0.4,2017-03-16,2.8,154.31283511318108,1.04,1.0366666666666664,0.7928571428571429,1.0,6.123233995736766e-17,0.9611297838723007,0.27609697309746883
QLPH152017,105.27,9.41,0.4,2017-04-01,22.3,154.31283511318108,1.17,1.0433333333333332,0.7700000000000001,0.8660254037844387,-0.4999999999999998,0.9999907397361901,0.004303538296244289
QLPH152017,105.27,9.41,0.4,2017-04-15,21.0,154.31283511318108,0.98,1.1199999999999999,0.9771428571428571,0.8660254037844387,-0.4999999999999998,0.9721181966290613,-0.23449138957040985
QLPH152017,105.27,9.41,0.4,2017-05-01,25.7,154.31283511318108,1.03,1.0199999999999998,0.7314285714285714,0.49999999999999994,-0.8660254037844387,0.8717063187093218,-0.4900286664290592
QLPH152017,105.27,9.41,0.4,2017-05-15,24.1,154.31283511318108,1.07,1.1233333333333333,0.8785714285714287,0.49999999999999994,-0.8660254037844387,0.7295575540864875,-0.6839194216246106
QLPH152017,105.27,9.41,0.4,2017-06-01,14.5,154.31283511318108,0.8200000000000001,1.2333333333333334,1.0985714285714285,1.2246467991473532e-16,-1.0,0.5012418134457758,-0.865307254363206
QLPH152017,105.27,9.41,0.4,2017-06-15,13.2,154.31283511318108,0.91,1.1433333333333333,1.1071428571428572,1.2246467991473532e-16,-1.0,0.28023067519921585,-0.9599326896597447
QLPH152019,105.27,9.41,0.4,2019-01-01,5.7,154.31283511318108,0.6900000000000001,0.8099999999999997,1.1471428571428572,0.49999999999999994,0.8660254037844387,0.017213356155834685,0.9998518392091162
QLPH152019,105.27,9.41,0.4,2019-01-15,6.0,154.31283511318108,0.48,0.9666666666666663,1.215714285714286,0.49999999999999994,0.8660254037844387,0.255353295116187,0.9668478136052775
QLPH152019,105.27,9.41,0.4,2019-02-01,1.7,154.31283511318108,0.7000000000000001,0.6599999999999997,1.0285714285714287,0.8660254037844386,0.5000000000000001,0.5234156073655503,0.8520775211013093
QLPH152019,105.27,9.41,0.4,2019-02-19,15.1,154.31283511318108,0.62,0.41999999999999965,0.28000000000000014,0.8660254037844386,0.5000000000000001,0.7583058084785624,0.6518989958787126
QLPH152019,105.27,9.41,0.4,2019-03-04,19.9,154.31283511318108,0.68,0.2999999999999997,0.3857142857142858,1.0,6.123233995736766e-17,0.8840675099433636,0.4673592171580022
QLPH152019,105.27,9.41,0.4,2019-03-20,11.7,154.31283511318108,0.72,0.2899999999999997,0.24142857142857158,1.0,6.123233995736766e-17,0.9778483415056568,0.20931464596304847
QLPH152019,105.27,9.41,0.4,2019-04-01,2.3,154.31283511318108,0.44,0.3066666666666665,0.6057142857142858,0.8660254037844387,-0.4999999999999998,0.9999907397361901,0.004303538296244289
QLPH152019,105.27,9.41,0.4,2019-04-15,23.5,154.31283511318108,0.1,0.28999999999999987,0.6785714285714287,0.8660254037844387,-0.4999999999999998,0.9721181966290613,-0.23449138957040985
QLPH152019,105.27,9.41,0.4,2019-05-01,27.5,154.31283511318108,0.37,0.25999999999999984,0.47571428571428587,0.49999999999999994,-0.8660254037844387,0.8717063187093218,-0.4900286664290592
QLPH152019,105.27,9.41,0.4,2019-05-15,26.6,154.31283511318108,0.29,0.09333333333333316,0.46714285714285725,0.49999999999999994,-0.8660254037844387,0.7295575540864875,-0.6839194216246106
QLPH152020,105.27,9.41,0.4,2020-02-11,18.0,154.31283511318108,0.92,0.5499999999999997,0.442857142857143,0.8660254037844386,0.5000000000000001,0.6616346182422783,0.7498264012045686
QLPH152020,105.27,9.41,0.4,2020-02-25,21.4,154.31283511318108,1.12,0.6999999999999997,0.31571428571428584,0.8660254037844386,0.5000000000000001,0.8214765533024142,0.5702422926917871
QLPH152020,105.27,9.41,0.4,2020-03-14,3.2,154.31283511318108,1.03,0.8599999999999998,0.4400000000000001,1.0,6.123233995736766e-17,0.9562348265919056,0.29260033563334836
QLPH152020,105.27,9.41,0.4,2020-03-26,32.6,154.31283511318108,0.86,0.19999999999999982,0.0942857142857144,1.0,6.123233995736766e-17,0.995918996147179,0.09025161003104117
QLPH152020,105.27,9.41,0.4,2020-05-02,35.4,154.31283511318108,-0.09,0.28333333333333305,0.532857142857143,0.49999999999999994,-0.8660254037844387,0.854322169749827,-0.5197438121555155
QLPH152020,105.27,9.41,0.4,2020-05-11,37.3,154.31283511318108,0.85,0.7599999999999998,0.34000000000000014,0.49999999999999994,-0.8660254037844387,0.7638886127905428,-0.6453481132295501
QLPH152020,105.27,9.41,0.4,2020-05-25,34.9,154.31283511318108,0.68,0.5699999999999997,0.14714285714285727,0.49999999999999994,-0.8660254037844387,0.5877852522924732,-0.8090169943749473
QLPH152020,105.27,9.41,0.4,2020-06-09,35.2,154.31283511318108,0.85,0.6466666666666665,0.11571428571428584,1.2246467991473532e-16,-1.0,0.36171373072976765,-0.9322892131745133
QLPH152020,105.27,9.41,0.4,2020-06-23,31.8,154.31283511318108,0.8200000000000001,0.5299999999999998,0.018571428571428683,1.2246467991473532e-16,-1.0,0.12874817745258132,-0.99167731989929
QLPH152022,105.3,9.64,0.5,2022-04-03,0.1,129.08863740896058,1.29,0.6666666666666665,0.29857142857142893,0.8660254037844387,-0.4999999999999998,0.9995462806873573,-0.030120304846908114
QLPH152022,105.3,9.64,0.5,2022-06-01,0.1,129.08863740896058,1.24,1.013333333333333,0.5942857142857145,1.2246467991473532e-16,-1.0,0.5012418134457758,-0.865307254363206
TGLX012016,105.06,10.44,1.24,2016-03-04,0.0329713625,41.63042238760365,0.52,0.5716666666666665,0.4792857142857144,1.0,6.123233995736766e-17,0.8919813464595485,0.45207220393230435
TGLX012016,105.06,10.44,1.24,2016-03-17,0.0409928885,41.63042238760365,0.38,0.13,0.3642857142857143,1.0,6.123233995736766e-17,0.9700639218515071,0.2428497220959356
TGLX012016,105.06,10.44,1.24,2016-04-02,0.0415023638,41.63042238760365,0.35000000000000003,0.2866666666666666,0.38,0.8660254037844387,-0.4999999999999998,0.9995462806873573,-0.030120304846908114
TGLX012016,105.06,10.44,1.24,2016-04-16,0.042673073,41.63042238760365,0.27,0.09333333333333331,0.26857142857142857,0.8660254037844387,-0.4999999999999998,0.9634705485641488,-0.2678143051621742
TGLX012016,105.06,10.44,1.24,2016-04-29,0.0347057465,41.63042238760365,-0.06,-0.023333333333333334,0.3742857142857143,0.8660254037844387,-0.4999999999999998,0.8800122039735357,-0.47495107206704995
TGLX012016,105.06,10.44,1.24,2016-05-16,0.038553910999999996,41.63042238760365,0.30000000000000004,0.11333333333333333,0.16428571428571428,0.49999999999999994,-0.8660254037844387,0.705583610107178,-0.7086266782644596
TGLX012016,105.06,10.44,1.24,2016-06-01,0.2,41.63042238760365,0.44,0.0033333333333332993,0.07142857142857142,1.2246467991473532e-16,-1.0,0.48627270710868997,-0.8738071036110808
TGLX012016,105.06,10.44,1.24,2016-06-15,0.035301940999999996,41.63042238760365,0.24,0.06666666666666667,0.09,1.2246467991473532e-16,-1.0,0.26366549272800704,-0.9646141756912435
TGLX012017,105.06,10.44,1.24,2017-03-03,0.0,41.63042238760365,0.52,1.0099999999999998,1.0,1.0,6.123233995736766e-17,0.8758917051442429,0.48250774176121847
TGLX012017,105.06,10.44,1.24,2017-03-17,0.0,41.63042238760365,0.25,0.6466666666666665,0.87,1.0,6.123233995736766e-17,0.9657399376548549,0.2595117970697999
TGLX012017,105.06,10.44,1.24,2017-04-03,0.0,41.63042238760365,0.37,0.5266666666666665,0.8700000000000001,0.8660254037844387,-0.4999999999999998,0.9995462806873573,-0.030120304846908114
TGLX012017,105.06,10.44,1.24,2017-04-17,0.0,41.63042238760365,0.29,0.3466666666666665,0.722857142857143,0.8660254037844387,-0.4999999999999998,0.9634705485641488,-0.2678143051621742
TGLX012017,105.06,10.44,1.24,2017-05-05,0.0,41.63042238760365,0.45,0.34999999999999987,0.5185714285714286,0.49999999999999994,-0.8660254037844387,0.8359254794186372,-0.548842958284719
TGLX012017,105.06,10.44,1.24,2017-05-18,0.0,41.63042238760365,0.26,0.39333333333333315,0.7157142857142856,0.49999999999999994,-0.8660254037844387,0.6932812268869777,-0.7206671495538609
TGLX012017,105.06,10.44,1.24,2017-06-03,0.0,41.63042238760365,0.79,0.9199999999999998,0.9628571428571429,1.2246467991473532e-16,-1.0,0.4711595076738638,-0.8820480249558537
TGLX012017,105.06,10.44,1.24,2017-06-19,0.0,41.63042238760365,1.04,0.9333333333333331,0.8614285714285714,1.2246467991473532e-16,-1.0,0.21352091543979612,-0.9769384927771817
TGLX012019,105.06,10.44,1.24,2019-01-27,0.040071497,41.63042238760365,0.62,0.9899999999999997,1.2614285714285713,0.49999999999999994,0.8660254037844387,0.4482293417404106,0.893918596519257
TGLX012019,105.06,10.44,1.24,2019-02-16,0.0292857965,41.63042238760365,0.62,0.41999999999999965,0.28000000000000014,0.8660254037844386,0.5000000000000001,0.7236440382959124,0.6901733882429719
TGLX012019,105.06,10.44,1.24,2019-02-26,0.004191428,41.63042238760365,0.14,0.313333333333333,0.7285714285714288,0.8660254037844386,0.5000000000000001,0.8311706263658079,0.5560174366570446
TGLX012019,105.06,10.44,1.24,2019-03-14,0.027569478999999997,41.63042238760365,0.15,0.14666666666666636,0.4571428571428573,1.0,6.123233995736766e-17,0.9510565162951535,0.30901699437494745
TGLX012019,105.06,10.44,1.24,2019-03-28,0.0040649625,41.63042238760365,0.42,0.3099999999999998,0.7257142857142858,1.0,6.123233995736766e-17,0.9973249731081555,0.07309512989807777
TGLX012019,105.06,10.44,1.24,2019-04-11,0.0275152795,41.63042238760365,-0.03,0.5666666666666665,0.8257142857142858,0.8660254037844387,-0.4999999999999998,0.9859481499638304,-0.16705162550211924
TGLX012019,105.06,10.44,1.24,2019-04-26,0.0351393425,41.63042238760365,0.25,0.29333333333333317,0.7314285714285715,0.8660254037844387,-0.4999999999999998,0.9106046300942162,-0.4132786077829042
TGLX012019,105.06,10.44,1.24,2019-05-12,0.043576398,41.63042238760365,0.29,0.09333333333333316,0.46714285714285725,0.49999999999999994,-0.8660254037844387,0.7638886127905428,-0.6453481132295501
TGLX012019,105.06,10.44,1.24,2019-05-26,0.027605611999999998,41.63042238760365,0.17,0.14999999999999986,0.5285714285714287,0.49999999999999994,-0.8660254037844387,0.5877852522924732,-0.8090169943749473
TGLX012019,105.06,10.44,1.24,2019-06-11,0.003830098,41.63042238760365,0.4,0.2833333333333332,0.6200000000000001,1.2246467991473532e-16,-1.0,0.3456123126707335,-0.9383773917408641
TGLX012019,105.06,10.44,1.24,2019-06-24,0.0275152795,41.63042238760365,0.31,0.3066666666666666,0.6285714285714288,1.2246467991473532e-16,-1.0,0.12874817745258132,-0.99167731989929
TGLX012019,105.06,10.44,1.24,2019-07-09,0.0275152795,41.63042238760365,0.43,0.4499999999999999,0.6942857142857145,-0.4999999999999997,-0.8660254037844388,-0.12874817745258066,-0.99167731989929
TGLX012020,105.48,10.31,0.91,2020-01-11,0.063449548,63.061054477895496,1.18,0.8099999999999997,0.7571428571428572,0.49999999999999994,0.8660254037844387,0.1882267098432442,0.9821256058680006
TGLX012020,105.48,10.31,0.91,2020-02-13,0.044877186,63.061054477895496,1.26,1.2999999999999998,0.9242857142857145,0.8660254037844386,0.5000000000000001,0.6870527672236669,0.7266075247685656
TGLX012020,105.48,10.31,0.91,2020-02-27,0.1,63.061054477895496,1.1,1.2433333333333332,0.992857142857143,0.8660254037844386,0.5000000000000001,0.8406184056344782,0.5416278206559814
TGLX012020,105.48,10.31,0.91,2020-03-12,0.0486747643,63.061054477895496,1.03,0.8599999999999998,0.4400000000000001,1.0,6.123233995736766e-17,0.9455963874271426,0.3253420847119801
TGLX012020,105.48,10.31,0.91,2020-03-27,0.0486747643,63.061054477895496,0.73,0.8433333333333332,0.46142857142857163,1.0,6.123233995736766e-17,0.9973249731081555,0.07309512989807777
TGLX012020,105.48,10.31,0.91,2020-05-09,0.21,63.061054477895496,0.85,0.7599999999999998,0.34000000000000014,0.49999999999999994,-0.8660254037844387,0.7856498550787147,-0.6186714032625031
TGLX012020,105.48,10.31,0.91,2020-05-23,0.0486747643,63.061054477895496,0.68,0.5699999999999997,0.14714285714285727,0.49999999999999994,-0.8660254037844387,0.6152845999633276,-0.7883050558305255
TGLX012020,105.48,10.31,0.91,2020-06-08,0.1,63.061054477895496,0.6900000000000001,0.8399999999999999,0.30000000000000016,1.2246467991473532e-16,-1.0,0.3777079652039649,-0.9259247771938498
TGLX012020,105.48,10.31,0.91,2020-06-25,0.1,63.061054477895496,0.2,0.49666666666666653,0.5571428571428573,1.2246467991473532e-16,-1.0,0.09453674981719912,-0.9955213724144752
TGLX012021,105.06,10.44,1.94,2021-01-29,0.8,41.63042238760365,1.32,0.9366666666666665,0.7028571428571431,0.49999999999999994,0.8660254037844387,0.47873384011578846,0.8779600847008882
TGLX012021,105.06,10.44,1.94,2021-03-01,0.13,41.63042238760365,1.16,1.0266666666666666,0.6585714285714287,1.0,6.123233995736766e-17,0.8587639582758029,0.5123714121284237
TGLX012021,105.06,10.44,1.94,2021-03-15,0.8,41.63042238760365,1.16,1.17,0.7014285714285717,1.0,6.123233995736766e-17,0.9562348265919056,0.29260033563334836
TGLX012021,105.06,10.44,1.94,2021-03-29,0.027551412499999997,41.63042238760365,1.18,0.9099999999999998,0.4485714285714288,1.0,6.123233995736766e-17,0.9984354211555643,0.055916990100603484
TGLX012021,105.06,10.44,1.94,2021-04-14,0.081805112,41.63042238760365,0.86,1.0633333333333335,0.7285714285714288,0.8660254037844387,-0.4999999999999998,0.9760105506323683,-0.21772323039653177
TGLX012021,105.06,10.44,1.94,2021-04-28,0.025943493999999998,41.63042238760365,1.05,0.8233333333333333,0.3028571428571431,0.8660254037844387,-0.4999999999999998,0.895839290734909,-0.4443781781046132
TGLX012021,105.06,10.44,1.94,2021-05-14,0.0044262925,41.63042238760365,0.5700000000000001,0.9233333333333332,0.8100000000000003,0.49999999999999994,-0.8660254037844387,0.7412220108485958,-0.6712599575675313
TGLX012021,105.06,10.44,-1.2,2021-05-29,0.0302613875,41.63042238760365,0.55,0.96,0.5828571428571431,0.49999999999999994,-0.8660254037844387,0.545240438540651,-0.8382797052177744
TGLX012022,105.48,10.31,1.94,2022-02-17,0.0,63.061054477895496,1.25,0.7666666666666666,0.5800000000000004,0.8660254037844386,0.5000000000000001,0.7354170229639855,0.6776147890466889
TGLX012022,105.48,10.31,1.94,2022-03-04,0.0,63.061054477895496,1.43,0.9833333333333334,0.6271428571428574,1.0,6.123233995736766e-17,0.8840675099433636,0.4673592171580022
TGLX012022,105.48,10.31,1.94,2022-03-19,0.0,63.061054477895496,1.09,0.64,0.3285714285714289,1.0,6.123233995736766e-17,0.9741004551724205,0.22611568550828828
TGLX012022,105.48,10.31,1.94,2022-03-30,0.1,63.061054477895496,0.30000000000000004,0.05666666666666659,0.07714285714285753,1.0,6.123233995736766e-17,0.9992500112396835,0.03872228089217446
TGLX012022,105.48,10.31,1.94,2022-04-15,0.1,63.061054477895496,0.35000000000000003,0.12999999999999978,0.16571428571428606,0.8660254037844387,-0.4999999999999998,0.9721181966290613,-0.23449138957040985
TGLX012022,105.48,10.31,1.94,2022-04-26,0.1,63.061054477895496,0.04,-0.04333333333333356,0.38000000000000034,0.8660254037844387,-0.4999999999999998,0.9106046300942162,-0.4132786077829042
TGLX012022,105.48,10.31,1.94,2022-05-16,0.0,63.061054477895496,1.12,0.5066666666666665,0.3400000000000003,0.49999999999999994,-0.8660254037844387,0.717676913675962,-0.6963762255968722
TGLX012022,105.48,10.31,1.94,2022-06-01,0.0,63.061054477895496,1.21,1.1866666666666665,0.7457142857142861,1.2246467991473532e-16,-1.0,0.5012418134457758,-0.865307254363206
TGLX012022,105.48,10.31,1.94,2022-06-17,0.0,63.061054477895496,1.22,1.413333333333333,0.9628571428571432,1.2246467991473532e-16,-1.0,0.24702218048093552,-0.9690098257244062
TGLX022016,105.1,10.71,1.94,2016-03-04,0.038517777999999996,12.947229270111663,0.66,0.8266666666666665,0.6350000000000001,1.0,6.123233995736766e-17,0.8919813464595485,0.45207220393230435
TGLX022016,105.1,10.71,1.94,2016-03-17,0.0320319045,12.947229270111663,0.53,0.24,0.3071428571428571,1.0,6.123233995736766e-17,0.9700639218515071,0.2428497220959356
TGLX022016,105.1,10.71,1.94,2016-04-02,0.0486747643,12.947229270111663,0.49,0.2933333333333333,0.3657142857142857,0.8660254037844387,-0.4999999999999998,0.9995462806873573,-0.030120304846908114
TGLX022016,105.1,10.71,1.94,2016-04-16,0.1,12.947229270111663,0.35000000000000003,0.17666666666666664,0.18571428571428572,0.8660254037844387,-0.4999999999999998,0.9634705485641488,-0.2678143051621742
TGLX022016,105.1,10.71,1.94,2016-04-29,0.006467807,12.947229270111663,0.04,-0.04666666666666667,0.23714285714285716,0.8660254037844387,-0.4999999999999998,0.8800122039735357,-0.47495107206704995
TGLX022016,105.1,10.71,1.94,2016-05-16,0.0043540265,12.947229270111663,0.15,0.19666666666666668,0.10142857142857144,0.49999999999999994,-0.8660254037844387,0.705583610107178,-0.7086266782644596
TGLX022016,105.1,10.71,1.94,2016-06-01,0.043901595,12.947229270111663,0.6000000000000001,0.14333333333333328,0.08142857142857143,1.2246467991473532e-16,-1.0,0.48627270710868997,-0.8738071036110808
TGLX022016,105.1,10.71,1.94,2016-06-15,0.1,12.947229270111663,0.46,0.1366666666666667,0.06714285714285714,1.2246467991473532e-16,-1.0,0.26366549272800704,-0.9646141756912435
TGLX022017,105.1,10.71,1.94,2017-03-03,0.0,12.947229270111663,0.44,0.8099999999999997,0.9514285714285714,1.0,6.123233995736766e-17,0.8758917051442429,0.48250774176121847
TGLX022017,105.1,10.71,1.94,2017-03-17,0.0,12.947229270111663,0.14,0.43666666666666654,0.7671428571428571,1.0,6.123233995736766e-17,0.9657399376548549,0.2595117970697999
TGLX022017,105.1,10.71,1.94,2017-04-03,0.0,12.947229270111663,0.53,0.36333333333333323,0.7714285714285715,0.8660254037844387,-0.4999999999999998,0.9995462806873573,-0.030120304846908114
TGLX022017,105.1,10.71,1.94,2017-04-17,0.0,12.947229270111663,0.27,0.3066666666666665,0.6,0.8660254037844387,-0.4999999999999998,0.9634705485641488,-0.2678143051621742
TGLX022017,105.1,10.71,1.94,2017-05-05,0.0,12.947229270111663,0.58,0.3999999999999999,0.43571428571428567,0.49999999999999994,-0.8660254037844387,0.8359254794186372,-0.548842958284719
TGLX022017,105.1,10.71,1.94,2017-05-18,0.0,12.947229270111663,0.27,0.3133333333333332,0.5942857142857143,0.49999999999999994,-0.8660254037844387,0.6932812268869777,-0.7206671495538609
TGLX022017,105.1,10.71,1.94,2017-06-03,0.0,12.947229270111663,0.74,0.8799999999999998,0.8914285714285715,1.2246467991473532e-16,-1.0,0.4711595076738638,-0.8820480249558537
TGLX022017,105.1,10.71,1.94,2017-06-19,0.0,12.947229270111663,1.08,0.9899999999999998,0.88,1.2246467991473532e-16,-1.0,0.21352091543979612,-0.9769384927771817
TGLX022019,105.1,10.71,1.94,2019-01-27,0.035663270999999996,12.947229270111663,0.62,0.7799999999999997,1.1500000000000001,0.49999999999999994,0.8660254037844387,0.4482293417404106,0.893918596519257
TGLX022019,105.1,10.71,1.94,2019-02-16,0.042528540999999996,12.947229270111663,0.92,0.543333333333333,0.3171428571428573,0.8660254037844386,0.5000000000000001,0.7236440382959124,0.6901733882429719
TGLX022019,105.1,10.71,1.94,2019-02-26,0.056457812499999996,12.947229270111663,0.27,0.15333333333333304,0.5900000000000001,0.8660254037844386,0.5000000000000001,0.8311706263658079,0.5560174366570446
TGLX022019,105.1,10.71,1.94,2019-03-14,0.0039926965,12.947229270111663,0.26,0.0999999999999997,0.3485714285714287,1.0,6.123233995736766e-17,0.9510565162951535,0.30901699437494745
TGLX022019,105.1,10.71,1.94,2019-03-28,0.0275152795,12.947229270111663,0.44,0.3066666666666665,0.6057142857142858,1.0,6.123233995736766e-17,0.9973249731081555,0.07309512989807777
TGLX022019,105.1,10.71,1.94,2019-04-11,0.0045888909999999995,12.947229270111663,0.1,0.28999999999999987,0.6785714285714287,0.8660254037844387,-0.4999999999999998,0.9859481499638304,-0.16705162550211924
TGLX022019,105.1,10.71,1.94,2019-04-26,0.0304781855,12.947229270111663,0.30000000000000004,0.2266666666666665,0.5971428571428572,0.8660254037844387,-0.4999999999999998,0.9106046300942162,-0.4132786077829042
TGLX022019,105.1,10.71,1.94,2019-05-12,0.0047514895,12.947229270111663,0.44,0.19999999999999982,0.38000000000000017,0.49999999999999994,-0.8660254037844387,0.7638886127905428,-0.6453481132295501
TGLX022019,105.1,10.71,1.94,2019-05-26,0.03288103,12.947229270111663,0.17,0.1333333333333332,0.39571428571428585,0.49999999999999994,-0.8660254037844387,0.5877852522924732,-0.8090169943749473
TGLX022019,105.1,10.71,1.94,2019-06-11,0.029773591999999998,12.947229270111663,0.46,0.30999999999999983,0.522857142857143,1.2246467991473532e-16,-1.0,0.3456123126707335,-0.9383773917408641
TGLX022019,105.1,10.71,1.94,2019-06-24,0.025871228,12.947229270111663,0.26,0.27999999999999997,0.5085714285714287,1.2246467991473532e-16,-1.0,0.12874817745258132,-0.99167731989929
TGLX022019,105.1,10.71,1.94,2019-07-09,0.0044262925,12.947229270111663,0.47000000000000003,0.3899999999999999,0.6257142857142858,-0.4999999999999997,-0.8660254037844388,-0.12874817745258066,-0.99167731989929
TGLX022020,105.1,10.71,1.94,2020-01-11,0.0057993465,12.947229270111663,1.3900000000000001,1.1566666666666663,0.9185714285714287,0.49999999999999994,0.8660254037844387,0.1882267098432442,0.9821256058680006
TGLX022020,105.1,10.71,1.94,2020-02-13,0.048671151,12.947229270111663,0.34,1.1999999999999997,1.1200000000000003,0.8660254037844386,0.5000000000000001,0.6870527672236669,0.7266075247685656
TGLX022020,105.1,10.71,1.94,2020-02-27,0.053260042,12.947229270111663,0.51,1.0466666666666666,1.0971428571428574,0.8660254037844386,0.5000000000000001,0.8406184056344782,0.5416278206559814
TGLX022020,105.1,10.71,1.94,2020-03-12,0.0486747643,12.947229270111663,0.65,1.0066666666666666,0.712857142857143,1.0,6.123233995736766e-17,0.9455963874271426,0.3253420847119801
TGLX022020,105.1,10.71,1.94,2020-03-27,0.0486747643,12.947229270111663,0.21,0.6866666666666664,0.602857142857143,1.0,6.123233995736766e-17,0.9973249731081555,0.07309512989807777
TGLX022020,105.1,10.71,1.94,2020-05-09,0.1,12.947229270111663,0.35000000000000003,0.8333333333333331,0.5642857142857144,0.49999999999999994,-0.8660254037844387,0.7856498550787147,-0.6186714032625031
TGLX022020,105.1,10.71,1.94,2020-05-23,0.0486747643,12.947229270111663,0.42,0.6766666666666664,0.40857142857142875,0.49999999999999994,-0.8660254037844387,0.6152845999633276,-0.7883050558305255
TGLX022020,105.1,10.71,1.94,2020-06-08,0.05379842369999999,12.947229270111663,-0.13,0.6333333333333332,0.5385714285714287,1.2246467991473532e-16,-1.0,0.3777079652039649,-0.9259247771938498
TGLX022020,105.1,10.71,1.94,2020-06-25,0.1,12.947229270111663,-0.27,0.1499999999999998,0.4500000000000001,1.2246467991473532e-16,-1.0,0.09453674981719912,-0.9955213724144752
TGLX022021,105.1,10.71,-1.2,2021-01-29,0.8,12.947229270111663,1.44,1.1066666666666665,0.8285714285714288,0.49999999999999994,0.8660254037844387,0.47873384011578846,0.8779600847008882
TGLX022021,105.1,10.71,-1.2,2021-03-01,0.1,12.947229270111663,1.01,1.1399999999999997,0.7914285714285717,1.0,6.123233995736766e-17,0.8587639582758029,0.5123714121284237
TGLX022021,105.1,10.71,-1.2,2021-03-15,0.8,12.947229270111663,1.03,1.2166666666666666,0.8657142857142859,1.0,6.123233995736766e-17,0.9562348265919056,0.29260033563334836
TGLX022021,105.1,10.71,-1.2,2021-03-29,0.017849702000000002,12.947229270111663,1.18,1.113333333333333,0.6457142857142859,1.0,6.123233995736766e-17,0.9984354211555643,0.055916990100603484
TGLX022021,105.1,10.71,-1.2,2021-04-14,0.07082068,12.947229270111663,0.67,0.9933333333333333,0.8300000000000003,0.8660254037844387,-0.4999999999999998,0.9760105506323683,-0.21772323039653177
TGLX022021,105.1,10.71,-1.2,2021-04-28,0.03504901,12.947229270111663,0.8,1.0133333333333334,0.4885714285714288,0.8660254037844387,-0.4999999999999998,0.895839290734909,-0.4443781781046132
TGLX022021,105.1,10.71,-1.2,2021-05-14,0.035916201999999994,12.947229270111663,0.25,0.7666666666666666,0.8528571428571432,0.49999999999999994,-0.8660254037844387,0.7412220108485958,-0.6712599575675313
TGLX022021,105.1,10.71,1.24,2021-05-29,0.035825869499999996,12.947229270111663,0.08,0.7899999999999999,0.6785714285714288,0.49999999999999994,-0.8660254037844387,0.545240438540651,-0.8382797052177744
TGLX022022,105.1,10.71,-1.2,2022-02-17,0.0,12.947229270111663,1.32,1.17,0.8400000000000004,0.8660254037844386,0.5000000000000001,0.7354170229639855,0.6776147890466889
TGLX022022,105.1,10.71,-1.2,2022-03-04,0.0,12.947229270111663,1.27,1.2133333333333332,0.9142857142857147,1.0,6.123233995736766e-17,0.8840675099433636,0.4673592171580022
TGLX022022,105.1,10.71,-1.2,2022-03-19,0.0,12.947229270111663,0.98,1.0466666666666666,0.6428571428571432,1.0,6.123233995736766e-17,0.9741004551724205,0.22611568550828828
TGLX022022,105.1,10.71,-1.2,2022-03-30,0.0,12.947229270111663,1.09,0.35666666666666663,0.1257142857142861,1.0,6.123233995736766e-17,0.9992500112396835,0.03872228089217446
TGLX022022,105.1,10.71,-1.2,2022-04-15,0.0,12.947229270111663,1.03,0.40999999999999986,0.2500000000000004,0.8660254037844387,-0.4999999999999998,0.9721181966290613,-0.23449138957040985
TGLX022022,105.1,10.71,-1.2,2022-04-26,0.1,12.947229270111663,0.19,0.04333333333333311,0.1385714285714289,0.8660254037844387,-0.4999999999999998,0.9106046300942162,-0.4132786077829042
TGLX022022,105.1,10.71,-1.2,2022-05-16,0.0,12.947229270111663,1.06,1.0333333333333332,0.6085714285714289,0.49999999999999994,-0.8660254037844387,0.717676913675962,-0.6963762255968722
TGLX022022,105.1,10.71,-1.2,2022-06-01,0.0,12.947229270111663,0.8200000000000001,1.1799999999999997,1.0014285714285718,1.2246467991473532e-16,-1.0,0.5012418134457758,-0.865307254363206
TGLX022022,105.1,10.71,-1.2,2022-06-17,0.0,12.947229270111663,0.36,1.14,1.1228571428571432,1.2246467991473532e-16,-1.0,0.24702218048093552,-0.9690098257244062
TGLX032016,105.13,10.27,-1.2,2016-03-04,0.002818374,58.64297221764388,0.295,0.6383333333333333,0.7914285714285716,1.0,6.123233995736766e-17,0.8919813464595485,0.45207220393230435
TGLX032016,105.13,10.27,-1.2,2016-03-17,0.004625024,58.64297221764388,0.23,0.1366666666666667,0.46,1.0,6.123233995736766e-17,0.9700639218515071,0.2428497220959356
TGLX032016,105.13,10.27,-1.2,2016-04-02,0.062004227999999995,58.64297221764388,0.26,0.3433333333333333,0.41571428571428576,0.8660254037844387,-0.4999999999999998,0.9995462806873573,-0.030120304846908114
TGLX032016,105.13,10.27,-1.2,2016-04-16,0.1,58.64297221764388,0.18,0.0233333333333333,0.3728571428571429,0.8660254037844387,-0.4999999999999998,0.9634705485641488,-0.2678143051621742
TGLX032016,105.13,10.27,-1.2,2016-04-29,0.0383190465,58.64297221764388,-0.08,0.14333333333333334,0.5171428571428571,0.8660254037844387,-0.4999999999999998,0.8800122039735357,-0.47495107206704995
TGLX032016,105.13,10.27,-1.2,2016-05-16,0.045744377999999995,58.64297221764388,0.17,0.049999999999999996,0.26857142857142857,0.49999999999999994,-0.8660254037844387,0.705583610107178,-0.7086266782644596
TGLX032016,105.13,10.27,-1.2,2016-06-01,0.1,58.64297221764388,-0.09,0.02999999999999996,0.12,1.2246467991473532e-16,-1.0,0.48627270710868997,-0.8738071036110808
TGLX032016,105.13,10.27,-1.2,2016-06-15,0.1,58.64297221764388,0.1,0.02666666666666667,0.17857142857142858,1.2246467991473532e-16,-1.0,0.26366549272800704,-0.9646141756912435
TGLX032017,105.13,10.27,-1.2,2017-03-03,0.0,58.64297221764388,0.86,1.0999999999999999,0.9828571428571429,1.0,6.123233995736766e-17,0.8758917051442429,0.48250774176121847
TGLX032017,105.13,10.27,-1.2,2017-03-17,0.0,58.64297221764388,0.41000000000000003,0.8566666666666665,0.9357142857142857,1.0,6.123233995736766e-17,0.9657399376548549,0.2595117970697999
TGLX032017,105.13,10.27,-1.2,2017-04-03,0.0,58.64297221764388,0.25,0.7999999999999998,0.9571428571428572,0.8660254037844387,-0.4999999999999998,0.9995462806873573,-0.030120304846908114
TGLX032017,105.13,10.27,-1.2,2017-04-17,0.0,58.64297221764388,0.29,0.5133333333333332,0.8400000000000001,0.8660254037844387,-0.4999999999999998,0.9634705485641488,-0.2678143051621742
TGLX032017,105.13,10.27,-1.2,2017-05-05,0.0,58.64297221764388,0.39,0.31333333333333324,0.6157142857142858,0.49999999999999994,-0.8660254037844387,0.8359254794186372,-0.548842958284719
TGLX032017,105.13,10.27,-1.2,2017-05-18,0.0,58.64297221764388,0.31,0.5299999999999998,0.8342857142857144,0.49999999999999994,-0.8660254037844387,0.6932812268869777,-0.7206671495538609
TGLX032017,105.13,10.27,-1.2,2017-06-03,0.0,58.64297221764388,0.85,0.8999999999999998,1.0314285714285716,1.2246467991473532e-16,-1.0,0.4711595076738638,-0.8820480249558537
TGLX032017,105.13,10.27,-1.2,2017-06-19,0.0,58.64297221764388,0.99,0.8766666666666665,0.8671428571428572,1.2246467991473532e-16,-1.0,0.21352091543979612,-0.9769384927771817
TGLX032019,105.13,10.27,-1.2,2019-01-27,0.053440707,58.64297221764388,0.74,1.223333333333333,1.3414285714285714,0.49999999999999994,0.8660254037844387,0.4482293417404106,0.893918596519257
TGLX032019,105.13,10.27,-1.2,2019-02-16,0.0044262925,58.64297221764388,0.58,0.26333333333333303,0.29142857142857154,0.8660254037844386,0.5000000000000001,0.7236440382959124,0.6901733882429719
TGLX032019,105.13,10.27,-1.2,2019-02-26,0.045581779499999996,58.64297221764388,0.09,0.5699999999999997,0.8614285714285715,0.8660254037844386,0.5000000000000001,0.8311706263658079,0.5560174366570446
TGLX032019,105.13,10.27,-1.2,2019-03-14,0.004083028999999999,58.64297221764388,0.07,0.2499999999999997,0.5857142857142857,1.0,6.123233995736766e-17,0.9510565162951535,0.30901699437494745
TGLX032019,105.13,10.27,-1.2,2019-03-28,0.041769748,58.64297221764388,0.28,0.45999999999999974,0.8585714285714288,1.0,6.123233995736766e-17,0.9973249731081555,0.07309512989807777
TGLX032019,105.13,10.27,-1.2,2019-04-11,0.038409379,58.64297221764388,0.33,0.7866666666666665,0.9157142857142858,0.8660254037844387,-0.4999999999999998,0.9859481499638304,-0.16705162550211924
TGLX032019,105.13,10.27,-1.2,2019-04-26,0.004625024,58.64297221764388,0.23,0.4933333333333332,0.8485714285714286,0.8660254037844387,-0.4999999999999998,0.9106046300942162,-0.4132786077829042
TGLX032019,105.13,10.27,-1.2,2019-05-12,0.1,58.64297221764388,0.18,0.21666666666666648,0.5771428571428573,0.49999999999999994,-0.8660254037844387,0.7638886127905428,-0.6453481132295501
TGLX032019,105.13,10.27,-1.2,2019-05-26,0.1,58.64297221764388,0.12,0.26666666666666655,0.6814285714285715,0.49999999999999994,-0.8660254037844387,0.5877852522924732,-0.8090169943749473
TGLX032019,105.13,10.27,-1.2,2019-06-11,0.1,58.64297221764388,0.27,0.38333333333333325,0.7357142857142859,1.2246467991473532e-16,-1.0,0.3456123126707335,-0.9383773917408641
TGLX032019,105.13,10.27,-1.2,2019-06-24,0.1,58.64297221764388,0.28,0.40666666666666657,0.7485714285714286,1.2246467991473532e-16,-1.0,0.12874817745258132,-0.99167731989929
TGLX032019,105.13,10.27,-1.2,2019-07-09,0.0464128385,58.64297221764388,0.38,0.5866666666666666,0.7671428571428572,-0.4999999999999997,-0.8660254037844388,-0.12874817745258066,-0.99167731989929
TGLX032020,106.35,11.32,1.24,2020-01-11,0.003830098,140.29544489902437,0.77,0.7299999999999996,0.6600000000000001,0.49999999999999994,0.8660254037844387,0.1882267098432442,0.9821256058680006
TGLX032020,106.35,11.32,1.24,2020-02-13,0.0476413605,140.29544489902437,1.33,0.9699999999999998,0.6314285714285716,0.8660254037844386,0.5000000000000001,0.6870527672236669,0.7266075247685656
TGLX032020,106.35,11.32,1.24,2020-02-27,0.00469729,140.29544489902437,1.24,1.0999999999999999,0.6514285714285716,0.8660254037844386,0.5000000000000001,0.8406184056344782,0.5416278206559814
TGLX032020,106.35,11.32,1.24,2020-03-12,0.0486747643,140.29544489902437,0.88,0.3633333333333331,0.12142857142857157,1.0,6.123233995736766e-17,0.9455963874271426,0.3253420847119801
TGLX032020,106.35,11.32,1.24,2020-03-27,0.0486747643,140.29544489902437,0.87,0.4299999999999997,0.2371428571428573,1.0,6.123233995736766e-17,0.9973249731081555,0.07309512989807777
TGLX032020,106.35,11.32,1.24,2020-05-09,0.1,140.29544489902437,0.92,0.17666666666666642,0.054285714285714416,0.49999999999999994,-0.8660254037844387,0.7856498550787147,-0.6186714032625031
TGLX032020,106.35,11.32,1.24,2020-05-23,0.1,140.29544489902437,0.64,0.06333333333333308,-0.15857142857142845,0.49999999999999994,-0.8660254037844387,0.6152845999633276,-0.7883050558305255
TGLX032020,106.35,11.32,1.24,2020-06-08,0.08454038009999999,140.29544489902437,0.92,0.31666666666666643,-0.09142857142857132,1.2246467991473532e-16,-1.0,0.3777079652039649,-0.9259247771938498
TGLX032020,106.35,11.32,1.24,2020-06-25,0.1,140.29544489902437,0.34,0.7866666666666665,0.3685714285714287,1.2246467991473532e-16,-1.0,0.09453674981719912,-0.9955213724144752
TGLX032021,105.13,10.27,1.24,2021-01-29,0.1,58.64297221764388,1.13,0.8099999999999999,0.6028571428571431,0.49999999999999994,0.8660254037844387,0.47873384011578846,0.8779600847008882
TGLX032021,105.13,10.27,1.24,2021-03-01,0.1,58.64297221764388,1.17,0.8399999999999999,0.5214285714285716,1.0,6.123233995736766e-17,0.8587639582758029,0.5123714121284237
TGLX032021,105.13,10.27,1.24,2021-03-15,0.8,58.64297221764388,1.25,1.0,0.5185714285714288,1.0,6.123233995736766e-17,0.9562348265919056,0.29260033563334836
TGLX032021,105.13,10.27,1.24,2021-03-29,0.0225650585,58.64297221764388,1.23,0.6433333333333332,0.24428571428571447,1.0,6.123233995736766e-17,0.9984354211555643,0.055916990100603484
TGLX032021,105.13,10.27,1.24,2021-04-14,0.007515664,58.64297221764388,1.01,1.04,0.5685714285714288,0.8660254037844387,-0.4999999999999998,0.9760105506323683,-0.21772323039653177
TGLX032021,105.13,10.27,1.24,2021-04-28,0.1,58.64297221764388,1.1,0.5133333333333332,0.10857142857142879,0.8660254037844387,-0.4999999999999998,0.895839290734909,-0.4443781781046132
TGLX032021,105.13,10.27,1.24,2021-05-14,0.048960215,58.64297221764388,0.8,1.0066666666666666,0.7142857142857145,0.49999999999999994,-0.8660254037844387,0.7412220108485958,-0.6712599575675313
TGLX032021,105.13,10.27,1.92,2021-05-29,0.1,58.64297221764388,0.81,0.9899999999999999,0.43571428571428594,0.49999999999999994,-0.8660254037844387,0.545240438540651,-0.8382797052177744
TGLX032022,105.13,10.27,1.24,2022-02-17,0.0,58.64297221764388,1.25,0.7666666666666666,0.5800000000000004,0.8660254037844386,0.5000000000000001,0.7354170229639855,0.6776147890466889
TGLX032022,105.13,10.27,1.24,2022-03-04,0.0,58.64297221764388,1.43,0.9833333333333334,0.6271428571428574,1.0,6.123233995736766e-17,0.8840675099433636,0.4673592171580022
TGLX032022,105.13,10.27,1.24,2022-03-19,0.0,58.64297221764388,1.09,0.64,0.3285714285714289,1.0,6.123233995736766e-17,0.9741004551724205,0.22611568550828828
TGLX032022,105.13,10.27,1.24,2022-03-30,0.1,58.64297221764388,0.30000000000000004,0.05666666666666659,0.07714285714285753,1.0,6.123233995736766e-17,0.9992500112396835,0.03872228089217446
TGLX032022,105.13,10.27,1.24,2022-04-15,0.1,58.64297221764388,0.35000000000000003,0.12999999999999978,0.16571428571428606,0.8660254037844387,-0.4999999999999998,0.9721181966290613,-0.23449138957040985
TGLX032022,105.13,10.27,1.24,2022-04-26,0.1,58.64297221764388,0.04,-0.04333333333333356,0.38000000000000034,0.8660254037844387,-0.4999999999999998,0.9106046300942162,-0.4132786077829042
TGLX032022,105.13,10.27,1.24,2022-05-16,0.0,58.64297221764388,1.12,0.5066666666666665,0.3400000000000003,0.49999999999999994,-0.8660254037844387,0.717676913675962,-0.6963762255968722
TGLX032022,105.13,10.27,1.24,2022-06-01,0.1,58.64297221764388,1.21,1.1866666666666665,0.7457142857142861,1.2246467991473532e-16,-1.0,0.5012418134457758,-0.865307254363206
TGLX032022,105.13,10.27,1.24,2022-06-17,0.0,58.64297221764388,1.22,1.413333333333333,0.9628571428571432,1.2246467991473532e-16,-1.0,0.24702218048093552,-0.9690098257244062
TGLX042016,105.06,10.44,1.24,2016-03-04,0.025871228,41.63042238760365,0.52,0.7716666666666665,0.6635714285714287,1.0,6.123233995736766e-17,0.8919813464595485,0.45207220393230435
TGLX042016,105.06,10.44,1.24,2016-03-17,0.0435583315,41.63042238760365,0.38,0.13,0.3642857142857143,1.0,6.123233995736766e-17,0.9700639218515071,0.2428497220959356
TGLX042016,105.06,10.44,1.24,2016-04-02,0.04765039375,41.63042238760365,0.35000000000000003,0.2866666666666666,0.38,0.8660254037844387,-0.4999999999999998,0.9995462806873573,-0.030120304846908114
TGLX042016,105.06,10.44,1.24,2016-04-16,0.1,41.63042238760365,0.27,0.09333333333333331,0.26857142857142857,0.8660254037844387,-0.4999999999999998,0.9634705485641488,-0.2678143051621742
TGLX042016,105.06,10.44,1.24,2016-04-29,0.0527722465,41.63042238760365,-0.06,-0.023333333333333334,0.3742857142857143,0.8660254037844387,-0.4999999999999998,0.8800122039735357,-0.47495107206704995
TGLX042016,105.06,10.44,1.24,2016-05-16,0.05893292299999999,41.63042238760365,0.30000000000000004,0.11333333333333333,0.16428571428571428,0.49999999999999994,-0.8660254037844387,0.705583610107178,-0.7086266782644596
TGLX042016,105.06,10.44,1.24,2016-06-01,0.1,41.63042238760365,0.44,0.0033333333333332993,0.07142857142857142,1.2246467991473532e-16,-1.0,0.48627270710868997,-0.8738071036110808
TGLX042016,105.06,10.44,1.24,2016-06-15,0.2,41.63042238760365,0.24,0.06666666666666667,0.09,1.2246467991473532e-16,-1.0,0.26366549272800704,-0.9646141756912435
TGLX042017,105.06,10.44,1.24,2017-03-03,0.0,41.63042238760365,0.52,1.0099999999999998,1.0,1.0,6.123233995736766e-17,0.8758917051442429,0.48250774176121847
TGLX042017,105.06,10.44,1.24,2017-03-17,0.0,41.63042238760365,0.25,0.6466666666666665,0.87,1.0,6.123233995736766e-17,0.9657399376548549,0.2595117970697999
TGLX042017,105.06,10.44,1.24,2017-04-03,0.0,41.63042238760365,0.37,0.5266666666666665,0.8700000000000001,0.8660254037844387,-0.4999999999999998,0.9995462806873573,-0.030120304846908114
TGLX042017,105.06,10.44,1.24,2017-04-17,0.1,41.63042238760365,0.29,0.3466666666666665,0.722857142857143,0.8660254037844387,-0.4999999999999998,0.9634705485641488,-0.2678143051621742
TGLX042017,105.06,10.44,1.24,2017-05-05,0.0,41.63042238760365,0.45,0.34999999999999987,0.5185714285714286,0.49999999999999994,-0.8660254037844387,0.8359254794186372,-0.548842958284719
TGLX042017,105.06,10.44,1.24,2017-05-18,0.0,41.63042238760365,0.26,0.39333333333333315,0.7157142857142856,0.49999999999999994,-0.8660254037844387,0.6932812268869777,-0.7206671495538609
TGLX042017,105.06,10.44,1.24,2017-06-03,0.0,41.63042238760365,0.79,0.9199999999999998,0.9628571428571429,1.2246467991473532e-16,-1.0,0.4711595076738638,-0.8820480249558537
TGLX042017,105.06,10.44,1.24,2017-06-19,0.0,41.63042238760365,1.04,0.9333333333333331,0.8614285714285714,1.2246467991473532e-16,-1.0,0.21352091543979612,-0.9769384927771817
TGLX042019,105.06,10.44,1.24,2019-01-27,0.03215837,41.63042238760365,0.62,0.9899999999999997,1.2614285714285713,0.49999999999999994,0.8660254037844387,0.4482293417404106,0.893918596519257
TGLX042019,105.06,10.44,1.24,2019-02-16,0.038915240999999996,41.63042238760365,0.62,0.41999999999999965,0.28000000000000014,0.8660254037844386,0.5000000000000001,0.7236440382959124,0.6901733882429719
TGLX042019,105.06,10.44,1.24,2019-02-26,0.004733423,41.63042238760365,0.14,0.313333333333333,0.7285714285714288,0.8660254037844386,0.5000000000000001,0.8311706263658079,0.5560174366570446
TGLX042019,105.06,10.44,1.24,2019-03-14,0.0328990965,41.63042238760365,0.15,0.14666666666666636,0.4571428571428573,1.0,6.123233995736766e-17,0.9510565162951535,0.30901699437494745
TGLX042019,105.06,10.44,1.24,2019-03-28,0.0292857965,41.63042238760365,0.42,0.3099999999999998,0.7257142857142858,1.0,6.123233995736766e-17,0.9973249731081555,0.07309512989807777
TGLX042019,105.06,10.44,1.24,2019-04-11,0.032935229499999996,41.63042238760365,-0.03,0.5666666666666665,0.8257142857142858,0.8660254037844387,-0.4999999999999998,0.9859481499638304,-0.16705162550211924
TGLX042019,105.06,10.44,1.24,2019-04-26,0.027966941999999998,41.63042238760365,0.25,0.29333333333333317,0.7314285714285715,0.8660254037844387,-0.4999999999999998,0.9106046300942162,-0.4132786077829042
TGLX042019,105.06,10.44,1.24,2019-05-12,0.027858543,41.63042238760365,0.29,0.09333333333333316,0.46714285714285725,0.49999999999999994,-0.8660254037844387,0.7638886127905428,-0.6453481132295501
TGLX042019,105.06,10.44,1.24,2019-05-26,0.027316547999999996,41.63042238760365,0.17,0.14999999999999986,0.5285714285714287,0.49999999999999994,-0.8660254037844387,0.5877852522924732,-0.8090169943749473
TGLX042019,105.06,10.44,1.24,2019-06-11,0.1,41.63042238760365,0.4,0.2833333333333332,0.6200000000000001,1.2246467991473532e-16,-1.0,0.3456123126707335,-0.9383773917408641
TGLX042019,105.06,10.44,1.24,2019-06-24,0.042365942499999996,41.63042238760365,0.31,0.3066666666666666,0.6285714285714288,1.2246467991473532e-16,-1.0,0.12874817745258132,-0.99167731989929
TGLX042019,105.06,10.44,1.24,2019-07-09,0.032736498,41.63042238760365,0.43,0.4499999999999999,0.6942857142857145,-0.4999999999999997,-0.8660254037844388,-0.12874817745258066,-0.99167731989929
TGLX042020,105.06,10.44,1.92,2020-01-11,0.06525619799999999,41.63042238760365,1.32,0.973333333333333,0.8257142857142858,0.49999999999999994,0.8660254037844387,0.1882267098432442,0.9821256058680006
TGLX042020,105.06,10.44,1.92,2020-02-13,0.053549106,41.63042238760365,0.93,1.333333333333333,1.06,0.8660254037844386,0.5000000000000001,0.6870527672236669,0.7266075247685656
TGLX042020,105.06,10.44,1.92,2020-02-27,0.035880069,41.63042238760365,0.81,1.1899999999999997,1.0885714285714287,0.8660254037844386,0.5000000000000001,0.8406184056344782,0.5416278206559814
TGLX042020,105.06,10.44,1.92,2020-03-12,0.0486747643,41.63042238760365,0.9,0.9999999999999999,0.5900000000000001,1.0,6.123233995736766e-17,0.9455963874271426,0.3253420847119801
TGLX042020,105.06,10.44,1.92,2020-03-27,0.0486747643,41.63042238760365,0.53,0.7999999999999998,0.5514285714285716,1.0,6.123233995736766e-17,0.9973249731081555,0.07309512989807777
TGLX042020,105.06,10.44,1.92,2020-05-09,0.1,41.63042238760365,0.7000000000000001,0.9066666666666664,0.4657142857142858,0.49999999999999994,-0.8660254037844387,0.7856498550787147,-0.6186714032625031
TGLX042020,105.06,10.44,1.92,2020-05-23,0.058922083099999994,41.63042238760365,0.62,0.6833333333333331,0.2842857142857144,0.49999999999999994,-0.8660254037844387,0.6152845999633276,-0.7883050558305255
TGLX042020,105.06,10.44,1.92,2020-06-08,0.1,41.63042238760365,0.36,0.8199999999999998,0.44857142857142873,1.2246467991473532e-16,-1.0,0.3777079652039649,-0.9259247771938498
TGLX042020,105.06,10.44,1.92,2020-06-25,0.1,41.63042238760365,-0.15,0.31333333333333313,0.5557142857142858,1.2246467991473532e-16,-1.0,0.09453674981719912,-0.9955213724144752
TGLX042021,105.06,10.44,1.92,2021-01-29,0.9,41.63042238760365,1.32,0.9366666666666665,0.7028571428571431,0.49999999999999994,0.8660254037844387,0.47873384011578846,0.8779600847008882
TGLX042021,105.06,10.44,1.92,2021-03-01,0.12,41.63042238760365,1.16,1.0266666666666666,0.6585714285714287,1.0,6.123233995736766e-17,0.8587639582758029,0.5123714121284237
TGLX042021,105.06,10.44,1.92,2021-03-15,0.8,41.63042238760365,1.16,1.17,0.7014285714285717,1.0,6.123233995736766e-17,0.9562348265919056,0.29260033563334836
TGLX042021,105.06,10.44,1.92,2021-03-29,0.024425908,41.63042238760365,1.18,0.9099999999999998,0.4485714285714288,1.0,6.123233995736766e-17,0.9984354211555643,0.055916990100603484
TGLX042021,105.06,10.44,1.92,2021-04-14,0.1,41.63042238760365,0.86,1.0633333333333335,0.7285714285714288,0.8660254037844387,-0.4999999999999998,0.9760105506323683,-0.21772323039653177
TGLX042021,105.06,10.44,1.92,2021-04-28,0.1,41.63042238760365,1.05,0.8233333333333333,0.3028571428571431,0.8660254037844387,-0.4999999999999998,0.895839290734909,-0.4443781781046132
TGLX042021,105.06,10.44,1.92,2021-05-14,0.1,41.63042238760365,0.5700000000000001,0.9233333333333332,0.8100000000000003,0.49999999999999994,-0.8660254037844387,0.7412220108485958,-0.6712599575675313
TGLX042021,105.06,10.44,0.33,2021-05-29,0.1,41.63042238760365,0.55,0.96,0.5828571428571431,0.49999999999999994,-0.8660254037844387,0.545240438540651,-0.8382797052177744
TGLX042022,105.06,10.44,1.92,2022-02-17,0.0,41.63042238760365,1.34,0.9733333333333333,0.708571428571429,0.8660254037844386,0.5000000000000001,0.7354170229639855,0.6776147890466889
TGLX042022,105.06,10.44,1.92,2022-03-04,0.0,41.63042238760365,1.0,1.1966666666666665,0.8071428571428576,1.0,6.123233995736766e-17,0.8840675099433636,0.4673592171580022
TGLX042022,105.06,10.44,1.92,2022-03-19,0.1,41.63042238760365,1.15,0.8633333333333333,0.478571428571429,1.0,6.123233995736766e-17,0.9741004551724205,0.22611568550828828
TGLX042022,105.06,10.44,1.92,2022-03-30,0.1,41.63042238760365,0.61,0.15999999999999995,0.0457142857142861,1.0,6.123233995736766e-17,0.9992500112396835,0.03872228089217446
TGLX042022,105.06,10.44,1.92,2022-04-15,0.1,41.63042238760365,0.71,0.21333333333333315,0.17142857142857176,0.8660254037844387,-0.4999999999999998,0.9721181966290613,-0.23449138957040985
TGLX042022,105.06,10.44,1.92,2022-04-26,0.1,41.63042238760365,0.1,-0.013333333333333558,0.25000000000000033,0.8660254037844387,-0.4999999999999998,0.9106046300942162,-0.4132786077829042
TGLX042022,105.06,10.44,1.92,2022-05-16,0.1,41.63042238760365,1.18,0.7866666666666665,0.4785714285714289,0.49999999999999994,-0.8660254037844387,0.717676913675962,-0.6963762255968722
TGLX042022,105.06,10.44,1.92,2022-06-01,0.1,41.63042238760365,1.09,1.223333333333333,0.8842857142857146,1.2246467991473532e-16,-1.0,0.5012418134457758,-0.865307254363206
TGLX042022,105.06,10.44,1.92,2022-06-17,0.0,41.63042238760365,0.77,1.373333333333333,1.0828571428571432,1.2246467991473532e-16,-1.0,0.24702218048093552,-0.9690098257244062
TGLX052016,104.87,10.51,1.92,2016-03-04,0.0043540265,46.46841166860547,0.52,0.7516666666666665,0.7235714285714288,1.0,6.123233995736766e-17,0.8919813464595485,0.45207220393230435
TGLX052016,104.87,10.51,1.92,2016-03-17,0.035862002500000004,46.46841166860547,0.38,0.13,0.3642857142857143,1.0,6.123233995736766e-17,0.9700639218515071,0.2428497220959356
TGLX052016,104.87,10.51,1.92,2016-04-02,0.5,46.46841166860547,0.35000000000000003,0.2866666666666666,0.38,0.8660254037844387,-0.4999999999999998,0.9995462806873573,-0.030120304846908114
TGLX052016,104.87,10.51,1.92,2016-04-16,0.0352116085,46.46841166860547,0.27,0.09333333333333331,0.26857142857142857,0.8660254037844387,-0.4999999999999998,0.9634705485641488,-0.2678143051621742
TGLX052016,104.87,10.51,1.92,2016-04-29,0.2,46.46841166860547,-0.06,-0.023333333333333334,0.3742857142857143,0.8660254037844387,-0.4999999999999998,0.8800122039735357,-0.47495107206704995
TGLX052016,104.87,10.51,1.92,2016-05-16,0.038517777999999996,46.46841166860547,0.30000000000000004,0.11333333333333333,0.16428571428571428,0.49999999999999994,-0.8660254037844387,0.705583610107178,-0.7086266782644596
TGLX052016,104.87,10.51,1.92,2016-06-01,0.1,46.46841166860547,0.44,0.0033333333333332993,0.07142857142857142,1.2246467991473532e-16,-1.0,0.48627270710868997,-0.8738071036110808
TGLX052016,104.87,10.51,1.92,2016-06-15,2.5,46.46841166860547,0.24,0.06666666666666667,0.09,1.2246467991473532e-16,-1.0,0.26366549272800704,-0.9646141756912435
TGLX052017,104.87,10.51,1.92,2017-03-03,0.0,46.46841166860547,0.52,1.0099999999999998,1.0,1.0,6.123233995736766e-17,0.8758917051442429,0.48250774176121847
TGLX052017,104.87,10.51,1.92,2017-03-17,0.0,46.46841166860547,0.25,0.6466666666666665,0.87,1.0,6.123233995736766e-17,0.9657399376548549,0.2595117970697999
TGLX052017,104.87,10.51,1.92,2017-04-03,0.0,46.46841166860547,0.37,0.5266666666666665,0.8700000000000001,0.8660254037844387,-0.4999999999999998,0.9995462806873573,-0.030120304846908114
TGLX052017,104.87,10.51,1.92,2017-04-17,0.0,46.46841166860547,0.29,0.3466666666666665,0.722857142857143,0.8660254037844387,-0.4999999999999998,0.9634705485641488,-0.2678143051621742
TGLX052017,104.87,10.51,1.92,2017-05-05,0.0,46.46841166860547,0.45,0.34999999999999987,0.5185714285714286,0.49999999999999994,-0.8660254037844387,0.8359254794186372,-0.548842958284719
TGLX052017,104.87,10.51,1.92,2017-05-18,0.0,46.46841166860547,0.26,0.39333333333333315,0.7157142857142856,0.49999999999999994,-0.8660254037844387,0.6932812268869777,-0.7206671495538609
TGLX052017,104.87,10.51,1.92,2017-06-03,0.0,46.46841166860547,0.79,0.9199999999999998,0.9628571428571429,1.2246467991473532e-16,-1.0,0.4711595076738638,-0.8820480249558537
TGLX052017,104.87,10.51,1.92,2017-06-19,0.0,46.46841166860547,1.04,0.9333333333333331,0.8614285714285714,1.2246467991473532e-16,-1.0,0.21352091543979612,-0.9769384927771817
TGLX052019,104.87,10.51,1.92,2019-01-27,0.049971939,46.46841166860547,0.62,0.9899999999999997,1.2614285714285713,0.49999999999999994,0.8660254037844387,0.4482293417404106,0.893918596519257
TGLX052019,104.87,10.51,1.92,2019-02-16,0.050802998,46.46841166860547,0.62,0.41999999999999965,0.28000000000000014,0.8660254037844386,0.5000000000000001,0.7236440382959124,0.6901733882429719
TGLX052019,104.87,10.51,1.92,2019-02-26,0.033025562,46.46841166860547,0.14,0.313333333333333,0.7285714285714288,0.8660254037844386,0.5000000000000001,0.8311706263658079,0.5560174366570446
TGLX052019,104.87,10.51,1.92,2019-03-14,0.0419323465,46.46841166860547,0.15,0.14666666666666636,0.4571428571428573,1.0,6.123233995736766e-17,0.9510565162951535,0.30901699437494745
TGLX052019,104.87,10.51,1.92,2019-03-28,0.0455456465,46.46841166860547,0.42,0.3099999999999998,0.7257142857142858,1.0,6.123233995736766e-17,0.9973249731081555,0.07309512989807777
TGLX052019,104.87,10.51,1.92,2019-04-11,0.0403063615,46.46841166860547,-0.03,0.5666666666666665,0.8257142857142858,0.8660254037844387,-0.4999999999999998,0.9859481499638304,-0.16705162550211924
TGLX052019,104.87,10.51,1.92,2019-04-26,0.021426868999999998,46.46841166860547,0.25,0.29333333333333317,0.7314285714285715,0.8660254037844387,-0.4999999999999998,0.9106046300942162,-0.4132786077829042
TGLX052019,104.87,10.51,1.92,2019-05-12,0.03295329599999999,46.46841166860547,0.29,0.09333333333333316,0.46714285714285725,0.49999999999999994,-0.8660254037844387,0.7638886127905428,-0.6453481132295501
TGLX052019,104.87,10.51,1.92,2019-05-26,0.022257928,46.46841166860547,0.17,0.14999999999999986,0.5285714285714287,0.49999999999999994,-0.8660254037844387,0.5877852522924732,-0.8090169943749473
TGLX052019,104.87,10.51,1.92,2019-06-11,0.038698443,46.46841166860547,0.4,0.2833333333333332,0.6200000000000001,1.2246467991473532e-16,-1.0,0.3456123126707335,-0.9383773917408641
TGLX052019,104.87,10.51,1.92,2019-06-24,0.030423986,46.46841166860547,0.31,0.3066666666666666,0.6285714285714288,1.2246467991473532e-16,-1.0,0.12874817745258132,-0.99167731989929
TGLX052019,104.87,10.51,1.92,2019-07-09,0.022492792499999997,46.46841166860547,0.43,0.4499999999999999,0.6942857142857145,-0.4999999999999997,-0.8660254037844388,-0.12874817745258066,-0.99167731989929
TGLX052020,104.87,10.51,0.33,2020-01-11,0.0074433979999999995,46.46841166860547,1.32,0.973333333333333,0.8257142857142858,0.49999999999999994,0.8660254037844387,0.1882267098432442,0.9821256058680006
TGLX052020,104.87,10.51,0.33,2020-02-13,0.044588122,46.46841166860547,0.93,1.333333333333333,1.06,0.8660254037844386,0.5000000000000001,0.6870527672236669,0.7266075247685656
TGLX052020,104.87,10.51,0.33,2020-02-27,0.1,46.46841166860547,0.81,1.1899999999999997,1.0885714285714287,0.8660254037844386,0.5000000000000001,0.8406184056344782,0.5416278206559814
TGLX052020,104.87,10.51,0.33,2020-03-12,0.0486747643,46.46841166860547,0.9,0.9999999999999999,0.5900000000000001,1.0,6.123233995736766e-17,0.9455963874271426,0.3253420847119801
TGLX052020,104.87,10.51,0.33,2020-03-27,0.0486747643,46.46841166860547,0.53,0.7999999999999998,0.5514285714285716,1.0,6.123233995736766e-17,0.9973249731081555,0.07309512989807777
TGLX052020,104.87,10.51,0.33,2020-05-09,0.1,46.46841166860547,0.7000000000000001,0.9066666666666664,0.4657142857142858,0.49999999999999994,-0.8660254037844387,0.7856498550787147,-0.6186714032625031
TGLX052020,104.87,10.51,0.33,2020-05-23,0.0794167207,46.46841166860547,0.62,0.6833333333333331,0.2842857142857144,0.49999999999999994,-0.8660254037844387,0.6152845999633276,-0.7883050558305255
TGLX052020,104.87,10.51,0.33,2020-06-08,0.1,46.46841166860547,0.36,0.8199999999999998,0.44857142857142873,1.2246467991473532e-16,-1.0,0.3777079652039649,-0.9259247771938498
TGLX052020,104.87,10.51,0.33,2020-06-25,0.1,46.46841166860547,-0.15,0.31333333333333313,0.5557142857142858,1.2246467991473532e-16,-1.0,0.09453674981719912,-0.9955213724144752
TGLX052021,104.87,10.51,0.33,2021-01-29,0.9,46.46841166860547,1.32,0.9366666666666665,0.7028571428571431,0.49999999999999994,0.8660254037844387,0.47873384011578846,0.8779600847008882
TGLX052021,104.87,10.51,0.33,2021-03-01,0.11,46.46841166860547,1.16,1.0266666666666666,0.6585714285714287,1.0,6.123233995736766e-17,0.8587639582758029,0.5123714121284237
TGLX052021,104.87,10.51,0.33,2021-03-15,0.8,46.46841166860547,1.16,1.17,0.7014285714285717,1.0,6.123233995736766e-17,0.9562348265919056,0.29260033563334836
TGLX052021,104.87,10.51,0.33,2021-03-29,0.0330436285,46.46841166860547,1.18,0.9099999999999998,0.4485714285714288,1.0,6.123233995736766e-17,0.9984354211555643,0.055916990100603484
TGLX052021,104.87,10.51,0.33,2021-04-14,0.07707168899999998,46.46841166860547,0.86,1.0633333333333335,0.7285714285714288,0.8660254037844387,-0.4999999999999998,0.9760105506323683,-0.21772323039653177
TGLX052021,104.87,10.51,0.33,2021-04-28,0.1,46.46841166860547,1.05,0.8233333333333333,0.3028571428571431,0.8660254037844387,-0.4999999999999998,0.895839290734909,-0.4443781781046132
TGLX052021,104.87,10.51,0.33,2021-05-14,0.1,46.46841166860547,0.5700000000000001,0.9233333333333332,0.8100000000000003,0.49999999999999994,-0.8660254037844387,0.7412220108485958,-0.6712599575675313
TGLX052021,104.87,10.51,0.38,2021-05-29,0.021571400999999997,46.46841166860547,0.55,0.96,0.5828571428571431,0.49999999999999994,-0.8660254037844387,0.545240438540651,-0.8382797052177744
TGLX052022,104.87,10.51,0.33,2022-02-17,0.0,46.46841166860547,1.34,0.9733333333333333,0.708571428571429,0.8660254037844386,0.5000000000000001,0.7354170229639855,0.6776147890466889
TGLX052022,104.87,10.51,0.33,2022-03-04,0.0,46.46841166860547,1.0,1.1966666666666665,0.8071428571428576,1.0,6.123233995736766e-17,0.8840675099433636,0.4673592171580022
TGLX052022,104.87,10.51,0.33,2022-03-19,0.0,46.46841166860547,1.15,0.8633333333333333,0.478571428571429,1.0,6.123233995736766e-17,0.9741004551724205,0.22611568550828828
TGLX052022,104.87,10.51,0.33,2022-03-30,0.1,46.46841166860547,0.61,0.15999999999999995,0.0457142857142861,1.0,6.123233995736766e-17,0.9992500112396835,0.03872228089217446
TGLX052022,104.87,10.51,0.33,2022-04-15,0.1,46.46841166860547,0.71,0.21333333333333315,0.17142857142857176,0.8660254037844387,-0.4999999999999998,0.9721181966290613,-0.23449138957040985
TGLX052022,104.87,10.51,0.33,2022-04-26,0.1,46.46841166860547,0.1,-0.013333333333333558,0.25000000000000033,0.8660254037844387,-0.4999999999999998,0.9106046300942162,-0.4132786077829042
TGLX052022,104.87,10.51,0.33,2022-05-16,0.0,46.46841166860547,1.18,0.7866666666666665,0.4785714285714289,0.49999999999999994,-0.8660254037844387,0.717676913675962,-0.6963762255968722
TGLX052022,104.87,10.51,0.33,2022-06-01,0.0,46.46841166860547,1.09,1.223333333333333,0.8842857142857146,1.2246467991473532e-16,-1.0,0.5012418134457758,-0.865307254363206
TGLX052022,104.87,10.51,0.33,2022-06-17,0.0,46.46841166860547,0.77,1.373333333333333,1.0828571428571432,1.2246467991473532e-16,-1.0,0.24702218048093552,-0.9690098257244062
TGLX062016,104.64,10.53,0.33,2016-03-04,0.042528540999999996,66.05444961972766,0.5,0.7549999999999999,0.7714285714285716,1.0,6.123233995736766e-17,0.8919813464595485,0.45207220393230435
TGLX062016,104.64,10.53,0.33,2016-03-17,0.039710167,66.05444961972766,0.23,0.1366666666666667,0.46,1.0,6.123233995736766e-17,0.9700639218515071,0.2428497220959356
TGLX062016,104.64,10.53,0.33,2016-04-02,1.3,66.05444961972766,0.26,0.3433333333333333,0.41571428571428576,0.8660254037844387,-0.4999999999999998,0.9995462806873573,-0.030120304846908114
TGLX062016,104.64,10.53,0.33,2016-04-16,0.1,66.05444961972766,0.18,0.0233333333333333,0.3728571428571429,0.8660254037844387,-0.4999999999999998,0.9634705485641488,-0.2678143051621742
TGLX062016,104.64,10.53,0.33,2016-04-29,0.2,66.05444961972766,-0.08,0.14333333333333334,0.5171428571428571,0.8660254037844387,-0.4999999999999998,0.8800122039735357,-0.47495107206704995
TGLX062016,104.64,10.53,0.33,2016-05-16,0.2,66.05444961972766,0.17,0.049999999999999996,0.26857142857142857,0.49999999999999994,-0.8660254037844387,0.705583610107178,-0.7086266782644596
TGLX062016,104.64,10.53,0.33,2016-06-01,0.3,66.05444961972766,-0.09,0.02999999999999996,0.12,1.2246467991473532e-16,-1.0,0.48627270710868997,-0.8738071036110808
TGLX062016,104.64,10.53,0.33,2016-06-15,0.1,66.05444961972766,0.1,0.02666666666666667,0.17857142857142858,1.2246467991473532e-16,-1.0,0.26366549272800704,-0.9646141756912435
TGLX062017,104.64,10.53,0.33,2017-03-03,0.0,66.05444961972766,0.86,1.0999999999999999,0.9828571428571429,1.0,6.123233995736766e-17,0.8758917051442429,0.48250774176121847
TGLX062017,104.64,10.53,0.33,2017-03-17,0.0,66.05444961972766,0.41000000000000003,0.8566666666666665,0.9357142857142857,1.0,6.123233995736766e-17,0.9657399376548549,0.2595117970697999
TGLX062017,104.64,10.53,0.33,2017-04-03,0.0,66.05444961972766,0.25,0.7999999999999998,0.9571428571428572,0.8660254037844387,-0.4999999999999998,0.9995462806873573,-0.030120304846908114
TGLX062017,104.64,10.53,0.33,2017-04-17,0.0,66.05444961972766,0.29,0.5133333333333332,0.8400000000000001,0.8660254037844387,-0.4999999999999998,0.9634705485641488,-0.2678143051621742
TGLX062017,104.64,10.53,0.33,2017-05-05,0.0,66.05444961972766,0.39,0.31333333333333324,0.6157142857142858,0.49999999999999994,-0.8660254037844387,0.8359254794186372,-0.548842958284719
TGLX062017,104.64,10.53,0.33,2017-05-18,0.0,66.05444961972766,0.31,0.5299999999999998,0.8342857142857144,0.49999999999999994,-0.8660254037844387,0.6932812268869777,-0.7206671495538609
TGLX062017,104.64,10.53,0.33,2017-06-03,0.0,66.05444961972766,0.85,0.8999999999999998,1.0314285714285716,1.2246467991473532e-16,-1.0,0.4711595076738638,-0.8820480249558537
TGLX062017,104.64,10.53,0.33,2017-06-19,0.0,66.05444961972766,0.99,0.8766666666666665,0.8671428571428572,1.2246467991473532e-16,-1.0,0.21352091543979612,-0.9769384927771817
TGLX062019,104.64,10.53,0.33,2019-01-27,0.0712362095,66.05444961972766,0.74,1.223333333333333,1.3414285714285714,0.49999999999999994,0.8660254037844387,0.4482293417404106,0.893918596519257
TGLX062019,104.64,10.53,0.33,2019-02-16,0.0527722465,66.05444961972766,0.58,0.26333333333333303,0.29142857142857154,0.8660254037844386,0.5000000000000001,0.7236440382959124,0.6901733882429719
TGLX062019,104.64,10.53,0.33,2019-02-26,0.0056909475,66.05444961972766,0.09,0.5699999999999997,0.8614285714285715,0.8660254037844386,0.5000000000000001,0.8311706263658079,0.5560174366570446
TGLX062019,104.64,10.53,0.33,2019-03-14,0.02926773,66.05444961972766,0.07,0.2499999999999997,0.5857142857142857,1.0,6.123233995736766e-17,0.9510565162951535,0.30901699437494745
TGLX062019,104.64,10.53,0.33,2019-03-28,0.045383048,66.05444961972766,0.28,0.45999999999999974,0.8585714285714288,1.0,6.123233995736766e-17,0.9973249731081555,0.07309512989807777
TGLX062019,104.64,10.53,0.33,2019-04-11,0.04625024,66.05444961972766,0.33,0.7866666666666665,0.9157142857142858,0.8660254037844387,-0.4999999999999998,0.9859481499638304,-0.16705162550211924
TGLX062019,104.64,10.53,0.33,2019-04-26,0.051399192499999996,66.05444961972766,0.23,0.4933333333333332,0.8485714285714286,0.8660254037844387,-0.4999999999999998,0.9106046300942162,-0.4132786077829042
TGLX062019,104.64,10.53,0.33,2019-05-12,0.0047514895,66.05444961972766,0.18,0.21666666666666648,0.5771428571428573,0.49999999999999994,-0.8660254037844387,0.7638886127905428,-0.6453481132295501
TGLX062019,104.64,10.53,0.33,2019-05-26,0.0033423025,66.05444961972766,0.12,0.26666666666666655,0.6814285714285715,0.49999999999999994,-0.8660254037844387,0.5877852522924732,-0.8090169943749473
TGLX062019,104.64,10.53,0.33,2019-06-11,0.1,66.05444961972766,0.27,0.38333333333333325,0.7357142857142859,1.2246467991473532e-16,-1.0,0.3456123126707335,-0.9383773917408641
TGLX062019,104.64,10.53,0.33,2019-06-24,0.022709590499999998,66.05444961972766,0.28,0.40666666666666657,0.7485714285714286,1.2246467991473532e-16,-1.0,0.12874817745258132,-0.99167731989929
TGLX062019,104.64,10.53,0.33,2019-07-09,0.042817604999999995,66.05444961972766,0.38,0.5866666666666666,0.7671428571428572,-0.4999999999999997,-0.8660254037844388,-0.12874817745258066,-0.99167731989929
TGLX062020,104.64,10.53,0.38,2020-01-11,2.8,66.05444961972766,1.18,0.8099999999999997,0.7571428571428572,0.49999999999999994,0.8660254037844387,0.1882267098432442,0.9821256058680006
TGLX062020,104.64,10.53,0.38,2020-02-13,26.5,66.05444961972766,1.26,1.2999999999999998,0.9242857142857145,0.8660254037844386,0.5000000000000001,0.6870527672236669,0.7266075247685656
TGLX062020,104.64,10.53,0.38,2020-02-27,29.0,66.05444961972766,1.1,1.2433333333333332,0.992857142857143,0.8660254037844386,0.5000000000000001,0.8406184056344782,0.5416278206559814
TGLX062020,104.64,10.53,0.38,2020-03-12,3.1,66.05444961972766,1.03,0.8599999999999998,0.4400000000000001,1.0,6.123233995736766e-17,0.9455963874271426,0.3253420847119801
TGLX062020,104.64,10.53,0.38,2020-03-27,32.0,66.05444961972766,0.73,0.8433333333333332,0.46142857142857163,1.0,6.123233995736766e-17,0.9973249731081555,0.07309512989807777
TGLX062020,104.64,10.53,0.38,2020-05-09,24.1,66.05444961972766,0.85,0.7599999999999998,0.34000000000000014,0.49999999999999994,-0.8660254037844387,0.7856498550787147,-0.6186714032625031
TGLX062020,104.64,10.53,0.38,2020-05-23,25.6,66.05444961972766,0.68,0.5699999999999997,0.14714285714285727,0.49999999999999994,-0.8660254037844387,0.6152845999633276,-0.7883050558305255
TGLX062020,104.64,10.53,0.38,2020-06-08,3.76,66.05444961972766,0.6900000000000001,0.8399999999999999,0.30000000000000016,1.2246467991473532e-16,-1.0,0.3777079652039649,-0.9259247771938498
TGLX062020,104.64,10.53,0.38,2020-06-25,11.7,66.05444961972766,0.2,0.49666666666666653,0.5571428571428573,1.2246467991473532e-16,-1.0,0.09453674981719912,-0.9955213724144752
TGLX062021,104.64,10.53,0.38,2021-01-29,0.1,66.05444961972766,1.13,0.8099999999999999,0.6028571428571431,0.49999999999999994,0.8660254037844387,0.47873384011578846,0.8779600847008882
TGLX062021,104.64,10.53,0.38,2021-03-01,0.1,66.05444961972766,1.17,0.8399999999999999,0.5214285714285716,1.0,6.123233995736766e-17,0.8587639582758029,0.5123714121284237
TGLX062021,104.64,10.53,0.38,2021-03-15,0.4,66.05444961972766,1.25,1.0,0.5185714285714288,1.0,6.123233995736766e-17,0.9562348265919056,0.29260033563334836
TGLX062021,104.64,10.53,0.38,2021-03-29,0.1,66.05444961972766,1.23,0.6433333333333332,0.24428571428571447,1.0,6.123233995736766e-17,0.9984354211555643,0.055916990100603484
TGLX062021,104.64,10.53,0.38,2021-04-14,0.1,66.05444961972766,1.01,1.04,0.5685714285714288,0.8660254037844387,-0.4999999999999998,0.9760105506323683,-0.21772323039653177
TGLX062021,104.64,10.53,0.38,2021-04-28,0.1,66.05444961972766,1.1,0.5133333333333332,0.10857142857142879,0.8660254037844387,-0.4999999999999998,0.895839290734909,-0.4443781781046132
TGLX062021,104.64,10.53,0.38,2021-05-14,0.1,66.05444961972766,0.8,1.0066666666666666,0.7142857142857145,0.49999999999999994,-0.8660254037844387,0.7412220108485958,-0.6712599575675313
TGLX062021,104.64,10.53,0.58,2021-05-29,0.033296559499999996,66.05444961972766,0.81,0.9899999999999999,0.43571428571428594,0.49999999999999994,-0.8660254037844387,0.545240438540651,-0.8382797052177744
TGLX062022,104.64,10.53,0.38,2022-02-17,0.1,66.05444961972766,1.25,0.7666666666666666,0.5800000000000004,0.8660254037844386,0.5000000000000001,0.7354170229639855,0.6776147890466889
TGLX062022,104.64,10.53,0.38,2022-03-04,0.1,66.05444961972766,1.43,0.9833333333333334,0.6271428571428574,1.0,6.123233995736766e-17,0.8840675099433636,0.4673592171580022
TGLX062022,104.64,10.53,0.38,2022-03-19,0.2,66.05444961972766,1.09,0.64,0.3285714285714289,1.0,6.123233995736766e-17,0.9741004551724205,0.22611568550828828
TGLX062022,104.64,10.53,0.38,2022-03-30,0.1,66.05444961972766,0.30000000000000004,0.05666666666666659,0.07714285714285753,1.0,6.123233995736766e-17,0.9992500112396835,0.03872228089217446
TGLX062022,104.64,10.53,0.38,2022-04-15,0.1,66.05444961972766,0.35000000000000003,0.12999999999999978,0.16571428571428606,0.8660254037844387,-0.4999999999999998,0.9721181966290613,-0.23449138957040985
TGLX062022,104.64,10.53,0.38,2022-04-26,0.2,66.05444961972766,0.04,-0.04333333333333356,0.38000000000000034,0.8660254037844387,-0.4999999999999998,0.9106046300942162,-0.4132786077829042
TGLX062022,104.64,10.53,0.38,2022-05-16,0.0,66.05444961972766,1.12,0.5066666666666665,0.3400000000000003,0.49999999999999994,-0.8660254037844387,0.717676913675962,-0.6963762255968722
TGLX062022,104.64,10.53,0.38,2022-06-01,0.1,66.05444961972766,1.21,1.1866666666666665,0.7457142857142861,1.2246467991473532e-16,-1.0,0.5012418134457758,-0.865307254363206
TGLX062022,104.64,10.53,0.38,2022-06-17,0.0,66.05444961972766,1.22,1.413333333333333,0.9628571428571432,1.2246467991473532e-16,-1.0,0.24702218048093552,-0.9690098257244062
TGLX072016,105.09,10.02,0.38,2016-03-04,0.0206138765,86.7488363021842,0.725,0.7749999999999999,0.7114285714285716,1.0,6.123233995736766e-17,0.8919813464595485,0.45207220393230435
TGLX072016,105.09,10.02,0.38,2016-03-17,0.1,86.7488363021842,0.23,0.1366666666666667,0.46,1.0,6.123233995736766e-17,0.9700639218515071,0.2428497220959356
TGLX072016,105.09,10.02,0.38,2016-04-02,0.1,86.7488363021842,0.26,0.3433333333333333,0.41571428571428576,0.8660254037844387,-0.4999999999999998,0.9995462806873573,-0.030120304846908114
TGLX072016,105.09,10.02,0.38,2016-04-16,0.3,86.7488363021842,0.18,0.0233333333333333,0.3728571428571429,0.8660254037844387,-0.4999999999999998,0.9634705485641488,-0.2678143051621742
TGLX072016,105.09,10.02,0.38,2016-04-29,0.4,86.7488363021842,-0.08,0.14333333333333334,0.5171428571428571,0.8660254037844387,-0.4999999999999998,0.8800122039735357,-0.47495107206704995
TGLX072016,105.09,10.02,0.38,2016-05-16,0.3,86.7488363021842,0.17,0.049999999999999996,0.26857142857142857,0.49999999999999994,-0.8660254037844387,0.705583610107178,-0.7086266782644596
TGLX072016,105.09,10.02,0.38,2016-06-01,0.6,86.7488363021842,-0.09,0.02999999999999996,0.12,1.2246467991473532e-16,-1.0,0.48627270710868997,-0.8738071036110808
TGLX072016,105.09,10.02,0.38,2016-06-15,3.9,86.7488363021842,0.1,0.02666666666666667,0.17857142857142858,1.2246467991473532e-16,-1.0,0.26366549272800704,-0.9646141756912435
TGLX072017,105.09,10.02,0.38,2017-03-03,23.8,86.7488363021842,0.86,1.0999999999999999,0.9828571428571429,1.0,6.123233995736766e-17,0.8758917051442429,0.48250774176121847
TGLX072017,105.09,10.02,0.38,2017-03-17,24.4,86.7488363021842,0.41000000000000003,0.8566666666666665,0.9357142857142857,1.0,6.123233995736766e-17,0.9657399376548549,0.2595117970697999
TGLX072017,105.09,10.02,0.38,2017-04-03,23.1,86.7488363021842,0.25,0.7999999999999998,0.9571428571428572,0.8660254037844387,-0.4999999999999998,0.9995462806873573,-0.030120304846908114
TGLX072017,105.09,10.02,0.38,2017-04-17,7.1,86.7488363021842,0.29,0.5133333333333332,0.8400000000000001,0.8660254037844387,-0.4999999999999998,0.9634705485641488,-0.2678143051621742
TGLX072017,105.09,10.02,0.38,2017-05-05,16.0,86.7488363021842,0.39,0.31333333333333324,0.6157142857142858,0.49999999999999994,-0.8660254037844387,0.8359254794186372,-0.548842958284719
TGLX072017,105.09,10.02,0.38,2017-05-18,1.3,86.7488363021842,0.31,0.5299999999999998,0.8342857142857144,0.49999999999999994,-0.8660254037844387,0.6932812268869777,-0.7206671495538609
TGLX072017,105.09,10.02,0.38,2017-06-03,2.9,86.7488363021842,0.85,0.8999999999999998,1.0314285714285716,1.2246467991473532e-16,-1.0,0.4711595076738638,-0.8820480249558537
TGLX072017,105.09,10.02,0.38,2017-06-19,5.5,86.7488363021842,0.99,0.8766666666666665,0.8671428571428572,1.2246467991473532e-16,-1.0,0.21352091543979612,-0.9769384927771817
TGLX072019,105.09,10.02,0.38,2019-01-27,15.4,86.7488363021842,0.74,1.223333333333333,1.3414285714285714,0.49999999999999994,0.8660254037844387,0.4482293417404106,0.893918596519257
TGLX072019,105.09,10.02,0.38,2019-02-16,18.5,86.7488363021842,0.58,0.26333333333333303,0.29142857142857154,0.8660254037844386,0.5000000000000001,0.7236440382959124,0.6901733882429719
TGLX072019,105.09,10.02,0.38,2019-02-26,19.51,86.7488363021842,0.09,0.5699999999999997,0.8614285714285715,0.8660254037844386,0.5000000000000001,0.8311706263658079,0.5560174366570446
TGLX072019,105.09,10.02,0.38,2019-03-14,21.52,86.7488363021842,0.07,0.2499999999999997,0.5857142857142857,1.0,6.123233995736766e-17,0.9510565162951535,0.30901699437494745
TGLX072019,105.09,10.02,0.38,2019-03-28,22.5,86.7488363021842,0.28,0.45999999999999974,0.8585714285714288,1.0,6.123233995736766e-17,0.9973249731081555,0.07309512989807777
TGLX072019,105.09,10.02,0.38,2019-04-11,26.0,86.7488363021842,0.33,0.7866666666666665,0.9157142857142858,0.8660254037844387,-0.4999999999999998,0.9859481499638304,-0.16705162550211924
TGLX072019,105.09,10.02,0.38,2019-04-26,26.4,86.7488363021842,0.23,0.4933333333333332,0.8485714285714286,0.8660254037844387,-0.4999999999999998,0.9106046300942162,-0.4132786077829042
TGLX072019,105.09,10.02,0.38,2019-05-12,25.6,86.7488363021842,0.18,0.21666666666666648,0.5771428571428573,0.49999999999999994,-0.8660254037844387,0.7638886127905428,-0.6453481132295501
TGLX072019,105.09,10.02,0.38,2019-05-26,26.2,86.7488363021842,0.12,0.26666666666666655,0.6814285714285715,0.49999999999999994,-0.8660254037844387,0.5877852522924732,-0.8090169943749473
TGLX072019,105.09,10.02,0.38,2019-06-11,25.0,86.7488363021842,0.27,0.38333333333333325,0.7357142857142859,1.2246467991473532e-16,-1.0,0.3456123126707335,-0.9383773917408641
TGLX072019,105.09,10.02,0.38,2019-06-24,24.3,86.7488363021842,0.28,0.40666666666666657,0.7485714285714286,1.2246467991473532e-16,-1.0,0.12874817745258132,-0.99167731989929
TGLX072019,105.09,10.02,0.38,2019-07-09,2.15,86.7488363021842,0.38,0.5866666666666666,0.7671428571428572,-0.4999999999999997,-0.8660254037844388,-0.12874817745258066,-0.99167731989929
TGLX072020,105.09,10.02,0.58,2020-01-11,0.8,86.7488363021842,1.18,0.8099999999999997,0.7571428571428572,0.49999999999999994,0.8660254037844387,0.1882267098432442,0.9821256058680006
TGLX072020,105.09,10.02,0.58,2020-02-13,1.0,86.7488363021842,1.26,1.2999999999999998,0.9242857142857145,0.8660254037844386,0.5000000000000001,0.6870527672236669,0.7266075247685656
TGLX072020,105.09,10.02,0.58,2020-02-27,0.5,86.7488363021842,1.1,1.2433333333333332,0.992857142857143,0.8660254037844386,0.5000000000000001,0.8406184056344782,0.5416278206559814
TGLX072020,105.09,10.02,0.58,2020-03-12,0.3,86.7488363021842,1.03,0.8599999999999998,0.4400000000000001,1.0,6.123233995736766e-17,0.9455963874271426,0.3253420847119801
TGLX072020,105.09,10.02,0.58,2020-03-27,0.5,86.7488363021842,0.73,0.8433333333333332,0.46142857142857163,1.0,6.123233995736766e-17,0.9973249731081555,0.07309512989807777
TGLX072020,105.09,10.02,0.58,2020-05-09,1.19,86.7488363021842,0.85,0.7599999999999998,0.34000000000000014,0.49999999999999994,-0.8660254037844387,0.7856498550787147,-0.6186714032625031
TGLX072020,105.09,10.02,0.58,2020-05-23,0.8,86.7488363021842,0.68,0.5699999999999997,0.14714285714285727,0.49999999999999994,-0.8660254037844387,0.6152845999633276,-0.7883050558305255
TGLX072020,105.09,10.02,0.58,2020-06-08,0.45,86.7488363021842,0.6900000000000001,0.8399999999999999,0.30000000000000016,1.2246467991473532e-16,-1.0,0.3777079652039649,-0.9259247771938498
TGLX072020,105.09,10.02,0.58,2020-06-25,0.2,86.7488363021842,0.2,0.49666666666666653,0.5571428571428573,1.2246467991473532e-16,-1.0,0.09453674981719912,-0.9955213724144752
TGLX072021,105.09,10.02,0.58,2021-01-29,0.42,86.7488363021842,1.13,0.8099999999999999,0.6028571428571431,0.49999999999999994,0.8660254037844387,0.47873384011578846,0.8779600847008882
TGLX072021,105.09,10.02,0.58,2021-03-01,0.24,86.7488363021842,1.17,0.8399999999999999,0.5214285714285716,1.0,6.123233995736766e-17,0.8587639582758029,0.5123714121284237
TGLX072021,105.09,10.02,0.58,2021-03-15,0.24,86.7488363021842,1.25,1.0,0.5185714285714288,1.0,6.123233995736766e-17,0.9562348265919056,0.29260033563334836
TGLX072021,105.09,10.02,0.58,2021-03-29,0.1,86.7488363021842,1.23,0.6433333333333332,0.24428571428571447,1.0,6.123233995736766e-17,0.9984354211555643,0.055916990100603484
TGLX072021,105.09,10.02,0.58,2021-04-14,0.1,86.7488363021842,1.01,1.04,0.5685714285714288,0.8660254037844387,-0.4999999999999998,0.9760105506323683,-0.21772323039653177
TGLX072021,105.09,10.02,0.58,2021-04-28,0.1,86.7488363021842,1.1,0.5133333333333332,0.10857142857142879,0.8660254037844387,-0.4999999999999998,0.895839290734909,-0.4443781781046132
TGLX072021,105.09,10.02,0.58,2021-05-14,0.1,86.7488363021842,0.8,1.0066666666666666,0.7142857142857145,0.49999999999999994,-0.8660254037844387,0.7412220108485958,-0.6712599575675313
TGLX072021,105.09,10.02,0.57,2021-05-29,0.05266384749999999,86.7488363021842,0.81,0.9899999999999999,0.43571428571428594,0.49999999999999994,-0.8660254037844387,0.545240438540651,-0.8382797052177744
TGLX072022,105.09,10.02,0.58,2022-02-17,0.0,86.7488363021842,1.25,0.7666666666666666,0.5800000000000004,0.8660254037844386,0.5000000000000001,0.7354170229639855,0.6776147890466889
TGLX072022,105.09,10.02,0.58,2022-03-04,0.0,86.7488363021842,1.43,0.9833333333333334,0.6271428571428574,1.0,6.123233995736766e-17,0.8840675099433636,0.4673592171580022
TGLX072022,105.09,10.02,0.58,2022-03-19,0.1,86.7488363021842,1.09,0.64,0.3285714285714289,1.0,6.123233995736766e-17,0.9741004551724205,0.22611568550828828
TGLX072022,105.09,10.02,0.58,2022-03-30,0.1,86.7488363021842,0.30000000000000004,0.05666666666666659,0.07714285714285753,1.0,6.123233995736766e-17,0.9992500112396835,0.03872228089217446
TGLX072022,105.09,10.02,0.58,2022-04-15,0.1,86.7488363021842,0.35000000000000003,0.12999999999999978,0.16571428571428606,0.8660254037844387,-0.4999999999999998,0.9721181966290613,-0.23449138957040985
TGLX072022,105.09,10.02,0.58,2022-04-26,0.1,86.7488363021842,0.04,-0.04333333333333356,0.38000000000000034,0.8660254037844387,-0.4999999999999998,0.9106046300942162,-0.4132786077829042
TGLX072022,105.09,10.02,0.58,2022-05-16,0.0,86.7488363021842,1.12,0.5066666666666665,0.3400000000000003,0.49999999999999994,-0.8660254037844387,0.717676913675962,-0.6963762255968722
TGLX072022,105.09,10.02,0.58,2022-06-01,0.0,86.7488363021842,1.21,1.1866666666666665,0.7457142857142861,1.2246467991473532e-16,-1.0,0.5012418134457758,-0.865307254363206
TGLX072022,105.09,10.02,0.58,2022-06-17,0.0,86.7488363021842,1.22,1.413333333333333,0.9628571428571432,1.2246467991473532e-16,-1.0,0.24702218048093552,-0.9690098257244062
TGLX082016,104.93,10.19,0.58,2016-03-04,5.9,72.65514943307943,0.725,0.7749999999999999,0.7114285714285716,1.0,6.123233995736766e-17,0.8919813464595485,0.45207220393230435
TGLX082016,104.93,10.19,0.58,2016-03-17,9.1,72.65514943307943,0.23,0.1366666666666667,0.46,1.0,6.123233995736766e-17,0.9700639218515071,0.2428497220959356
TGLX082016,104.93,10.19,0.58,2016-04-02,1.8,72.65514943307943,0.26,0.3433333333333333,0.41571428571428576,0.8660254037844387,-0.4999999999999998,0.9995462806873573,-0.030120304846908114
TGLX082016,104.93,10.19,0.58,2016-04-16,1.8,72.65514943307943,0.18,0.0233333333333333,0.3728571428571429,0.8660254037844387,-0.4999999999999998,0.9634705485641488,-0.2678143051621742
TGLX082016,104.93,10.19,0.58,2016-04-29,6.1,72.65514943307943,-0.08,0.14333333333333334,0.5171428571428571,0.8660254037844387,-0.4999999999999998,0.8800122039735357,-0.47495107206704995
TGLX082016,104.93,10.19,0.58,2016-05-16,2.2,72.65514943307943,0.17,0.049999999999999996,0.26857142857142857,0.49999999999999994,-0.8660254037844387,0.705583610107178,-0.7086266782644596
TGLX082016,104.93,10.19,0.58,2016-06-01,0.6,72.65514943307943,-0.09,0.02999999999999996,0.12,1.2246467991473532e-16,-1.0,0.48627270710868997,-0.8738071036110808
TGLX082016,104.93,10.19,0.58,2016-06-15,0.7,72.65514943307943,0.1,0.02666666666666667,0.17857142857142858,1.2246467991473532e-16,-1.0,0.26366549272800704,-0.9646141756912435
TGLX082017,104.93,10.19,0.58,2017-03-03,1.1,72.65514943307943,0.86,1.0999999999999999,0.9828571428571429,1.0,6.123233995736766e-17,0.8758917051442429,0.48250774176121847
TGLX082017,104.93,10.19,0.58,2017-03-17,0.1,72.65514943307943,0.41000000000000003,0.8566666666666665,0.9357142857142857,1.0,6.123233995736766e-17,0.9657399376548549,0.2595117970697999
TGLX082017,104.93,10.19,0.58,2017-04-03,0.1,72.65514943307943,0.25,0.7999999999999998,0.9571428571428572,0.8660254037844387,-0.4999999999999998,0.9995462806873573,-0.030120304846908114
TGLX082017,104.93,10.19,0.58,2017-04-17,0.1,72.65514943307943,0.29,0.5133333333333332,0.8400000000000001,0.8660254037844387,-0.4999999999999998,0.9634705485641488,-0.2678143051621742
TGLX082017,104.93,10.19,0.58,2017-05-05,0.3,72.65514943307943,0.39,0.31333333333333324,0.6157142857142858,0.49999999999999994,-0.8660254037844387,0.8359254794186372,-0.548842958284719
TGLX082017,104.93,10.19,0.58,2017-05-18,0.2,72.65514943307943,0.31,0.5299999999999998,0.8342857142857144,0.49999999999999994,-0.8660254037844387,0.6932812268869777,-0.7206671495538609
TGLX082017,104.93,10.19,0.58,2017-06-03,0.1,72.65514943307943,0.85,0.8999999999999998,1.0314285714285716,1.2246467991473532e-16,-1.0,0.4711595076738638,-0.8820480249558537
TGLX082017,104.93,10.19,0.58,2017-06-19,0.0,72.65514943307943,0.99,0.8766666666666665,0.8671428571428572,1.2246467991473532e-16,-1.0,0.21352091543979612,-0.9769384927771817
TGLX082019,104.93,10.19,0.58,2019-01-27,1.9,72.65514943307943,0.74,1.223333333333333,1.3414285714285714,0.49999999999999994,0.8660254037844387,0.4482293417404106,0.893918596519257
TGLX082019,104.93,10.19,0.58,2019-02-16,0.0062690755,72.65514943307943,0.58,0.26333333333333303,0.29142857142857154,0.8660254037844386,0.5000000000000001,0.7236440382959124,0.6901733882429719
TGLX082019,104.93,10.19,0.58,2019-02-26,0.2,72.65514943307943,0.09,0.5699999999999997,0.8614285714285715,0.8660254037844386,0.5000000000000001,0.8311706263658079,0.5560174366570446
TGLX082019,104.93,10.19,0.58,2019-03-14,0.2,72.65514943307943,0.07,0.2499999999999997,0.5857142857142857,1.0,6.123233995736766e-17,0.9510565162951535,0.30901699437494745
TGLX082019,104.93,10.19,0.58,2019-03-28,0.1,72.65514943307943,0.28,0.45999999999999974,0.8585714285714288,1.0,6.123233995736766e-17,0.9973249731081555,0.07309512989807777
TGLX082019,104.93,10.19,0.58,2019-04-11,0.3,72.65514943307943,0.33,0.7866666666666665,0.9157142857142858,0.8660254037844387,-0.4999999999999998,0.9859481499638304,-0.16705162550211924
TGLX082019,104.93,10.19,0.58,2019-04-26,0.2,72.65514943307943,0.23,0.4933333333333332,0.8485714285714286,0.8660254037844387,-0.4999999999999998,0.9106046300942162,-0.4132786077829042
TGLX082019,104.93,10.19,0.58,2019-05-12,0.3,72.65514943307943,0.18,0.21666666666666648,0.5771428571428573,0.49999999999999994,-0.8660254037844387,0.7638886127905428,-0.6453481132295501
TGLX082019,104.93,10.19,0.58,2019-05-26,0.3,72.65514943307943,0.12,0.26666666666666655,0.6814285714285715,0.49999999999999994,-0.8660254037844387,0.5877852522924732,-0.8090169943749473
TGLX082019,104.93,10.19,0.58,2019-06-11,0.3,72.65514943307943,0.27,0.38333333333333325,0.7357142857142859,1.2246467991473532e-16,-1.0,0.3456123126707335,-0.9383773917408641
TGLX082019,104.93,10.19,0.58,2019-06-24,0.6,72.65514943307943,0.28,0.40666666666666657,0.7485714285714286,1.2246467991473532e-16,-1.0,0.12874817745258132,-0.99167731989929
TGLX082019,104.93,10.19,0.58,2019-07-09,0.4,72.65514943307943,0.38,0.5866666666666666,0.7671428571428572,-0.4999999999999997,-0.8660254037844388,-0.12874817745258066,-0.99167731989929
TGLX082020,104.93,10.19,0.57,2020-01-11,0.042727272499999996,72.65514943307943,1.18,0.8099999999999997,0.7571428571428572,0.49999999999999994,0.8660254037844387,0.1882267098432442,0.9821256058680006
TGLX082020,104.93,10.19,0.57,2020-02-13,0.1,72.65514943307943,1.26,1.2999999999999998,0.9242857142857145,0.8660254037844386,0.5000000000000001,0.6870527672236669,0.7266075247685656
TGLX082020,104.93,10.19,0.57,2020-02-27,0.1,72.65514943307943,1.1,1.2433333333333332,0.992857142857143,0.8660254037844386,0.5000000000000001,0.8406184056344782,0.5416278206559814
TGLX082020,104.93,10.19,0.57,2020-03-12,0.1,72.65514943307943,1.03,0.8599999999999998,0.4400000000000001,1.0,6.123233995736766e-17,0.9455963874271426,0.3253420847119801
TGLX082020,104.93,10.19,0.57,2020-03-27,0.1,72.65514943307943,0.73,0.8433333333333332,0.46142857142857163,1.0,6.123233995736766e-17,0.9973249731081555,0.07309512989807777
TGLX082020,104.93,10.19,0.57,2020-05-09,0.24,72.65514943307943,0.85,0.7599999999999998,0.34000000000000014,0.49999999999999994,-0.8660254037844387,0.7856498550787147,-0.6186714032625031
TGLX082020,104.93,10.19,0.57,2020-05-23,0.3,72.65514943307943,0.68,0.5699999999999997,0.14714285714285727,0.49999999999999994,-0.8660254037844387,0.6152845999633276,-0.7883050558305255
TGLX082020,104.93,10.19,0.57,2020-06-08,0.36,72.65514943307943,0.6900000000000001,0.8399999999999999,0.30000000000000016,1.2246467991473532e-16,-1.0,0.3777079652039649,-0.9259247771938498
TGLX082020,104.93,10.19,0.57,2020-06-25,0.1,72.65514943307943,0.2,0.49666666666666653,0.5571428571428573,1.2246467991473532e-16,-1.0,0.09453674981719912,-0.9955213724144752
TGLX082021,104.93,10.19,0.57,2021-01-29,0.1,72.65514943307943,1.13,0.8099999999999999,0.6028571428571431,0.49999999999999994,0.8660254037844387,0.47873384011578846,0.8779600847008882
TGLX082021,104.93,10.19,0.57,2021-03-01,0.8,72.65514943307943,1.17,0.8399999999999999,0.5214285714285716,1.0,6.123233995736766e-17,0.8587639582758029,0.5123714121284237
TGLX082021,104.93,10.19,0.57,2021-03-15,0.8,72.65514943307943,1.25,1.0,0.5185714285714288,1.0,6.123233995736766e-17,0.9562348265919056,0.29260033563334836
TGLX082021,104.93,10.19,0.57,2021-03-29,0.03853584449999999,72.65514943307943,1.23,0.6433333333333332,0.24428571428571447,1.0,6.123233995736766e-17,0.9984354211555643,0.055916990100603484
TGLX082021,104.93,10.19,0.57,2021-04-14,0.1,72.65514943307943,1.01,1.04,0.5685714285714288,0.8660254037844387,-0.4999999999999998,0.9760105506323683,-0.21772323039653177
TGLX082021,104.93,10.19,0.57,2021-04-28,0.1,72.65514943307943,1.1,0.5133333333333332,0.10857142857142879,0.8660254037844387,-0.4999999999999998,0.895839290734909,-0.4443781781046132
TGLX082021,104.93,10.19,0.57,2021-05-14,0.1,72.65514943307943,0.8,1.0066666666666666,0.7142857142857145,0.49999999999999994,-0.8660254037844387,0.7412220108485958,-0.6712599575675313
TGLX082021,104.93,10.19,0.25,2021-05-29,0.1,72.65514943307943,0.81,0.9899999999999999,0.43571428571428594,0.49999999999999994,-0.8660254037844387,0.545240438540651,-0.8382797052177744
TGLX082022,104.93,10.19,0.57,2022-02-17,0.0,72.65514943307943,1.25,0.7666666666666666,0.5800000000000004,0.8660254037844386,0.5000000000000001,0.7354170229639855,0.6776147890466889
TGLX082022,104.93,10.19,0.57,2022-03-04,0.0,72.65514943307943,1.43,0.9833333333333334,0.6271428571428574,1.0,6.123233995736766e-17,0.8840675099433636,0.4673592171580022
TGLX082022,104.93,10.19,0.57,2022-03-19,0.1,72.65514943307943,1.09,0.64,0.3285714285714289,1.0,6.123233995736766e-17,0.9741004551724205,0.22611568550828828
TGLX082022,104.93,10.19,0.57,2022-03-30,0.1,72.65514943307943,0.30000000000000004,0.05666666666666659,0.07714285714285753,1.0,6.123233995736766e-17,0.9992500112396835,0.03872228089217446
TGLX082022,104.93,10.19,0.57,2022-04-15,0.1,72.65514943307943,0.35000000000000003,0.12999999999999978,0.16571428571428606,0.8660254037844387,-0.4999999999999998,0.9721181966290613,-0.23449138957040985
TGLX082022,104.93,10.19,0.57,2022-04-26,0.1,72.65514943307943,0.04,-0.04333333333333356,0.38000000000000034,0.8660254037844387,-0.4999999999999998,0.9106046300942162,-0.4132786077829042
TGLX082022,104.93,10.19,0.57,2022-05-16,0.1,72.65514943307943,1.12,0.5066666666666665,0.3400000000000003,0.49999999999999994,-0.8660254037844387,0.717676913675962,-0.6963762255968722
TGLX082022,104.93,10.19,0.57,2022-06-01,0.1,72.65514943307943,1.21,1.1866666666666665,0.7457142857142861,1.2246467991473532e-16,-1.0,0.5012418134457758,-0.865307254363206
TGLX082022,104.93,10.19,0.57,2022-06-17,0.1,72.65514943307943,1.22,1.413333333333333,0.9628571428571432,1.2246467991473532e-16,-1.0,0.24702218048093552,-0.9690098257244062
TGLX092016,104.74,10.28,0.57,2016-03-04,0.044479723,74.85658697688464,0.725,0.7749999999999999,0.7114285714285716,1.0,6.123233995736766e-17,0.8919813464595485,0.45207220393230435
TGLX092016,104.74,10.28,0.57,2016-03-17,0.1,74.85658697688464,0.23,0.1366666666666667,0.46,1.0,6.123233995736766e-17,0.9700639218515071,0.2428497220959356
TGLX092016,104.74,10.28,0.57,2016-04-02,0.1,74.85658697688464,0.26,0.3433333333333333,0.41571428571428576,0.8660254037844387,-0.4999999999999998,0.9995462806873573,-0.030120304846908114
TGLX092016,104.74,10.28,0.57,2016-04-16,0.1,74.85658697688464,0.18,0.0233333333333333,0.3728571428571429,0.8660254037844387,-0.4999999999999998,0.9634705485641488,-0.2678143051621742
TGLX092016,104.74,10.28,0.57,2016-04-29,1.0,74.85658697688464,-0.08,0.14333333333333334,0.5171428571428571,0.8660254037844387,-0.4999999999999998,0.8800122039735357,-0.47495107206704995
TGLX092016,104.74,10.28,0.57,2016-05-16,0.8,74.85658697688464,0.17,0.049999999999999996,0.26857142857142857,0.49999999999999994,-0.8660254037844387,0.705583610107178,-0.7086266782644596
TGLX092016,104.74,10.28,0.57,2016-06-01,0.4,74.85658697688464,-0.09,0.02999999999999996,0.12,1.2246467991473532e-16,-1.0,0.48627270710868997,-0.8738071036110808
TGLX092016,104.74,10.28,0.57,2016-06-15,0.2,74.85658697688464,0.1,0.02666666666666667,0.17857142857142858,1.2246467991473532e-16,-1.0,0.26366549272800704,-0.9646141756912435
TGLX092017,104.74,10.28,0.57,2017-03-03,0.0,74.85658697688464,0.86,1.0999999999999999,0.9828571428571429,1.0,6.123233995736766e-17,0.8758917051442429,0.48250774176121847
TGLX092017,104.74,10.28,0.57,2017-03-17,0.0,74.85658697688464,0.41000000000000003,0.8566666666666665,0.9357142857142857,1.0,6.123233995736766e-17,0.9657399376548549,0.2595117970697999
TGLX092017,104.74,10.28,0.57,2017-04-03,0.0,74.85658697688464,0.25,0.7999999999999998,0.9571428571428572,0.8660254037844387,-0.4999999999999998,0.9995462806873573,-0.030120304846908114
TGLX092017,104.74,10.28,0.57,2017-04-17,0.1,74.85658697688464,0.29,0.5133333333333332,0.8400000000000001,0.8660254037844387,-0.4999999999999998,0.9634705485641488,-0.2678143051621742
TGLX092017,104.74,10.28,0.57,2017-05-05,0.1,74.85658697688464,0.39,0.31333333333333324,0.6157142857142858,0.49999999999999994,-0.8660254037844387,0.8359254794186372,-0.548842958284719
TGLX092017,104.74,10.28,0.57,2017-05-18,0.2,74.85658697688464,0.31,0.5299999999999998,0.8342857142857144,0.49999999999999994,-0.8660254037844387,0.6932812268869777,-0.7206671495538609
TGLX092017,104.74,10.28,0.57,2017-06-03,0.1,74.85658697688464,0.85,0.8999999999999998,1.0314285714285716,1.2246467991473532e-16,-1.0,0.4711595076738638,-0.8820480249558537
TGLX092017,104.74,10.28,0.57,2017-06-19,0.0,74.85658697688464,0.99,0.8766666666666665,0.8671428571428572,1.2246467991473532e-16,-1.0,0.21352091543979612,-0.9769384927771817
TGLX092019,104.74,10.28,0.57,2019-01-27,0.03541034,74.85658697688464,0.74,1.223333333333333,1.3414285714285714,0.49999999999999994,0.8660254037844387,0.4482293417404106,0.893918596519257
TGLX092019,104.74,10.28,0.57,2019-02-16,0.0333688255,74.85658697688464,0.58,0.26333333333333303,0.29142857142857154,0.8660254037844386,0.5000000000000001,0.7236440382959124,0.6901733882429719
TGLX092019,104.74,10.28,0.57,2019-02-26,0.0292857965,74.85658697688464,0.09,0.5699999999999997,0.8614285714285715,0.8660254037844386,0.5000000000000001,0.8311706263658079,0.5560174366570446
TGLX092019,104.74,10.28,0.57,2019-03-14,0.02637709,74.85658697688464,0.07,0.2499999999999997,0.5857142857142857,1.0,6.123233995736766e-17,0.9510565162951535,0.30901699437494745
TGLX092019,104.74,10.28,0.57,2019-03-28,0.0383190465,74.85658697688464,0.28,0.45999999999999974,0.8585714285714288,1.0,6.123233995736766e-17,0.9973249731081555,0.07309512989807777
TGLX092019,104.74,10.28,0.57,2019-04-11,0.004715356499999999,74.85658697688464,0.33,0.7866666666666665,0.9157142857142858,0.8660254037844387,-0.4999999999999998,0.9859481499638304,-0.16705162550211924
TGLX092019,104.74,10.28,0.57,2019-04-26,0.0056909475,74.85658697688464,0.23,0.4933333333333332,0.8485714285714286,0.8660254037844387,-0.4999999999999998,0.9106046300942162,-0.4132786077829042
TGLX092019,104.74,10.28,0.57,2019-05-12,0.2,74.85658697688464,0.18,0.21666666666666648,0.5771428571428573,0.49999999999999994,-0.8660254037844387,0.7638886127905428,-0.6453481132295501
TGLX092019,104.74,10.28,0.57,2019-05-26,0.2,74.85658697688464,0.12,0.26666666666666655,0.6814285714285715,0.49999999999999994,-0.8660254037844387,0.5877852522924732,-0.8090169943749473
TGLX092019,104.74,10.28,0.57,2019-06-11,0.1,74.85658697688464,0.27,0.38333333333333325,0.7357142857142859,1.2246467991473532e-16,-1.0,0.3456123126707335,-0.9383773917408641
TGLX092019,104.74,10.28,0.57,2019-06-24,0.1,74.85658697688464,0.28,0.40666666666666657,0.7485714285714286,1.2246467991473532e-16,-1.0,0.12874817745258132,-0.99167731989929
TGLX092019,104.74,10.28,0.57,2019-07-09,0.02926773,74.85658697688464,0.38,0.5866666666666666,0.7671428571428572,-0.4999999999999997,-0.8660254037844388,-0.12874817745258066,-0.99167731989929
TGLX092020,104.74,10.28,0.25,2020-01-11,0.5,74.85658697688464,1.18,0.8099999999999997,0.7571428571428572,0.49999999999999994,0.8660254037844387,0.1882267098432442,0.9821256058680006
TGLX092020,104.74,10.28,0.25,2020-02-13,0.4,74.85658697688464,1.26,1.2999999999999998,0.9242857142857145,0.8660254037844386,0.5000000000000001,0.6870527672236669,0.7266075247685656
TGLX092020,104.74,10.28,0.25,2020-02-27,0.1,74.85658697688464,1.1,1.2433333333333332,0.992857142857143,0.8660254037844386,0.5000000000000001,0.8406184056344782,0.5416278206559814
TGLX092020,104.74,10.28,0.25,2020-03-12,0.1,74.85658697688464,1.03,0.8599999999999998,0.4400000000000001,1.0,6.123233995736766e-17,0.9455963874271426,0.3253420847119801
TGLX092020,104.74,10.28,0.25,2020-03-27,0.1,74.85658697688464,0.73,0.8433333333333332,0.46142857142857163,1.0,6.123233995736766e-17,0.9973249731081555,0.07309512989807777
TGLX092020,104.74,10.28,0.25,2020-05-09,0.44,74.85658697688464,0.85,0.7599999999999998,0.34000000000000014,0.49999999999999994,-0.8660254037844387,0.7856498550787147,-0.6186714032625031
TGLX092020,104.74,10.28,0.25,2020-05-23,0.47,74.85658697688464,0.68,0.5699999999999997,0.14714285714285727,0.49999999999999994,-0.8660254037844387,0.6152845999633276,-0.7883050558305255
TGLX092020,104.74,10.28,0.25,2020-06-08,0.45,74.85658697688464,0.6900000000000001,0.8399999999999999,0.30000000000000016,1.2246467991473532e-16,-1.0,0.3777079652039649,-0.9259247771938498
TGLX092020,104.74,10.28,0.25,2020-06-25,0.2,74.85658697688464,0.2,0.49666666666666653,0.5571428571428573,1.2246467991473532e-16,-1.0,0.09453674981719912,-0.9955213724144752
TGLX092021,104.74,10.28,0.25,2021-01-29,0.13,74.85658697688464,1.13,0.8099999999999999,0.6028571428571431,0.49999999999999994,0.8660254037844387,0.47873384011578846,0.8779600847008882
TGLX092021,104.74,10.28,0.25,2021-03-01,0.14,74.85658697688464,1.17,0.8399999999999999,0.5214285714285716,1.0,6.123233995736766e-17,0.8587639582758029,0.5123714121284237
TGLX092021,104.74,10.28,0.25,2021-03-15,0.8,74.85658697688464,1.25,1.0,0.5185714285714288,1.0,6.123233995736766e-17,0.9562348265919056,0.29260033563334836
TGLX092021,104.74,10.28,0.25,2021-03-29,0.1,74.85658697688464,1.23,0.6433333333333332,0.24428571428571447,1.0,6.123233995736766e-17,0.9984354211555643,0.055916990100603484
TGLX092021,104.74,10.28,0.25,2021-04-14,0.1,74.85658697688464,1.01,1.04,0.5685714285714288,0.8660254037844387,-0.4999999999999998,0.9760105506323683,-0.21772323039653177
TGLX092021,104.74,10.28,0.25,2021-04-28,0.1,74.85658697688464,1.1,0.5133333333333332,0.10857142857142879,0.8660254037844387,-0.4999999999999998,0.895839290734909,-0.4443781781046132
TGLX092021,104.74,10.28,0.25,2021-05-14,0.1,74.85658697688464,0.8,1.0066666666666666,0.7142857142857145,0.49999999999999994,-0.8660254037844387,0.7412220108485958,-0.6712599575675313
TGLX092021,104.74,10.28,0.97,2021-05-29,0.1,74.85658697688464,0.81,0.9899999999999999,0.43571428571428594,0.49999999999999994,-0.8660254037844387,0.545240438540651,-0.8382797052177744
TGLX092022,104.74,10.28,0.25,2022-02-17,0.1,74.85658697688464,1.25,0.7666666666666666,0.5800000000000004,0.8660254037844386,0.5000000000000001,0.7354170229639855,0.6776147890466889
TGLX092022,104.74,10.28,0.25,2022-03-04,0.1,74.85658697688464,1.43,0.9833333333333334,0.6271428571428574,1.0,6.123233995736766e-17,0.8840675099433636,0.4673592171580022
TGLX092022,104.74,10.28,0.25,2022-03-19,0.1,74.85658697688464,1.09,0.64,0.3285714285714289,1.0,6.123233995736766e-17,0.9741004551724205,0.22611568550828828
TGLX092022,104.74,10.28,0.25,2022-03-30,0.1,74.85658697688464,0.30000000000000004,0.05666666666666659,0.07714285714285753,1.0,6.123233995736766e-17,0.9992500112396835,0.03872228089217446
TGLX092022,104.74,10.28,0.25,2022-04-15,0.1,74.85658697688464,0.35000000000000003,0.12999999999999978,0.16571428571428606,0.8660254037844387,-0.4999999999999998,0.9721181966290613,-0.23449138957040985
TGLX092022,104.74,10.28,0.25,2022-04-26,0.1,74.85658697688464,0.04,-0.04333333333333356,0.38000000000000034,0.8660254037844387,-0.4999999999999998,0.9106046300942162,-0.4132786077829042
TGLX092022,104.74,10.28,0.25,2022-05-16,0.1,74.85658697688464,1.12,0.5066666666666665,0.3400000000000003,0.49999999999999994,-0.8660254037844387,0.717676913675962,-0.6963762255968722
TGLX092022,104.74,10.28,0.25,2022-06-01,0.1,74.85658697688464,1.21,1.1866666666666665,0.7457142857142861,1.2246467991473532e-16,-1.0,0.5012418134457758,-0.865307254363206
TGLX092022,104.74,10.28,0.25,2022-06-17,0.1,74.85658697688464,1.22,1.413333333333333,0.9628571428571432,1.2246467991473532e-16,-1.0,0.24702218048093552,-0.9690098257244062
TGLX102016,104.52,10.37,0.25,2016-03-04,2.4,86.33248493022893,0.725,0.7749999999999999,0.7114285714285716,1.0,6.123233995736766e-17,0.8919813464595485,0.45207220393230435
TGLX102016,104.52,10.37,0.25,2016-03-17,1.1,86.33248493022893,0.23,0.1366666666666667,0.46,1.0,6.123233995736766e-17,0.9700639218515071,0.2428497220959356
TGLX102016,104.52,10.37,0.25,2016-04-02,4.6,86.33248493022893,0.26,0.3433333333333333,0.41571428571428576,0.8660254037844387,-0.4999999999999998,0.9995462806873573,-0.030120304846908114
TGLX102016,104.52,10.37,0.25,2016-04-16,0.3,86.33248493022893,0.18,0.0233333333333333,0.3728571428571429,0.8660254037844387,-0.4999999999999998,0.9634705485641488,-0.2678143051621742
TGLX102016,104.52,10.37,0.25,2016-04-29,0.6,86.33248493022893,-0.08,0.14333333333333334,0.5171428571428571,0.8660254037844387,-0.4999999999999998,0.8800122039735357,-0.47495107206704995
TGLX102016,104.52,10.37,0.25,2016-05-16,0.9,86.33248493022893,0.17,0.049999999999999996,0.26857142857142857,0.49999999999999994,-0.8660254037844387,0.705583610107178,-0.7086266782644596
TGLX102016,104.52,10.37,0.25,2016-06-01,0.4,86.33248493022893,-0.09,0.02999999999999996,0.12,1.2246467991473532e-16,-1.0,0.48627270710868997,-0.8738071036110808
TGLX102016,104.52,10.37,0.25,2016-06-15,0.2,86.33248493022893,0.1,0.02666666666666667,0.17857142857142858,1.2246467991473532e-16,-1.0,0.26366549272800704,-0.9646141756912435
TGLX102017,104.52,10.37,0.25,2017-03-03,0.3,86.33248493022893,0.86,1.0999999999999999,0.9828571428571429,1.0,6.123233995736766e-17,0.8758917051442429,0.48250774176121847
TGLX102017,104.52,10.37,0.25,2017-03-17,0.1,86.33248493022893,0.41000000000000003,0.8566666666666665,0.9357142857142857,1.0,6.123233995736766e-17,0.9657399376548549,0.2595117970697999
TGLX102017,104.52,10.37,0.25,2017-04-03,0.3,86.33248493022893,0.25,0.7999999999999998,0.9571428571428572,0.8660254037844387,-0.4999999999999998,0.9995462806873573,-0.030120304846908114
TGLX102017,104.52,10.37,0.25,2017-04-17,0.2,86.33248493022893,0.29,0.5133333333333332,0.8400000000000001,0.8660254037844387,-0.4999999999999998,0.9634705485641488,-0.2678143051621742
TGLX102017,104.52,10.37,0.25,2017-05-05,0.3,86.33248493022893,0.39,0.31333333333333324,0.6157142857142858,0.49999999999999994,-0.8660254037844387,0.8359254794186372,-0.548842958284719
TGLX102017,104.52,10.37,0.25,2017-05-18,0.1,86.33248493022893,0.31,0.5299999999999998,0.8342857142857144,0.49999999999999994,-0.8660254037844387,0.6932812268869777,-0.7206671495538609
TGLX102017,104.52,10.37,0.25,2017-06-03,0.1,86.33248493022893,0.85,0.8999999999999998,1.0314285714285716,1.2246467991473532e-16,-1.0,0.4711595076738638,-0.8820480249558537
TGLX102017,104.52,10.37,0.25,2017-06-19,0.0,86.33248493022893,0.99,0.8766666666666665,0.8671428571428572,1.2246467991473532e-16,-1.0,0.21352091543979612,-0.9769384927771817
TGLX102019,104.52,10.37,0.25,2019-01-27,0.050333269,86.33248493022893,0.74,1.223333333333333,1.3414285714285714,0.49999999999999994,0.8660254037844387,0.4482293417404106,0.893918596519257
TGLX102019,104.52,10.37,0.25,2019-02-16,0.047785892499999996,86.33248493022893,0.58,0.26333333333333303,0.29142857142857154,0.8660254037844386,0.5000000000000001,0.7236440382959124,0.6901733882429719
TGLX102019,104.52,10.37,0.25,2019-02-26,0.0040649625,86.33248493022893,0.09,0.5699999999999997,0.8614285714285715,0.8660254037844386,0.5000000000000001,0.8311706263658079,0.5560174366570446
TGLX102019,104.52,10.37,0.25,2019-03-14,0.1,86.33248493022893,0.07,0.2499999999999997,0.5857142857142857,1.0,6.123233995736766e-17,0.9510565162951535,0.30901699437494745
TGLX102019,104.52,10.37,0.25,2019-03-28,0.1,86.33248493022893,0.28,0.45999999999999974,0.8585714285714288,1.0,6.123233995736766e-17,0.9973249731081555,0.07309512989807777
TGLX102019,104.52,10.37,0.25,2019-04-11,0.2,86.33248493022893,0.33,0.7866666666666665,0.9157142857142858,0.8660254037844387,-0.4999999999999998,0.9859481499638304,-0.16705162550211924
TGLX102019,104.52,10.37,0.25,2019-04-26,0.1,86.33248493022893,0.23,0.4933333333333332,0.8485714285714286,0.8660254037844387,-0.4999999999999998,0.9106046300942162,-0.4132786077829042
TGLX102019,104.52,10.37,0.25,2019-05-12,0.4,86.33248493022893,0.18,0.21666666666666648,0.5771428571428573,0.49999999999999994,-0.8660254037844387,0.7638886127905428,-0.6453481132295501
TGLX102019,104.52,10.37,0.25,2019-05-26,0.7,86.33248493022893,0.12,0.26666666666666655,0.6814285714285715,0.49999999999999994,-0.8660254037844387,0.5877852522924732,-0.8090169943749473
TGLX102019,104.52,10.37,0.25,2019-06-11,0.3,86.33248493022893,0.27,0.38333333333333325,0.7357142857142859,1.2246467991473532e-16,-1.0,0.3456123126707335,-0.9383773917408641
TGLX102019,104.52,10.37,0.25,2019-06-24,0.2,86.33248493022893,0.28,0.40666666666666657,0.7485714285714286,1.2246467991473532e-16,-1.0,0.12874817745258132,-0.99167731989929
TGLX102019,104.52,10.37,0.25,2019-07-09,0.2,86.33248493022893,0.38,0.5866666666666666,0.7671428571428572,-0.4999999999999997,-0.8660254037844388,-0.12874817745258066,-0.99167731989929
TGLX102020,104.52,10.37,0.97,2020-01-11,23.4,86.33248493022893,1.18,0.8099999999999997,0.7571428571428572,0.49999999999999994,0.8660254037844387,0.1882267098432442,0.9821256058680006
TGLX102020,104.52,10.37,0.97,2020-02-13,29.9,86.33248493022893,1.26,1.2999999999999998,0.9242857142857145,0.8660254037844386,0.5000000000000001,0.6870527672236669,0.7266075247685656
TGLX102020,104.52,10.37,0.97,2020-02-27,28.7,86.33248493022893,1.1,1.2433333333333332,0.992857142857143,0.8660254037844386,0.5000000000000001,0.8406184056344782,0.5416278206559814
TGLX102020,104.52,10.37,0.97,2020-03-12,3.8,86.33248493022893,1.03,0.8599999999999998,0.4400000000000001,1.0,6.123233995736766e-17,0.9455963874271426,0.3253420847119801
TGLX102020,104.52,10.37,0.97,2020-03-27,31.8,86.33248493022893,0.73,0.8433333333333332,0.46142857142857163,1.0,6.123233995736766e-17,0.9973249731081555,0.07309512989807777
TGLX102020,104.52,10.37,0.97,2020-05-09,27.3,86.33248493022893,0.85,0.7599999999999998,0.34000000000000014,0.49999999999999994,-0.8660254037844387,0.7856498550787147,-0.6186714032625031
TGLX102020,104.52,10.37,0.97,2020-05-23,23.4,86.33248493022893,0.68,0.5699999999999997,0.14714285714285727,0.49999999999999994,-0.8660254037844387,0.6152845999633276,-0.7883050558305255
TGLX102020,104.52,10.37,0.97,2020-06-08,16.2,86.33248493022893,0.6900000000000001,0.8399999999999999,0.30000000000000016,1.2246467991473532e-16,-1.0,0.3777079652039649,-0.9259247771938498
TGLX102020,104.52,10.37,0.97,2020-06-25,17.9,86.33248493022893,0.2,0.49666666666666653,0.5571428571428573,1.2246467991473532e-16,-1.0,0.09453674981719912,-0.9955213724144752
TGLX102021,104.52,10.37,0.97,2021-01-29,24.2,86.33248493022893,1.13,0.8099999999999999,0.6028571428571431,0.49999999999999994,0.8660254037844387,0.47873384011578846,0.8779600847008882
TGLX102021,104.52,10.37,0.97,2021-03-01,25.7,86.33248493022893,1.17,0.8399999999999999,0.5214285714285716,1.0,6.123233995736766e-17,0.8587639582758029,0.5123714121284237
TGLX102021,104.52,10.37,0.97,2021-03-15,27.7,86.33248493022893,1.25,1.0,0.5185714285714288,1.0,6.123233995736766e-17,0.9562348265919056,0.29260033563334836
TGLX102021,104.52,10.37,0.97,2021-03-29,28.8,86.33248493022893,1.23,0.6433333333333332,0.24428571428571447,1.0,6.123233995736766e-17,0.9984354211555643,0.055916990100603484
TGLX102021,104.52,10.37,0.97,2021-04-14,3.8,86.33248493022893,1.01,1.04,0.5685714285714288,0.8660254037844387,-0.4999999999999998,0.9760105506323683,-0.21772323039653177
TGLX102021,104.52,10.37,0.97,2021-04-28,22.3,86.33248493022893,1.1,0.5133333333333332,0.10857142857142879,0.8660254037844387,-0.4999999999999998,0.895839290734909,-0.4443781781046132
TGLX102021,104.52,10.37,0.97,2021-05-14,25.7,86.33248493022893,0.8,1.0066666666666666,0.7142857142857145,0.49999999999999994,-0.8660254037844387,0.7412220108485958,-0.6712599575675313
TGLX102021,104.52,10.37,0.99,2021-05-29,14.3,86.33248493022893,0.81,0.9899999999999999,0.43571428571428594,0.49999999999999994,-0.8660254037844387,0.545240438540651,-0.8382797052177744
TGLX102022,104.52,10.37,0.97,2022-02-17,2.7,86.33248493022893,1.25,0.7666666666666666,0.5800000000000004,0.8660254037844386,0.5000000000000001,0.7354170229639855,0.6776147890466889
TGLX102022,104.52,10.37,0.97,2022-03-04,25.4,86.33248493022893,1.43,0.9833333333333334,0.6271428571428574,1.0,6.123233995736766e-17,0.8840675099433636,0.4673592171580022
TGLX102022,104.52,10.37,0.97,2022-03-19,25.9,86.33248493022893,1.09,0.64,0.3285714285714289,1.0,6.123233995736766e-17,0.9741004551724205,0.22611568550828828
TGLX102022,104.52,10.37,0.97,2022-03-30,19.2,86.33248493022893,0.30000000000000004,0.05666666666666659,0.07714285714285753,1.0,6.123233995736766e-17,0.9992500112396835,0.03872228089217446
TGLX102022,104.52,10.37,0.97,2022-04-15,15.8,86.33248493022893,0.35000000000000003,0.12999999999999978,0.16571428571428606,0.8660254037844387,-0.4999999999999998,0.9721181966290613,-0.23449138957040985
TGLX102022,104.52,10.37,0.97,2022-04-26,14.9,86.33248493022893,0.04,-0.04333333333333356,0.38000000000000034,0.8660254037844387,-0.4999999999999998,0.9106046300942162,-0.4132786077829042
TGLX102022,104.52,10.37,0.97,2022-05-16,4.5,86.33248493022893,1.12,0.5066666666666665,0.3400000000000003,0.49999999999999994,-0.8660254037844387,0.717676913675962,-0.6963762255968722
TGLX102022,104.52,10.37,0.97,2022-06-01,8.1,86.33248493022893,1.21,1.1866666666666665,0.7457142857142861,1.2246467991473532e-16,-1.0,0.5012418134457758,-0.865307254363206
TGLX102022,104.52,10.37,0.97,2022-06-17,2.6,86.33248493022893,1.22,1.413333333333333,0.9628571428571432,1.2246467991473532e-16,-1.0,0.24702218048093552,-0.9690098257244062
TGLX112016,105.11,10.44,0.97,2016-03-04,28.7,40.22964948936957,0.52,0.7716666666666665,0.6635714285714287,1.0,6.123233995736766e-17,0.8919813464595485,0.45207220393230435
TGLX112016,105.11,10.44,0.97,2016-03-17,3.6,40.22964948936957,0.38,0.13,0.3642857142857143,1.0,6.123233995736766e-17,0.9700639218515071,0.2428497220959356
TGLX112016,105.11,10.44,0.97,2016-04-02,28.0,40.22964948936957,0.35000000000000003,0.2866666666666666,0.38,0.8660254037844387,-0.4999999999999998,0.9995462806873573,-0.030120304846908114
TGLX112016,105.11,10.44,0.97,2016-04-16,27.1,40.22964948936957,0.27,0.09333333333333331,0.26857142857142857,0.8660254037844387,-0.4999999999999998,0.9634705485641488,-0.2678143051621742
TGLX112016,105.11,10.44,0.97,2016-04-29,23.4,40.22964948936957,-0.06,-0.023333333333333334,0.3742857142857143,0.8660254037844387,-0.4999999999999998,0.8800122039735357,-0.47495107206704995
TGLX112016,105.11,10.44,0.97,2016-05-16,11.4,40.22964948936957,0.30000000000000004,0.11333333333333333,0.16428571428571428,0.49999999999999994,-0.8660254037844387,0.705583610107178,-0.7086266782644596
TGLX112016,105.11,10.44,0.97,2016-06-01,3.3,40.22964948936957,0.44,0.0033333333333332993,0.07142857142857142,1.2246467991473532e-16,-1.0,0.48627270710868997,-0.8738071036110808
TGLX112016,105.11,10.44,0.97,2016-06-15,13.3,40.22964948936957,0.24,0.06666666666666667,0.09,1.2246467991473532e-16,-1.0,0.26366549272800704,-0.9646141756912435
TGLX112017,105.11,10.44,0.97,2017-03-03,26.0,40.22964948936957,0.52,1.0099999999999998,1.0,1.0,6.123233995736766e-17,0.8758917051442429,0.48250774176121847
TGLX112017,105.11,10.44,0.97,2017-03-17,25.5,40.22964948936957,0.25,0.6466666666666665,0.87,1.0,6.123233995736766e-17,0.9657399376548549,0.2595117970697999
TGLX112017,105.11,10.44,0.97,2017-04-03,23.6,40.22964948936957,0.37,0.5266666666666665,0.8700000000000001,0.8660254037844387,-0.4999999999999998,0.9995462806873573,-0.030120304846908114
TGLX112017,105.11,10.44,0.97,2017-04-17,14.9,40.22964948936957,0.29,0.3466666666666665,0.722857142857143,0.8660254037844387,-0.4999999999999998,0.9634705485641488,-0.2678143051621742
TGLX112017,105.11,10.44,0.97,2017-05-05,22.2,40.22964948936957,0.45,0.34999999999999987,0.5185714285714286,0.49999999999999994,-0.8660254037844387,0.8359254794186372,-0.548842958284719
TGLX112017,105.11,10.44,0.97,2017-05-18,13.0,40.22964948936957,0.26,0.39333333333333315,0.7157142857142856,0.49999999999999994,-0.8660254037844387,0.6932812268869777,-0.7206671495538609
TGLX112017,105.11,10.44,0.97,2017-06-03,8.1,40.22964948936957,0.79,0.9199999999999998,0.9628571428571429,1.2246467991473532e-16,-1.0,0.4711595076738638,-0.8820480249558537
TGLX112017,105.11,10.44,0.97,2017-06-19,11.5,40.22964948936957,1.04,0.9333333333333331,0.8614285714285714,1.2246467991473532e-16,-1.0,0.21352091543979612,-0.9769384927771817
TGLX112019,105.11,10.44,0.97,2019-01-27,16.8,40.22964948936957,0.62,0.9899999999999997,1.2614285714285713,0.49999999999999994,0.8660254037844387,0.4482293417404106,0.893918596519257
TGLX112019,105.11,10.44,0.97,2019-02-16,21.2,40.22964948936957,0.62,0.41999999999999965,0.28000000000000014,0.8660254037844386,0.5000000000000001,0.7236440382959124,0.6901733882429719
TGLX112019,105.11,10.44,0.97,2019-02-26,21.5,40.22964948936957,0.14,0.313333333333333,0.7285714285714288,0.8660254037844386,0.5000000000000001,0.8311706263658079,0.5560174366570446
TGLX112019,105.11,10.44,0.97,2019-03-14,23.8,40.22964948936957,0.15,0.14666666666666636,0.4571428571428573,1.0,6.123233995736766e-17,0.9510565162951535,0.30901699437494745
TGLX112019,105.11,10.44,0.97,2019-03-28,25.4,40.22964948936957,0.42,0.3099999999999998,0.7257142857142858,1.0,6.123233995736766e-17,0.9973249731081555,0.07309512989807777
TGLX112019,105.11,10.44,0.97,2019-04-11,27.3,40.22964948936957,-0.03,0.5666666666666665,0.8257142857142858,0.8660254037844387,-0.4999999999999998,0.9859481499638304,-0.16705162550211924
TGLX112019,105.11,10.44,0.97,2019-04-26,26.5,40.22964948936957,0.25,0.29333333333333317,0.7314285714285715,0.8660254037844387,-0.4999999999999998,0.9106046300942162,-0.4132786077829042
TGLX112019,105.11,10.44,0.97,2019-05-12,26.4,40.22964948936957,0.29,0.09333333333333316,0.46714285714285725,0.49999999999999994,-0.8660254037844387,0.7638886127905428,-0.6453481132295501
TGLX112019,105.11,10.44,0.97,2019-05-26,28.0,40.22964948936957,0.17,0.14999999999999986,0.5285714285714287,0.49999999999999994,-0.8660254037844387,0.5877852522924732,-0.8090169943749473
TGLX112019,105.11,10.44,0.97,2019-06-11,26.5,40.22964948936957,0.4,0.2833333333333332,0.6200000000000001,1.2246467991473532e-16,-1.0,0.3456123126707335,-0.9383773917408641
TGLX112019,105.11,10.44,0.97,2019-06-24,26.0,40.22964948936957,0.31,0.3066666666666666,0.6285714285714288,1.2246467991473532e-16,-1.0,0.12874817745258132,-0.99167731989929
TGLX112019,105.11,10.44,0.97,2019-07-09,21.6,40.22964948936957,0.43,0.4499999999999999,0.6942857142857145,-0.4999999999999997,-0.8660254037844388,-0.12874817745258066,-0.99167731989929
TGLX112020,105.11,10.44,0.99,2020-01-11,0.0058716125,40.22964948936957,1.32,0.973333333333333,0.8257142857142858,0.49999999999999994,0.8660254037844387,0.1882267098432442,0.9821256058680006
TGLX112020,105.11,10.44,0.99,2020-02-13,0.048671151,40.22964948936957,0.93,1.333333333333333,1.06,0.8660254037844386,0.5000000000000001,0.6870527672236669,0.7266075247685656
TGLX112020,105.11,10.44,0.99,2020-02-27,0.1,40.22964948936957,0.81,1.1899999999999997,1.0885714285714287,0.8660254037844386,0.5000000000000001,0.8406184056344782,0.5416278206559814
TGLX112020,105.11,10.44,0.99,2020-03-12,0.1,40.22964948936957,0.9,0.9999999999999999,0.5900000000000001,1.0,6.123233995736766e-17,0.9455963874271426,0.3253420847119801
TGLX112020,105.11,10.44,0.99,2020-03-27,0.1,40.22964948936957,0.53,0.7999999999999998,0.5514285714285716,1.0,6.123233995736766e-17,0.9973249731081555,0.07309512989807777
TGLX112020,105.11,10.44,0.99,2020-05-09,0.32,40.22964948936957,0.7000000000000001,0.9066666666666664,0.4657142857142858,0.49999999999999994,-0.8660254037844387,0.7856498550787147,-0.6186714032625031
TGLX112020,105.11,10.44,0.99,2020-05-23,0.2,40.22964948936957,0.62,0.6833333333333331,0.2842857142857144,0.49999999999999994,-0.8660254037844387,0.6152845999633276,-0.7883050558305255
TGLX112020,105.11,10.44,0.99,2020-06-08,0.1,40.22964948936957,0.36,0.8199999999999998,0.44857142857142873,1.2246467991473532e-16,-1.0,0.3777079652039649,-0.9259247771938498
TGLX112020,105.11,10.44,0.99,2020-06-25,0.1,40.22964948936957,-0.15,0.31333333333333313,0.5557142857142858,1.2246467991473532e-16,-1.0,0.09453674981719912,-0.9955213724144752
TGLX112021,105.11,10.44,0.99,2021-01-29,0.14,40.22964948936957,1.32,0.9366666666666665,0.7028571428571431,0.49999999999999994,0.8660254037844387,0.47873384011578846,0.8779600847008882
TGLX112021,105.11,10.44,0.99,2021-03-01,0.12,40.22964948936957,1.16,1.0266666666666666,0.6585714285714287,1.0,6.123233995736766e-17,0.8587639582758029,0.5123714121284237
TGLX112021,105.11,10.44,0.99,2021-03-15,0.1,40.22964948936957,1.16,1.17,0.7014285714285717,1.0,6.123233995736766e-17,0.9562348265919056,0.29260033563334836
TGLX112021,105.11,10.44,0.99,2021-03-29,0.025907361,40.22964948936957,1.18,0.9099999999999998,0.4485714285714288,1.0,6.123233995736766e-17,0.9984354211555643,0.055916990100603484
TGLX112021,105.11,10.44,0.99,2021-04-14,0.0480388235,40.22964948936957,0.86,1.0633333333333335,0.7285714285714288,0.8660254037844387,-0.4999999999999998,0.9760105506323683,-0.21772323039653177
TGLX112021,105.11,10.44,0.99,2021-04-28,0.1,40.22964948936957,1.05,0.8233333333333333,0.3028571428571431,0.8660254037844387,-0.4999999999999998,0.895839290734909,-0.4443781781046132
TGLX112021,105.11,10.44,0.99,2021-05-14,0.1,40.22964948936957,0.5700000000000001,0.9233333333333332,0.8100000000000003,0.49999999999999994,-0.8660254037844387,0.7412220108485958,-0.6712599575675313
TGLX112021,105.11,10.44,0.8,2021-05-29,0.1,40.22964948936957,0.55,0.96,0.5828571428571431,0.49999999999999994,-0.8660254037844387,0.545240438540651,-0.8382797052177744
TGLX112022,105.26,10.26,0.99,2022-02-17,0.0,60.11292910575733,1.25,0.7666666666666666,0.5800000000000004,0.8660254037844386,0.5000000000000001,0.7354170229639855,0.6776147890466889
TGLX112022,105.26,10.26,0.99,2022-03-04,0.0,60.11292910575733,1.43,0.9833333333333334,0.6271428571428574,1.0,6.123233995736766e-17,0.8840675099433636,0.4673592171580022
TGLX112022,105.26,10.26,0.99,2022-03-19,0.1,60.11292910575733,1.09,0.64,0.3285714285714289,1.0,6.123233995736766e-17,0.9741004551724205,0.22611568550828828
TGLX112022,105.26,10.26,0.99,2022-03-30,0.1,60.11292910575733,0.30000000000000004,0.05666666666666659,0.07714285714285753,1.0,6.123233995736766e-17,0.9992500112396835,0.03872228089217446
TGLX112022,105.26,10.26,0.99,2022-04-15,0.1,60.11292910575733,0.35000000000000003,0.12999999999999978,0.16571428571428606,0.8660254037844387,-0.4999999999999998,0.9721181966290613,-0.23449138957040985
TGLX112022,105.26,10.26,0.99,2022-04-26,0.1,60.11292910575733,0.04,-0.04333333333333356,0.38000000000000034,0.8660254037844387,-0.4999999999999998,0.9106046300942162,-0.4132786077829042
TGLX112022,105.26,10.26,0.99,2022-05-16,0.0,60.11292910575733,1.12,0.5066666666666665,0.3400000000000003,0.49999999999999994,-0.8660254037844387,0.717676913675962,-0.6963762255968722
TGLX112022,105.26,10.26,0.99,2022-06-01,0.1,60.11292910575733,1.21,1.1866666666666665,0.7457142857142861,1.2246467991473532e-16,-1.0,0.5012418134457758,-0.865307254363206
TGLX112022,105.26,10.26,0.99,2022-06-17,0.0,60.11292910575733,1.22,1.413333333333333,0.9628571428571432,1.2246467991473532e-16,-1.0,0.24702218048093552,-0.9690098257244062
TGLX122017,105.11,10.44,0.97,2017-03-03,0.0,40.22964948936957,0.52,1.0099999999999998,1.0,1.0,6.123233995736766e-17,0.8758917051442429,0.48250774176121847
TGLX122017,105.11,10.44,0.97,2017-03-17,0.0,40.22964948936957,0.25,0.6466666666666665,0.87,1.0,6.123233995736766e-17,0.9657399376548549,0.2595117970697999
TGLX122017,105.11,10.44,0.97,2017-04-03,0.0,40.22964948936957,0.37,0.5266666666666665,0.8700000000000001,0.8660254037844387,-0.4999999999999998,0.9995462806873573,-0.030120304846908114
TGLX122017,105.11,10.44,0.97,2017-04-17,0.0,40.22964948936957,0.29,0.3466666666666665,0.722857142857143,0.8660254037844387,-0.4999999999999998,0.9634705485641488,-0.2678143051621742
TGLX122017,105.11,10.44,0.97,2017-05-05,0.0,40.22964948936957,0.45,0.34999999999999987,0.5185714285714286,0.49999999999999994,-0.8660254037844387,0.8359254794186372,-0.548842958284719
TGLX122017,105.11,10.44,0.97,2017-05-18,0.0,40.22964948936957,0.26,0.39333333333333315,0.7157142857142856,0.49999999999999994,-0.8660254037844387,0.6932812268869777,-0.7206671495538609
TGLX122017,105.11,10.44,0.97,2017-06-03,0.0,40.22964948936957,0.79,0.9199999999999998,0.9628571428571429,1.2246467991473532e-16,-1.0,0.4711595076738638,-0.8820480249558537
TGLX122017,105.11,10.44,0.97,2017-06-19,0.0,40.22964948936957,1.04,0.9333333333333331,0.8614285714285714,1.2246467991473532e-16,-1.0,0.21352091543979612,-0.9769384927771817
TGLX122019,105.11,10.44,0.97,2019-01-27,0.0051489525,40.22964948936957,0.62,0.9899999999999997,1.2614285714285713,0.49999999999999994,0.8660254037844387,0.4482293417404106,0.893918596519257
TGLX122019,105.11,10.44,0.97,2019-02-16,0.05130886,40.22964948936957,0.62,0.41999999999999965,0.28000000000000014,0.8660254037844386,0.5000000000000001,0.7236440382959124,0.6901733882429719
TGLX122019,105.11,10.44,0.97,2019-02-26,0.1,40.22964948936957,0.14,0.313333333333333,0.7285714285714288,0.8660254037844386,0.5000000000000001,0.8311706263658079,0.5560174366570446
TGLX122019,105.11,10.44,0.97,2019-03-14,0.2,40.22964948936957,0.15,0.14666666666666636,0.4571428571428573,1.0,6.123233995736766e-17,0.9510565162951535,0.30901699437494745
TGLX122019,105.11,10.44,0.97,2019-03-28,0.1,40.22964948936957,0.42,0.3099999999999998,0.7257142857142858,1.0,6.123233995736766e-17,0.9973249731081555,0.07309512989807777
TGLX122019,105.11,10.44,0.97,2019-04-11,0.1,40.22964948936957,-0.03,0.5666666666666665,0.8257142857142858,0.8660254037844387,-0.4999999999999998,0.9859481499638304,-0.16705162550211924
TGLX122019,105.11,10.44,0.97,2019-04-26,0.0680926385,40.22964948936957,0.25,0.29333333333333317,0.7314285714285715,0.8660254037844387,-0.4999999999999998,0.9106046300942162,-0.4132786077829042
TGLX122019,105.11,10.44,0.97,2019-05-12,0.051489524999999994,40.22964948936957,0.29,0.09333333333333316,0.46714285714285725,0.49999999999999994,-0.8660254037844387,0.7638886127905428,-0.6453481132295501
TGLX122019,105.11,10.44,0.97,2019-05-26,0.027677878,40.22964948936957,0.17,0.14999999999999986,0.5285714285714287,0.49999999999999994,-0.8660254037844387,0.5877852522924732,-0.8090169943749473
TGLX122019,105.11,10.44,0.97,2019-06-11,0.0275152795,40.22964948936957,0.4,0.2833333333333332,0.6200000000000001,1.2246467991473532e-16,-1.0,0.3456123126707335,-0.9383773917408641
TGLX122019,105.11,10.44,0.97,2019-06-24,0.0022221795,40.22964948936957,0.31,0.3066666666666666,0.6285714285714288,1.2246467991473532e-16,-1.0,0.12874817745258132,-0.99167731989929
TGLX122019,105.11,10.44,0.97,2019-07-09,0.0274791465,40.22964948936957,0.43,0.4499999999999999,0.6942857142857145,-0.4999999999999997,-0.8660254037844388,-0.12874817745258066,-0.99167731989929
TGLX122020,104.86,10.36,1.24,2020-01-11,0.0074433979999999995,59.75559587542813,1.18,0.8099999999999997,0.7571428571428572,0.49999999999999994,0.8660254037844387,0.1882267098432442,0.9821256058680006
TGLX122020,104.86,10.36,1.24,2020-02-13,0.0539646355,59.75559587542813,1.26,1.2999999999999998,0.9242857142857145,0.8660254037844386,0.5000000000000001,0.6870527672236669,0.7266075247685656
TGLX122020,104.86,10.36,1.24,2020-02-27,0.1,59.75559587542813,1.1,1.2433333333333332,0.992857142857143,0.8660254037844386,0.5000000000000001,0.8406184056344782,0.5416278206559814
TGLX122020,104.86,10.36,1.24,2020-03-12,0.1,59.75559587542813,1.03,0.8599999999999998,0.4400000000000001,1.0,6.123233995736766e-17,0.9455963874271426,0.3253420847119801
TGLX122020,104.86,10.36,1.24,2020-03-27,0.1,59.75559587542813,0.73,0.8433333333333332,0.46142857142857163,1.0,6.123233995736766e-17,0.9973249731081555,0.07309512989807777
TGLX122020,104.86,10.36,1.24,2020-05-09,0.19,59.75559587542813,0.85,0.7599999999999998,0.34000000000000014,0.49999999999999994,-0.8660254037844387,0.7856498550787147,-0.6186714032625031
TGLX122020,104.86,10.36,1.24,2020-05-23,0.2,59.75559587542813,0.68,0.5699999999999997,0.14714285714285727,0.49999999999999994,-0.8660254037844387,0.6152845999633276,-0.7883050558305255
TGLX122020,104.86,10.36,1.24,2020-06-08,0.1,59.75559587542813,0.6900000000000001,0.8399999999999999,0.30000000000000016,1.2246467991473532e-16,-1.0,0.3777079652039649,-0.9259247771938498
TGLX122020,104.86,10.36,1.94,2020-06-25,0.1,59.75559587542813,0.2,0.49666666666666653,0.5571428571428573,1.2246467991473532e-16,-1.0,0.09453674981719912,-0.9955213724144752
TGLX122021,104.86,10.36,0.68,2021-01-29,0.11,59.75559587542813,1.13,0.8099999999999999,0.6028571428571431,0.49999999999999994,0.8660254037844387,0.47873384011578846,0.8779600847008882
TGLX122021,104.86,10.36,0.38,2021-03-01,0.12,59.75559587542813,1.17,0.8399999999999999,0.5214285714285716,1.0,6.123233995736766e-17,0.8587639582758029,0.5123714121284237
TGLX122021,104.86,10.36,0.36,2021-03-15,0.8,59.75559587542813,1.25,1.0,0.5185714285714288,1.0,6.123233995736766e-17,0.9562348265919056,0.29260033563334836
TGLX122021,104.86,10.36,0.63,2021-03-29,0.043648664,59.75559587542813,1.23,0.6433333333333332,0.24428571428571447,1.0,6.123233995736766e-17,0.9984354211555643,0.055916990100603484
TGLX122021,104.86,10.36,0.91,2021-04-14,0.1,59.75559587542813,1.01,1.04,0.5685714285714288,0.8660254037844387,-0.4999999999999998,0.9760105506323683,-0.21772323039653177
TGLX122021,104.86,10.36,0.91,2021-04-28,0.1,59.75559587542813,1.1,0.5133333333333332,0.10857142857142879,0.8660254037844387,-0.4999999999999998,0.895839290734909,-0.4443781781046132
TGLX122021,104.86,10.36,0.91,2021-05-14,0.1,59.75559587542813,0.8,1.0066666666666666,0.7142857142857145,0.49999999999999994,-0.8660254037844387,0.7412220108485958,-0.6712599575675313
TGLX122021,104.86,10.36,0.91,2021-05-29,0.029394195499999998,59.75559587542813,0.81,0.9899999999999999,0.43571428571428594,0.49999999999999994,-0.8660254037844387,0.545240438540651,-0.8382797052177744
TGLX122022,104.86,10.36,1.42,2022-02-17,0.0,59.75559587542813,1.25,0.7666666666666666,0.5800000000000004,0.8660254037844386,0.5000000000000001,0.7354170229639855,0.6776147890466889
TGLX122022,104.86,10.36,1.42,2022-03-04,0.1,59.75559587542813,1.43,0.9833333333333334,0.6271428571428574,1.0,6.123233995736766e-17,0.8840675099433636,0.4673592171580022
TGLX122022,104.86,10.36,1.42,2022-03-19,0.1,59.75559587542813,1.09,0.64,0.3285714285714289,1.0,6.123233995736766e-17,0.9741004551724205,0.22611568550828828
TGLX122022,104.86,10.36,1.42,2022-03-30,0.1,59.75559587542813,0.30000000000000004,0.05666666666666659,0.07714285714285753,1.0,6.123233995736766e-17,0.9992500112396835,0.03872228089217446
TGLX122022,104.86,10.36,1.42,2022-04-15,0.1,59.75559587542813,0.35000000000000003,0.12999999999999978,0.16571428571428606,0.8660254037844387,-0.4999999999999998,0.9721181966290613,-0.23449138957040985
TGLX122022,104.86,10.36,1.42,2022-04-26,0.0,59.75559587542813,0.04,-0.04333333333333356,0.38000000000000034,0.8660254037844387,-0.4999999999999998,0.9106046300942162,-0.4132786077829042
TGLX122022,104.86,10.36,1.42,2022-05-16,0.1,59.75559587542813,1.12,0.5066666666666665,0.3400000000000003,0.49999999999999994,-0.8660254037844387,0.717676913675962,-0.6963762255968722
TGLX122022,104.86,10.36,1.42,2022-06-01,0.1,59.75559587542813,1.21,1.1866666666666665,0.7457142857142861,1.2246467991473532e-16,-1.0,0.5012418134457758,-0.865307254363206
TGLX122022,104.86,10.36,1.42,2022-06-17,0.0,59.75559587542813,1.22,1.413333333333333,0.9628571428571432,1.2246467991473532e-16,-1.0,0.24702218048093552,-0.9690098257244062
TGLX132017,105.02,10.32,1.29,2017-03-03,0.0,55.6725429705588,0.52,1.0099999999999998,1.0,1.0,6.123233995736766e-17,0.8758917051442429,0.48250774176121847
TGLX132017,105.02,10.32,1.29,2017-03-17,0.0,55.6725429705588,0.25,0.6466666666666665,0.87,1.0,6.123233995736766e-17,0.9657399376548549,0.2595117970697999
TGLX132017,105.02,10.32,1.29,2017-04-03,0.1,55.6725429705588,0.37,0.5266666666666665,0.8700000000000001,0.8660254037844387,-0.4999999999999998,0.9995462806873573,-0.030120304846908114
TGLX132017,105.02,10.32,1.29,2017-04-17,0.0,55.6725429705588,0.29,0.3466666666666665,0.722857142857143,0.8660254037844387,-0.4999999999999998,0.9634705485641488,-0.2678143051621742
TGLX132017,105.02,10.32,1.29,2017-05-05,0.1,55.6725429705588,0.45,0.34999999999999987,0.5185714285714286,0.49999999999999994,-0.8660254037844387,0.8359254794186372,-0.548842958284719
TGLX132017,105.02,10.32,1.29,2017-05-18,0.2,55.6725429705588,0.26,0.39333333333333315,0.7157142857142856,0.49999999999999994,-0.8660254037844387,0.6932812268869777,-0.7206671495538609
TGLX132017,105.02,10.32,1.29,2017-06-03,0.1,55.6725429705588,0.79,0.9199999999999998,0.9628571428571429,1.2246467991473532e-16,-1.0,0.4711595076738638,-0.8820480249558537
TGLX132017,105.02,10.32,1.29,2017-06-19,0.0,55.6725429705588,1.04,0.9333333333333331,0.8614285714285714,1.2246467991473532e-16,-1.0,0.21352091543979612,-0.9769384927771817
TGLX132019,105.02,10.32,1.29,2019-01-27,0.0429440705,55.6725429705588,0.62,0.9899999999999997,1.2614285714285713,0.49999999999999994,0.8660254037844387,0.4482293417404106,0.893918596519257
TGLX132019,105.02,10.32,1.29,2019-02-16,0.0051489525,55.6725429705588,0.62,0.41999999999999965,0.28000000000000014,0.8660254037844386,0.5000000000000001,0.7236440382959124,0.6901733882429719
TGLX132019,105.02,10.32,1.29,2019-02-26,0.028653468999999997,55.6725429705588,0.14,0.313333333333333,0.7285714285714288,0.8660254037844386,0.5000000000000001,0.8311706263658079,0.5560174366570446
TGLX132019,105.02,10.32,1.29,2019-03-14,0.0256724965,55.6725429705588,0.15,0.14666666666666636,0.4571428571428573,1.0,6.123233995736766e-17,0.9510565162951535,0.30901699437494745
TGLX132019,105.02,10.32,1.29,2019-03-28,0.004534691499999999,55.6725429705588,0.42,0.3099999999999998,0.7257142857142858,1.0,6.123233995736766e-17,0.9973249731081555,0.07309512989807777
TGLX132019,105.02,10.32,1.29,2019-04-11,0.0455456465,55.6725429705588,-0.03,0.5666666666666665,0.8257142857142858,0.8660254037844387,-0.4999999999999998,0.9859481499638304,-0.16705162550211924
TGLX132019,105.02,10.32,1.29,2019-04-26,0.1,55.6725429705588,0.25,0.29333333333333317,0.7314285714285715,0.8660254037844387,-0.4999999999999998,0.9106046300942162,-0.4132786077829042
TGLX132019,105.02,10.32,1.29,2019-05-12,0.1,55.6725429705588,0.29,0.09333333333333316,0.46714285714285725,0.49999999999999994,-0.8660254037844387,0.7638886127905428,-0.6453481132295501
TGLX132019,105.02,10.32,1.29,2019-05-26,0.3,55.6725429705588,0.17,0.14999999999999986,0.5285714285714287,0.49999999999999994,-0.8660254037844387,0.5877852522924732,-0.8090169943749473
TGLX132019,105.02,10.32,1.29,2019-06-11,0.2,55.6725429705588,0.4,0.2833333333333332,0.6200000000000001,1.2246467991473532e-16,-1.0,0.3456123126707335,-0.9383773917408641
TGLX132019,105.02,10.32,1.29,2019-06-24,0.1,55.6725429705588,0.31,0.3066666666666666,0.6285714285714288,1.2246467991473532e-16,-1.0,0.12874817745258132,-0.99167731989929
TGLX132019,105.02,10.32,1.29,2019-07-09,0.003830098,55.6725429705588,0.43,0.4499999999999999,0.6942857142857145,-0.4999999999999997,-0.8660254037844388,-0.12874817745258066,-0.99167731989929
TGLX132021,105.18,10.07,0.91,2021-04-14,0.2,80.61639598788291,1.01,1.04,0.5685714285714288,0.8660254037844387,-0.4999999999999998,0.9760105506323683,-0.21772323039653177
TGLX132022,105.41,10.37,1.53,2022-02-17,0.0,53.477364503436206,1.34,0.9733333333333333,0.708571428571429,0.8660254037844386,0.5000000000000001,0.7354170229639855,0.6776147890466889
TGLX132022,105.41,10.37,1.53,2022-03-04,0.0,53.477364503436206,1.0,1.1966666666666665,0.8071428571428576,1.0,6.123233995736766e-17,0.8840675099433636,0.4673592171580022
TGLX132022,105.41,10.37,1.53,2022-03-19,0.0,53.477364503436206,1.15,0.8633333333333333,0.478571428571429,1.0,6.123233995736766e-17,0.9741004551724205,0.22611568550828828
TGLX132022,105.41,10.37,1.53,2022-03-30,0.1,53.477364503436206,0.61,0.15999999999999995,0.0457142857142861,1.0,6.123233995736766e-17,0.9992500112396835,0.03872228089217446
TGLX132022,105.41,10.37,1.53,2022-04-15,0.1,53.477364503436206,0.71,0.21333333333333315,0.17142857142857176,0.8660254037844387,-0.4999999999999998,0.9721181966290613,-0.23449138957040985
TGLX132022,105.41,10.37,1.53,2022-04-26,0.1,53.477364503436206,0.1,-0.013333333333333558,0.25000000000000033,0.8660254037844387,-0.4999999999999998,0.9106046300942162,-0.4132786077829042
TGLX132022,105.41,10.37,1.53,2022-05-16,0.0,53.477364503436206,1.18,0.7866666666666665,0.4785714285714289,0.49999999999999994,-0.8660254037844387,0.717676913675962,-0.6963762255968722
TGLX132022,105.41,10.37,1.53,2022-06-01,0.0,53.477364503436206,1.09,1.223333333333333,0.8842857142857146,1.2246467991473532e-16,-1.0,0.5012418134457758,-0.865307254363206
TGLX132022,105.41,10.37,1.53,2022-06-17,0.0,53.477364503436206,0.77,1.373333333333333,1.0828571428571432,1.2246467991473532e-16,-1.0,0.24702218048093552,-0.9690098257244062
TGLX142017,104.86,10.36,0.99,2017-03-03,0.0,59.75559587542813,0.86,1.0999999999999999,0.9828571428571429,1.0,6.123233995736766e-17,0.8758917051442429,0.48250774176121847
TGLX142017,104.86,10.36,0.99,2017-03-17,0.0,59.75559587542813,0.41000000000000003,0.8566666666666665,0.9357142857142857,1.0,6.123233995736766e-17,0.9657399376548549,0.2595117970697999
TGLX142017,104.86,10.36,0.99,2017-04-03,0.0,59.75559587542813,0.25,0.7999999999999998,0.9571428571428572,0.8660254037844387,-0.4999999999999998,0.9995462806873573,-0.030120304846908114
TGLX142017,104.86,10.36,0.99,2017-04-17,0.1,59.75559587542813,0.29,0.5133333333333332,0.8400000000000001,0.8660254037844387,-0.4999999999999998,0.9634705485641488,-0.2678143051621742
TGLX142017,104.86,10.36,0.99,2017-05-05,0.0,59.75559587542813,0.39,0.31333333333333324,0.6157142857142858,0.49999999999999994,-0.8660254037844387,0.8359254794186372,-0.548842958284719
TGLX142017,104.86,10.36,0.99,2017-05-18,0.1,59.75559587542813,0.31,0.5299999999999998,0.8342857142857144,0.49999999999999994,-0.8660254037844387,0.6932812268869777,-0.7206671495538609
TGLX142017,104.86,10.36,0.99,2017-06-03,0.0,59.75559587542813,0.85,0.8999999999999998,1.0314285714285716,1.2246467991473532e-16,-1.0,0.4711595076738638,-0.8820480249558537
TGLX142017,104.86,10.36,0.99,2017-06-19,0.0,59.75559587542813,0.99,0.8766666666666665,0.8671428571428572,1.2246467991473532e-16,-1.0,0.21352091543979612,-0.9769384927771817
TGLX142019,104.86,10.36,0.99,2019-01-27,0.0064136075,59.75559587542813,0.74,1.223333333333333,1.3414285714285714,0.49999999999999994,0.8660254037844387,0.4482293417404106,0.893918596519257
TGLX142019,104.86,10.36,0.99,2019-02-16,0.044046127,59.75559587542813,0.58,0.26333333333333303,0.29142857142857154,0.8660254037844386,0.5000000000000001,0.7236440382959124,0.6901733882429719
TGLX142019,104.86,10.36,0.99,2019-02-26,0.0047514895,59.75559587542813,0.09,0.5699999999999997,0.8614285714285715,0.8660254037844386,0.5000000000000001,0.8311706263658079,0.5560174366570446
TGLX142019,104.86,10.36,0.99,2019-03-14,0.1,59.75559587542813,0.07,0.2499999999999997,0.5857142857142857,1.0,6.123233995736766e-17,0.9510565162951535,0.30901699437494745
TGLX142019,104.86,10.36,0.99,2019-03-28,0.1,59.75559587542813,0.28,0.45999999999999974,0.8585714285714288,1.0,6.123233995736766e-17,0.9973249731081555,0.07309512989807777
TGLX142019,104.86,10.36,0.99,2019-04-11,0.00614261,59.75559587542813,0.33,0.7866666666666665,0.9157142857142858,0.8660254037844387,-0.4999999999999998,0.9859481499638304,-0.16705162550211924
TGLX142019,104.86,10.36,0.99,2019-04-26,0.1,59.75559587542813,0.23,0.4933333333333332,0.8485714285714286,0.8660254037844387,-0.4999999999999998,0.9106046300942162,-0.4132786077829042
TGLX142019,104.86,10.36,0.99,2019-05-12,0.1,59.75559587542813,0.18,0.21666666666666648,0.5771428571428573,0.49999999999999994,-0.8660254037844387,0.7638886127905428,-0.6453481132295501
TGLX142019,104.86,10.36,0.99,2019-05-26,0.1,59.75559587542813,0.12,0.26666666666666655,0.6814285714285715,0.49999999999999994,-0.8660254037844387,0.5877852522924732,-0.8090169943749473
TGLX142019,104.86,10.36,0.99,2019-06-11,0.1,59.75559587542813,0.27,0.38333333333333325,0.7357142857142859,1.2246467991473532e-16,-1.0,0.3456123126707335,-0.9383773917408641
TGLX142019,104.86,10.36,0.99,2019-06-24,0.1,59.75559587542813,0.28,0.40666666666666657,0.7485714285714286,1.2246467991473532e-16,-1.0,0.12874817745258132,-0.99167731989929
TGLX142019,104.86,10.36,0.99,2019-07-09,0.2,59.75559587542813,0.38,0.5866666666666666,0.7671428571428572,-0.4999999999999997,-0.8660254037844388,-0.12874817745258066,-0.99167731989929
TGLX142021,104.84,10.24,0.91,2021-04-14,0.1,72.09948102785252,1.01,1.04,0.5685714285714288,0.8660254037844387,-0.4999999999999998,0.9760105506323683,-0.21772323039653177
TGLX142022,105.21,10.62,-1.23,2022-02-17,0.0,19.71538669981894,1.34,0.9733333333333333,0.708571428571429,0.8660254037844386,0.5000000000000001,0.7354170229639855,0.6776147890466889
TGLX142022,105.21,10.62,-1.23,2022-03-04,0.0,19.71538669981894,1.0,1.1966666666666665,0.8071428571428576,1.0,6.123233995736766e-17,0.8840675099433636,0.4673592171580022
TGLX142022,105.21,10.62,-1.23,2022-03-19,0.0,19.71538669981894,1.15,0.8633333333333333,0.478571428571429,1.0,6.123233995736766e-17,0.9741004551724205,0.22611568550828828
TGLX142022,105.21,10.62,-1.23,2022-03-30,0.1,19.71538669981894,0.61,0.15999999999999995,0.0457142857142861,1.0,6.123233995736766e-17,0.9992500112396835,0.03872228089217446
TGLX142022,105.21,10.62,-1.23,2022-04-15,0.1,19.71538669981894,0.71,0.21333333333333315,0.17142857142857176,0.8660254037844387,-0.4999999999999998,0.9721181966290613,-0.23449138957040985
TGLX142022,105.21,10.62,-1.23,2022-04-26,0.1,19.71538669981894,0.1,-0.013333333333333558,0.25000000000000033,0.8660254037844387,-0.4999999999999998,0.9106046300942162,-0.4132786077829042
TGLX142022,105.21,10.62,-1.23,2022-05-16,0.0,19.71538669981894,1.18,0.7866666666666665,0.4785714285714289,0.49999999999999994,-0.8660254037844387,0.717676913675962,-0.6963762255968722
TGLX142022,105.21,10.62,-1.23,2022-06-01,0.0,19.71538669981894,1.09,1.223333333333333,0.8842857142857146,1.2246467991473532e-16,-1.0,0.5012418134457758,-0.865307254363206
TGLX142022,105.21,10.62,-1.23,2022-06-17,0.0,19.71538669981894,0.77,1.373333333333333,1.0828571428571432,1.2246467991473532e-16,-1.0,0.24702218048093552,-0.9690098257244062
TGLX152017,104.79,10.47,1.39,2017-03-03,0.0,55.963306839491764,0.52,1.0099999999999998,1.0,1.0,6.123233995736766e-17,0.8758917051442429,0.48250774176121847
TGLX152017,104.79,10.47,1.39,2017-03-17,0.0,55.963306839491764,0.25,0.6466666666666665,0.87,1.0,6.123233995736766e-17,0.9657399376548549,0.2595117970697999
TGLX152017,104.79,10.47,1.39,2017-04-03,0.0,55.963306839491764,0.37,0.5266666666666665,0.8700000000000001,0.8660254037844387,-0.4999999999999998,0.9995462806873573,-0.030120304846908114
TGLX152017,104.79,10.47,1.39,2017-04-17,0.1,55.963306839491764,0.29,0.3466666666666665,0.722857142857143,0.8660254037844387,-0.4999999999999998,0.9634705485641488,-0.2678143051621742
TGLX152017,104.79,10.47,1.39,2017-05-05,0.0,55.963306839491764,0.45,0.34999999999999987,0.5185714285714286,0.49999999999999994,-0.8660254037844387,0.8359254794186372,-0.548842958284719
TGLX152017,104.79,10.47,1.39,2017-05-18,0.0,55.963306839491764,0.26,0.39333333333333315,0.7157142857142856,0.49999999999999994,-0.8660254037844387,0.6932812268869777,-0.7206671495538609
TGLX152017,104.79,10.47,1.39,2017-06-03,0.0,55.963306839491764,0.79,0.9199999999999998,0.9628571428571429,1.2246467991473532e-16,-1.0,0.4711595076738638,-0.8820480249558537
TGLX152017,104.79,10.47,1.39,2017-06-19,0.0,55.963306839491764,1.04,0.9333333333333331,0.8614285714285714,1.2246467991473532e-16,-1.0,0.21352091543979612,-0.9769384927771817
TGLX152019,104.79,10.47,1.39,2019-01-27,0.046376705500000004,55.963306839491764,0.62,0.9899999999999997,1.2614285714285713,0.49999999999999994,0.8660254037844387,0.4482293417404106,0.893918596519257
TGLX152019,104.79,10.47,1.39,2019-02-16,0.033639823,55.963306839491764,0.62,0.41999999999999965,0.28000000000000014,0.8660254037844386,0.5000000000000001,0.7236440382959124,0.6901733882429719
TGLX152019,104.79,10.47,1.39,2019-02-26,0.0051489525,55.963306839491764,0.14,0.313333333333333,0.7285714285714288,0.8660254037844386,0.5000000000000001,0.8311706263658079,0.5560174366570446
TGLX152019,104.79,10.47,1.39,2019-03-14,0.1,55.963306839491764,0.15,0.14666666666666636,0.4571428571428573,1.0,6.123233995736766e-17,0.9510565162951535,0.30901699437494745
TGLX152019,104.79,10.47,1.39,2019-03-28,0.1,55.963306839491764,0.42,0.3099999999999998,0.7257142857142858,1.0,6.123233995736766e-17,0.9973249731081555,0.07309512989807777
TGLX152019,104.79,10.47,1.39,2019-04-11,0.063485681,55.963306839491764,-0.03,0.5666666666666665,0.8257142857142858,0.8660254037844387,-0.4999999999999998,0.9859481499638304,-0.16705162550211924
TGLX152019,104.79,10.47,1.39,2019-04-26,0.005347684,55.963306839491764,0.25,0.29333333333333317,0.7314285714285715,0.8660254037844387,-0.4999999999999998,0.9106046300942162,-0.4132786077829042
TGLX152019,104.79,10.47,1.39,2019-05-12,0.029629059999999995,55.963306839491764,0.29,0.09333333333333316,0.46714285714285725,0.49999999999999994,-0.8660254037844387,0.7638886127905428,-0.6453481132295501
TGLX152019,104.79,10.47,1.39,2019-05-26,0.0264312895,55.963306839491764,0.17,0.14999999999999986,0.5285714285714287,0.49999999999999994,-0.8660254037844387,0.5877852522924732,-0.8090169943749473
TGLX152019,104.79,10.47,1.39,2019-06-11,0.002818374,55.963306839491764,0.4,0.2833333333333332,0.6200000000000001,1.2246467991473532e-16,-1.0,0.3456123126707335,-0.9383773917408641
TGLX152019,104.79,10.47,1.39,2019-06-24,0.025925427499999997,55.963306839491764,0.31,0.3066666666666666,0.6285714285714288,1.2246467991473532e-16,-1.0,0.12874817745258132,-0.99167731989929
TGLX152019,104.79,10.47,1.39,2019-07-09,0.026232558,55.963306839491764,0.43,0.4499999999999999,0.6942857142857145,-0.4999999999999997,-0.8660254037844388,-0.12874817745258066,-0.99167731989929
TGLX152021,104.73,10.28,0.91,2021-04-14,0.1,75.56526210689054,1.01,1.04,0.5685714285714288,0.8660254037844387,-0.4999999999999998,0.9760105506323683,-0.21772323039653177
TGLX162021,104.61,10.27,0.91,2021-04-14,1.2,85.46611270769237,1.01,1.04,0.5685714285714288,0.8660254037844387,-0.4999999999999998,0.9760105506323683,-0.21772323039653177
TGLX172021,105.47,10.36,0.91,2021-04-14,0.07804728,57.77121930886571,1.01,1.04,0.5685714285714288,0.8660254037844387,-0.4999999999999998,0.9760105506323683,-0.21772323039653177
VC00012021,106.56,10.5,-1.23,2021-01-26,0.4,154.22617038445685,0.44,0.48333333333333317,0.8600000000000002,0.49999999999999994,0.8660254037844387,0.4327755925504312,0.901501684131884
VC00012021,106.56,10.5,-1.23,2021-02-10,0.3,154.22617038445685,0.38,0.3233333333333332,0.7714285714285716,0.8660254037844386,0.5000000000000001,0.6486295610349814,0.7611042586607747
VC00012021,106.56,10.5,-1.23,2021-02-26,0.4,154.22617038445685,0.29,0.17666666666666653,0.2700000000000002,0.8660254037844386,0.5000000000000001,0.8311706263658079,0.5560174366570446
VC00012021,106.56,10.5,0.02,2021-03-12,0.6,154.22617038445685,0.19,-0.023333333333333484,0.24285714285714305,1.0,6.123233995736766e-17,0.9398560579418954,0.3415707691678556
VC00012021,106.56,10.5,0.02,2021-03-27,0.7,154.22617038445685,0.24,-0.1533333333333335,0.02285714285714305,1.0,6.123233995736766e-17,0.995918996147179,0.09025161003104117
VC00012021,106.56,10.5,0.02,2021-04-11,0.8,154.22617038445685,0.30000000000000004,-0.05000000000000008,-0.022857142857142663,0.8660254037844387,-0.4999999999999998,0.9859481499638304,-0.16705162550211924
VC00012021,106.56,10.5,0.02,2021-04-26,0.9,154.22617038445685,-0.08,-0.2333333333333334,-0.12857142857142834,0.8660254037844387,-0.4999999999999998,0.9106046300942162,-0.4132786077829042
VC00012021,106.56,10.5,0.02,2021-05-11,0.8,154.22617038445685,0.49,0.1433333333333332,0.07000000000000021,0.49999999999999994,-0.8660254037844387,0.7748840413670407,-0.6321034111873487
VC00012021,106.56,10.5,0.02,2021-05-26,0.8,154.22617038445685,0.07,-0.1966666666666668,-0.21714285714285692,0.49999999999999994,-0.8660254037844387,0.5877852522924732,-0.8090169943749473
VC00012021,106.56,10.5,0.02,2021-06-10,0.6,154.22617038445685,0.49,-0.02666666666666682,-0.12142857142857119,1.2246467991473532e-16,-1.0,0.36171373072976765,-0.9322892131745133
VC00012021,106.56,10.5,0.02,2021-06-24,0.4,154.22617038445685,0.43,0.1466666666666665,-0.08285714285714262,1.2246467991473532e-16,-1.0,0.12874817745258132,-0.99167731989929
VC00012021,106.56,10.5,0.02,2021-07-09,0.2,154.22617038445685,0.6000000000000001,0.1266666666666665,0.08857142857142884,-0.4999999999999997,-0.8660254037844388,-0.12874817745258066,-0.99167731989929
VC00022021,106.41,10.54,0.02,2021-01-27,0.5,137.25731318086923,0.48,0.43666666666666654,0.7014285714285716,0.49999999999999994,0.8660254037844387,0.4482293417404106,0.893918596519257
VC00022021,106.41,10.54,0.02,2021-02-10,0.6,137.25731318086923,0.38,0.3233333333333332,0.7714285714285716,0.8660254037844386,0.5000000000000001,0.6486295610349814,0.7611042586607747
VC00022021,106.41,10.54,0.02,2021-02-26,0.6,137.25731318086923,0.29,0.17666666666666653,0.2700000000000002,0.8660254037844386,0.5000000000000001,0.8311706263658079,0.5560174366570446
VC00022021,106.41,10.54,0.7,2021-03-12,0.6,137.25731318086923,0.19,-0.023333333333333484,0.24285714285714305,1.0,6.123233995736766e-17,0.9398560579418954,0.3415707691678556
VC00022021,106.41,10.54,0.7,2021-03-27,0.6,137.25731318086923,0.24,-0.1533333333333335,0.02285714285714305,1.0,6.123233995736766e-17,0.995918996147179,0.09025161003104117
VC00022021,106.41,10.54,0.7,2021-04-11,0.6,137.25731318086923,0.30000000000000004,-0.05000000000000008,-0.022857142857142663,0.8660254037844387,-0.4999999999999998,0.9859481499638304,-0.16705162550211924
VC00022021,106.41,10.54,0.7,2021-04-26,0.7,137.25731318086923,-0.08,-0.2333333333333334,-0.12857142857142834,0.8660254037844387,-0.4999999999999998,0.9106046300942162,-0.4132786077829042
VC00022021,106.41,10.54,0.7,2021-05-11,0.7,137.25731318086923,0.49,0.1433333333333332,0.07000000000000021,0.49999999999999994,-0.8660254037844387,0.7748840413670407,-0.6321034111873487
VC00022021,106.41,10.54,0.7,2021-05-26,0.6,137.25731318086923,0.07,-0.1966666666666668,-0.21714285714285692,0.49999999999999994,-0.8660254037844387,0.5877852522924732,-0.8090169943749473
VC00022021,106.41,10.54,0.7,2021-06-10,0.3,137.25731318086923,0.49,-0.02666666666666682,-0.12142857142857119,1.2246467991473532e-16,-1.0,0.36171373072976765,-0.9322892131745133
VC00022021,106.41,10.54,0.7,2021-06-24,0.3,137.25731318086923,0.43,0.1466666666666665,-0.08285714285714262,1.2246467991473532e-16,-1.0,0.12874817745258132,-0.99167731989929
VC00022021,106.41,10.54,0.7,2021-07-09,0.2,137.25731318086923,0.6000000000000001,0.1266666666666665,0.08857142857142884,-0.4999999999999997,-0.8660254037844388,-0.12874817745258066,-0.99167731989929
VC00032021,106.38,10.64,0.7,2021-01-27,0.4,132.12586475828004,0.75,0.4533333333333332,0.5814285714285716,0.49999999999999994,0.8660254037844387,0.4482293417404106,0.893918596519257
VC00032021,106.38,10.64,0.7,2021-02-10,0.3,132.12586475828004,0.46,0.32999999999999985,0.6157142857142859,0.8660254037844386,0.5000000000000001,0.6486295610349814,0.7611042586607747
VC00032021,106.38,10.64,0.7,2021-02-26,0.5,132.12586475828004,0.4,0.24333333333333318,0.2100000000000002,0.8660254037844386,0.5000000000000001,0.8311706263658079,0.5560174366570446
VC00032021,106.38,10.64,0.82,2021-03-12,0.9,132.12586475828004,0.46,0.05666666666666651,0.1257142857142859,1.0,6.123233995736766e-17,0.9398560579418954,0.3415707691678556
VC00032021,106.38,10.64,0.82,2021-03-27,1.0,132.12586475828004,0.43,-0.006666666666666821,-0.041428571428571245,1.0,6.123233995736766e-17,0.995918996147179,0.09025161003104117
VC00032021,106.38,10.64,0.82,2021-04-11,0.9,132.12586475828004,0.52,0.11333333333333327,-0.05857142857142837,0.8660254037844387,-0.4999999999999998,0.9859481499638304,-0.16705162550211924
VC00032021,106.38,10.64,0.82,2021-04-26,0.9,132.12586475828004,0.17,-0.17333333333333342,-0.17857142857142835,0.8660254037844387,-0.4999999999999998,0.9106046300942162,-0.4132786077829042
VC00032021,106.38,10.64,0.82,2021-05-11,0.8,132.12586475828004,1.09,0.2966666666666665,0.10714285714285736,0.49999999999999994,-0.8660254037844387,0.7748840413670407,-0.6321034111873487
VC00032021,106.38,10.64,0.82,2021-05-26,0.7,132.12586475828004,0.35000000000000003,-0.09000000000000015,-0.2014285714285712,0.49999999999999994,-0.8660254037844387,0.5877852522924732,-0.8090169943749473
VC00032021,106.38,10.64,0.82,2021-06-10,0.4,132.12586475828004,0.78,0.19666666666666652,-0.03285714285714259,1.2246467991473532e-16,-1.0,0.36171373072976765,-0.9322892131745133
VC00032021,106.38,10.64,0.82,2021-06-24,0.3,132.12586475828004,0.75,0.2733333333333332,0.007142857142857387,1.2246467991473532e-16,-1.0,0.12874817745258132,-0.99167731989929
VC00032021,106.38,10.64,0.82,2021-07-09,0.15,132.12586475828004,0.9,0.3199999999999999,0.155714285714286,-0.4999999999999997,-0.8660254037844388,-0.12874817745258066,-0.99167731989929
VC00042021,106.27,10.66,0.82,2021-01-27,0.2,119.91820452812675,0.75,0.4533333333333332,0.5814285714285716,0.49999999999999994,0.8660254037844387,0.4482293417404106,0.893918596519257
VC00042021,106.27,10.66,0.82,2021-02-10,0.2,119.91820452812675,0.46,0.32999999999999985,0.6157142857142859,0.8660254037844386,0.5000000000000001,0.6486295610349814,0.7611042586607747
VC00042021,106.27,10.66,0.82,2021-02-26,0.3,119.91820452812675,0.4,0.24333333333333318,0.2100000000000002,0.8660254037844386,0.5000000000000001,0.8311706263658079,0.5560174366570446
VC00042021,106.27,10.66,0.01,2021-03-12,0.4,119.91820452812675,0.46,0.05666666666666651,0.1257142857142859,1.0,6.123233995736766e-17,0.9398560579418954,0.3415707691678556
VC00042021,106.27,10.66,0.01,2021-03-27,0.6,119.91820452812675,0.43,-0.006666666666666821,-0.041428571428571245,1.0,6.123233995736766e-17,0.995918996147179,0.09025161003104117
VC00042021,106.27,10.66,0.01,2021-04-11,0.7,119.91820452812675,0.52,0.11333333333333327,-0.05857142857142837,0.8660254037844387,-0.4999999999999998,0.9859481499638304,-0.16705162550211924
VC00042021,106.27,10.66,0.01,2021-04-26,0.5,119.91820452812675,0.17,-0.17333333333333342,-0.17857142857142835,0.8660254037844387,-0.4999999999999998,0.9106046300942162,-0.4132786077829042
VC00042021,106.27,10.66,0.01,2021-05-11,0.4,119.91820452812675,1.09,0.2966666666666665,0.10714285714285736,0.49999999999999994,-0.8660254037844387,0.7748840413670407,-0.6321034111873487
VC00042021,106.27,10.66,0.01,2021-05-26,0.3,119.91820452812675,0.35000000000000003,-0.09000000000000015,-0.2014285714285712,0.49999999999999994,-0.8660254037844387,0.5877852522924732,-0.8090169943749473
VC00042021,106.27,10.66,0.01,2021-06-10,0.05636748,119.91820452812675,0.78,0.19666666666666652,-0.03285714285714259,1.2246467991473532e-16,-1.0,0.36171373072976765,-0.9322892131745133
VC00042021,106.27,10.66,0.01,2021-06-24,0.1,119.91820452812675,0.75,0.2733333333333332,0.007142857142857387,1.2246467991473532e-16,-1.0,0.12874817745258132,-0.99167731989929
VC00042021,106.27,10.66,0.01,2021-07-09,0.038481645,119.91820452812675,0.9,0.3199999999999999,0.155714285714286,-0.4999999999999997,-0.8660254037844388,-0.12874817745258066,-0.99167731989929
VC00052021,105.93,10.78,0.01,2021-01-27,0.02312512,81.8301760340168,0.81,0.5566666666666665,0.5485714285714287,0.49999999999999994,0.8660254037844387,0.4482293417404106,0.893918596519257
VC00052021,105.93,10.78,0.01,2021-02-10,0.02818374,81.8301760340168,0.65,0.3799999999999999,0.4942857142857145,0.8660254037844386,0.5000000000000001,0.6486295610349814,0.7611042586607747
VC00052021,105.93,10.78,1.0,2021-02-12,0.041010954999999995,81.8301760340168,1.17,0.6799999999999998,0.4842857142857145,0.8660254037844386,0.5000000000000001,0.6744436188329455,0.7383263540031065
VC00052021,105.93,10.78,0.01,2021-02-26,0.02818374,81.8301760340168,0.61,0.30666666666666653,0.21000000000000016,0.8660254037844386,0.5000000000000001,0.8311706263658079,0.5560174366570446
VC00052021,105.93,10.78,1.0,2021-03-27,0.020415145,81.8301760340168,0.5700000000000001,0.20333333333333317,-0.01714285714285696,1.0,6.123233995736766e-17,0.995918996147179,0.09025161003104117
VC00052021,105.93,10.78,1.0,2021-04-11,0.1,81.8301760340168,0.9400000000000001,0.32333333333333325,0.01571428571428592,0.8660254037844387,-0.4999999999999998,0.9859481499638304,-0.16705162550211924
VC00052021,105.93,10.78,1.0,2021-04-26,0.012827215,81.8301760340168,0.48,-0.0333333333333334,-0.14285714285714263,0.8660254037844387,-0.4999999999999998,0.9106046300942162,-0.4132786077829042
VC00052021,105.93,10.78,1.0,2021-05-11,0.1,81.8301760340168,1.05,0.6166666666666666,0.2785714285714288,0.49999999999999994,-0.8660254037844387,0.7748840413670407,-0.6321034111873487
VC00052021,105.93,10.78,1.0,2021-05-26,0.041010954999999995,81.8301760340168,0.9,0.09999999999999987,-0.1114285714285712,0.49999999999999994,-0.8660254037844387,0.5877852522924732,-0.8090169943749473
VC00052021,105.93,10.78,1.0,2021-06-10,0.0614261,81.8301760340168,0.78,0.48333333333333317,0.10857142857142883,1.2246467991473532e-16,-1.0,0.36171373072976765,-0.9322892131745133
VC00052021,105.93,10.78,1.0,2021-06-24,0.02312512,81.8301760340168,1.1,0.47333333333333316,0.1671428571428574,1.2246467991473532e-16,-1.0,0.12874817745258132,-0.99167731989929
VC00052021,105.93,10.78,1.0,2021-07-09,0.02312512,81.8301760340168,0.99,0.6,0.2742857142857146,-0.4999999999999997,-0.8660254037844388,-0.12874817745258066,-0.99167731989929
VC00062021,106.27,10.78,1.0,2021-01-27,0.4,118.9629931921143,0.75,0.4533333333333332,0.5814285714285716,0.49999999999999994,0.8660254037844387,0.4482293417404106,0.893918596519257
VC00062021,106.27,10.78,1.0,2021-02-10,0.3,118.9629931921143,0.46,0.32999999999999985,0.6157142857142859,0.8660254037844386,0.5000000000000001,0.6486295610349814,0.7611042586607747
VC00062021,106.27,10.78,1.0,2021-02-26,0.5,118.9629931921143,0.4,0.24333333333333318,0.2100000000000002,0.8660254037844386,0.5000000000000001,0.8311706263658079,0.5560174366570446
VC00062021,106.27,10.78,0.07,2021-03-12,0.6,118.9629931921143,0.46,0.05666666666666651,0.1257142857142859,1.0,6.123233995736766e-17,0.9398560579418954,0.3415707691678556
VC00062021,106.27,10.78,0.07,2021-03-27,0.6,118.9629931921143,0.43,-0.006666666666666821,-0.041428571428571245,1.0,6.123233995736766e-17,0.995918996147179,0.09025161003104117
VC00062021,106.27,10.78,0.07,2021-04-11,0.9,118.9629931921143,0.52,0.11333333333333327,-0.05857142857142837,0.8660254037844387,-0.4999999999999998,0.9859481499638304,-0.16705162550211924
VC00062021,106.27,10.78,0.07,2021-04-26,0.7,118.9629931921143,0.17,-0.17333333333333342,-0.17857142857142835,0.8660254037844387,-0.4999999999999998,0.9106046300942162,-0.4132786077829042
VC00062021,106.27,10.78,0.07,2021-05-11,0.7,118.9629931921143,1.09,0.2966666666666665,0.10714285714285736,0.49999999999999994,-0.8660254037844387,0.7748840413670407,-0.6321034111873487
VC00062021,106.27,10.78,0.07,2021-05-26,0.6,118.9629931921143,0.35000000000000003,-0.09000000000000015,-0.2014285714285712,0.49999999999999994,-0.8660254037844387,0.5877852522924732,-0.8090169943749473
VC00062021,106.27,10.78,0.07,2021-06-10,0.6,118.9629931921143,0.78,0.19666666666666652,-0.03285714285714259,1.2246467991473532e-16,-1.0,0.36171373072976765,-0.9322892131745133
VC00062021,106.27,10.78,0.07,2021-06-24,0.5,118.9629931921143,0.75,0.2733333333333332,0.007142857142857387,1.2246467991473532e-16,-1.0,0.12874817745258132,-0.99167731989929
VC00062021,106.27,10.78,0.07,2021-07-09,0.1,118.9629931921143,0.9,0.3199999999999999,0.155714285714286,-0.4999999999999997,-0.8660254037844388,-0.12874817745258066,-0.99167731989929
VC00072021,106.47,10.64,0.07,2021-01-27,0.4,141.8805939510755,0.48,0.43666666666666654,0.7014285714285716,0.49999999999999994,0.8660254037844387,0.4482293417404106,0.893918596519257
VC00072021,106.47,10.64,0.07,2021-02-10,0.2,141.8805939510755,0.38,0.3233333333333332,0.7714285714285716,0.8660254037844386,0.5000000000000001,0.6486295610349814,0.7611042586607747
VC00072021,106.47,10.64,0.07,2021-02-26,0.5,141.8805939510755,0.29,0.17666666666666653,0.2700000000000002,0.8660254037844386,0.5000000000000001,0.8311706263658079,0.5560174366570446
VC00072021,106.47,10.64,-0.43,2021-03-12,0.4,141.8805939510755,0.19,-0.023333333333333484,0.24285714285714305,1.0,6.123233995736766e-17,0.9398560579418954,0.3415707691678556
VC00072021,106.47,10.64,-0.43,2021-03-27,0.5,141.8805939510755,0.24,-0.1533333333333335,0.02285714285714305,1.0,6.123233995736766e-17,0.995918996147179,0.09025161003104117
VC00072021,106.47,10.64,-0.43,2021-04-11,0.5,141.8805939510755,0.30000000000000004,-0.05000000000000008,-0.022857142857142663,0.8660254037844387,-0.4999999999999998,0.9859481499638304,-0.16705162550211924
VC00072021,106.47,10.64,-0.43,2021-04-26,0.5,141.8805939510755,-0.08,-0.2333333333333334,-0.12857142857142834,0.8660254037844387,-0.4999999999999998,0.9106046300942162,-0.4132786077829042
VC00072021,106.47,10.64,-0.43,2021-05-11,0.4,141.8805939510755,0.49,0.1433333333333332,0.07000000000000021,0.49999999999999994,-0.8660254037844387,0.7748840413670407,-0.6321034111873487
VC00072021,106.47,10.64,-0.43,2021-05-26,0.3,141.8805939510755,0.07,-0.1966666666666668,-0.21714285714285692,0.49999999999999994,-0.8660254037844387,0.5877852522924732,-0.8090169943749473
VC00072021,106.47,10.64,-0.43,2021-06-10,0.2,141.8805939510755,0.49,-0.02666666666666682,-0.12142857142857119,1.2246467991473532e-16,-1.0,0.36171373072976765,-0.9322892131745133
VC00072021,106.47,10.64,-0.43,2021-06-24,0.2,141.8805939510755,0.43,0.1466666666666665,-0.08285714285714262,1.2246467991473532e-16,-1.0,0.12874817745258132,-0.99167731989929
VC00072021,106.47,10.64,-0.43,2021-07-09,0.1,141.8805939510755,0.6000000000000001,0.1266666666666665,0.08857142857142884,-0.4999999999999997,-0.8660254037844388,-0.12874817745258066,-0.99167731989929
VC00082021,106.41,10.77,-0.43,2021-01-27,0.3,134.27446854759035,0.75,0.4533333333333332,0.5814285714285716,0.49999999999999994,0.8660254037844387,0.4482293417404106,0.893918596519257
VC00082021,106.41,10.77,-0.43,2021-02-10,0.2,134.27446854759035,0.46,0.32999999999999985,0.6157142857142859,0.8660254037844386,0.5000000000000001,0.6486295610349814,0.7611042586607747
VC00082021,106.41,10.77,-0.43,2021-02-26,0.4,134.27446854759035,0.4,0.24333333333333318,0.2100000000000002,0.8660254037844386,0.5000000000000001,0.8311706263658079,0.5560174366570446
VC00082021,106.41,10.77,-0.65,2021-03-12,0.6,134.27446854759035,0.46,0.05666666666666651,0.1257142857142859,1.0,6.123233995736766e-17,0.9398560579418954,0.3415707691678556
VC00082021,106.41,10.77,-0.65,2021-03-27,0.7,134.27446854759035,0.43,-0.006666666666666821,-0.041428571428571245,1.0,6.123233995736766e-17,0.995918996147179,0.09025161003104117
VC00082021,106.41,10.77,-0.65,2021-04-11,0.7,134.27446854759035,0.52,0.11333333333333327,-0.05857142857142837,0.8660254037844387,-0.4999999999999998,0.9859481499638304,-0.16705162550211924
VC00082021,106.41,10.77,-0.65,2021-04-26,0.7,134.27446854759035,0.17,-0.17333333333333342,-0.17857142857142835,0.8660254037844387,-0.4999999999999998,0.9106046300942162,-0.4132786077829042
VC00082021,106.41,10.77,-0.65,2021-05-11,0.5,134.27446854759035,1.09,0.2966666666666665,0.10714285714285736,0.49999999999999994,-0.8660254037844387,0.7748840413670407,-0.6321034111873487
VC00082021,106.41,10.77,-0.65,2021-05-26,0.4,134.27446854759035,0.35000000000000003,-0.09000000000000015,-0.2014285714285712,0.49999999999999994,-0.8660254037844387,0.5877852522924732,-0.8090169943749473
VC00082021,106.41,10.77,-0.65,2021-06-10,0.05636748,134.27446854759035,0.78,0.19666666666666652,-0.03285714285714259,1.2246467991473532e-16,-1.0,0.36171373072976765,-0.9322892131745133
VC00082021,106.41,10.77,-0.65,2021-06-24,0.1,134.27446854759035,0.75,0.2733333333333332,0.007142857142857387,1.2246467991473532e-16,-1.0,0.12874817745258132,-0.99167731989929
VC00082021,106.41,10.77,-0.65,2021-07-09,0.048598884999999994,134.27446854759035,0.9,0.3199999999999999,0.155714285714286,-0.4999999999999997,-0.8660254037844388,-0.12874817745258066,-0.99167731989929
VC00092021,106.31,10.89,-0.65,2021-01-27,0.1,123.74954707894713,0.75,0.4533333333333332,0.5814285714285716,0.49999999999999994,0.8660254037844387,0.4482293417404106,0.893918596519257
VC00092021,106.31,10.89,-0.65,2021-02-10,0.1,123.74954707894713,0.46,0.32999999999999985,0.6157142857142859,0.8660254037844386,0.5000000000000001,0.6486295610349814,0.7611042586607747
VC00092021,106.31,10.89,-0.65,2021-02-26,0.1,123.74954707894713,0.4,0.24333333333333318,0.2100000000000002,0.8660254037844386,0.5000000000000001,0.8311706263658079,0.5560174366570446
VC00092021,106.31,10.89,0.63,2021-03-12,0.1,123.74954707894713,0.46,0.05666666666666651,0.1257142857142859,1.0,6.123233995736766e-17,0.9398560579418954,0.3415707691678556
VC00092021,106.31,10.89,0.63,2021-03-27,0.020415145,123.74954707894713,0.43,-0.006666666666666821,-0.041428571428571245,1.0,6.123233995736766e-17,0.995918996147179,0.09025161003104117
VC00092021,106.31,10.89,0.63,2021-04-11,0.1,123.74954707894713,0.52,0.11333333333333327,-0.05857142857142837,0.8660254037844387,-0.4999999999999998,0.9859481499638304,-0.16705162550211924
VC00092021,106.31,10.89,0.63,2021-04-26,0.1,123.74954707894713,0.17,-0.17333333333333342,-0.17857142857142835,0.8660254037844387,-0.4999999999999998,0.9106046300942162,-0.4132786077829042
VC00092021,106.31,10.89,0.63,2021-05-11,0.1,123.74954707894713,1.09,0.2966666666666665,0.10714285714285736,0.49999999999999994,-0.8660254037844387,0.7748840413670407,-0.6321034111873487
VC00092021,106.31,10.89,0.63,2021-05-26,0.1,123.74954707894713,0.35000000000000003,-0.09000000000000015,-0.2014285714285712,0.49999999999999994,-0.8660254037844387,0.5877852522924732,-0.8090169943749473
VC00092021,106.31,10.89,0.63,2021-06-10,0.05636748,123.74954707894713,0.78,0.19666666666666652,-0.03285714285714259,1.2246467991473532e-16,-1.0,0.36171373072976765,-0.9322892131745133
VC00092021,106.31,10.89,0.63,2021-06-24,0.038481645,123.74954707894713,0.75,0.2733333333333332,0.007142857142857387,1.2246467991473532e-16,-1.0,0.12874817745258132,-0.99167731989929
VC00092021,106.31,10.89,0.72,2021-07-09,0.03071305,123.74954707894713,0.9,0.3199999999999999,0.155714285714286,-0.4999999999999997,-0.8660254037844388,-0.12874817745258066,-0.99167731989929
VC00102021,106.26,11.08,0.72,2021-01-27,0.02818374,121.98792582392113,0.75,0.4533333333333332,0.5814285714285716,0.49999999999999994,0.8660254037844387,0.4482293417404106,0.893918596519257
VC00102021,106.26,11.08,0.72,2021-02-10,0.020415145,121.98792582392113,0.46,0.32999999999999985,0.6157142857142859,0.8660254037844386,0.5000000000000001,0.6486295610349814,0.7611042586607747
VC00102021,106.26,11.08,0.72,2021-02-26,0.02312512,121.98792582392113,0.4,0.24333333333333318,0.2100000000000002,0.8660254037844386,0.5000000000000001,0.8311706263658079,0.5560174366570446
VC00102021,106.26,11.08,0.72,2021-03-12,0.041010954999999995,121.98792582392113,0.46,0.05666666666666651,0.1257142857142859,1.0,6.123233995736766e-17,0.9398560579418954,0.3415707691678556
VC00102021,106.26,11.08,0.72,2021-03-27,0.020415145,121.98792582392113,0.43,-0.006666666666666821,-0.041428571428571245,1.0,6.123233995736766e-17,0.995918996147179,0.09025161003104117
VC00102021,106.26,11.08,0.72,2021-04-11,0.1,121.98792582392113,0.52,0.11333333333333327,-0.05857142857142837,0.8660254037844387,-0.4999999999999998,0.9859481499638304,-0.16705162550211924
VC00102021,106.26,11.08,0.72,2021-04-26,0.012827215,121.98792582392113,0.17,-0.17333333333333342,-0.17857142857142835,0.8660254037844387,-0.4999999999999998,0.9106046300942162,-0.4132786077829042
VC00102021,106.26,11.08,0.72,2021-05-11,0.1,121.98792582392113,1.09,0.2966666666666665,0.10714285714285736,0.49999999999999994,-0.8660254037844387,0.7748840413670407,-0.6321034111873487
VC00102021,106.26,11.08,0.72,2021-05-26,0.035952334999999995,121.98792582392113,0.35000000000000003,-0.09000000000000015,-0.2014285714285712,0.49999999999999994,-0.8660254037844387,0.5877852522924732,-0.8090169943749473
VC00102021,106.26,11.08,0.72,2021-06-10,0.05130886,121.98792582392113,0.78,0.19666666666666652,-0.03285714285714259,1.2246467991473532e-16,-1.0,0.36171373072976765,-0.9322892131745133
VC00102021,106.26,11.08,0.72,2021-06-23,0.02312512,121.98792582392113,0.43,0.1466666666666665,-0.08285714285714262,1.2246467991473532e-16,-1.0,0.1457991969198751,-0.9893142039703663
VC00102021,106.26,11.08,1.36,2021-07-09,0.02312512,121.98792582392113,0.9,0.3199999999999999,0.155714285714286,-0.4999999999999997,-0.8660254037844388,-0.12874817745258066,-0.99167731989929
