Matram,longitude,latitude,Z.Elev,Date,Salinity,CL,CL_ppt,Dist_to_TanChau_km,River_Dist_km,Travel_Time_Days,WaterLevel_Mean,WaterLevel_Max,WaterLevel_Min,WL_Mean_3D_Lag,WL_Mean_7D_Lag,Month_sin,Month_cos,Day_sin,Day_cos
BD00012019,106.58,10.43,0.95,2019-03-04,8.1,746.8,0.7467999999999999,158.19538061299636,205.65399479689526,4,0.68,0.68,0.68,0.2999999999999997,0.3857142857142858,1.0,6.123233995736766e-17,0.8840675099433636,0.4673592171580022
BD00012019,106.58,10.43,0.95,2019-03-18,9.0,921.0,0.921,158.19538061299636,205.65399479689526,4,0.26,0.26,0.26,0.0999999999999997,0.3485714285714287,1.0,6.123233995736766e-17,0.9700639218515071,0.2428497220959356
BD00012019,106.58,10.43,0.95,2019-04-02,8.0,91.56,0.09156,158.19538061299636,205.65399479689526,4,0.5700000000000001,0.5700000000000001,0.5700000000000001,0.37999999999999984,0.5014285714285716,0.8660254037844387,-0.4999999999999998,0.9999166586547379,-0.01291029607500882
BD00012019,106.58,10.43,0.95,2019-04-16,9.4,1832.0,1.832,158.19538061299636,205.65399479689526,4,0.24,0.24,0.24,0.1333333333333332,0.542857142857143,0.8660254037844387,-0.4999999999999998,0.9679377830240642,-0.25119006388481935
BD00012019,106.58,10.43,0.95,2019-05-01,6.7,1526.0,1.526,158.19538061299636,205.65399479689526,4,0.37,0.37,0.37,0.25999999999999984,0.47571428571428587,0.49999999999999994,-0.8660254037844387,0.8717063187093218,-0.4900286664290592
BD00012019,106.58,10.43,1.07,2019-05-16,4.1,985.6,0.9856,158.19538061299636,205.65399479689526,4,0.44,0.44,0.44,0.19999999999999982,0.38000000000000017,0.49999999999999994,-0.8660254037844387,0.717676913675962,-0.6963762255968722
BD00012019,106.58,10.43,1.07,2019-06-01,4.4,12.0,0.012,158.19538061299636,205.65399479689526,4,0.42,0.42,0.42,0.19666666666666655,0.21571428571428583,1.2246467991473532e-16,-1.0,0.5012418134457758,-0.865307254363206
BD00012019,106.58,10.43,1.07,2019-06-19,0.9,125.3,0.1253,158.19538061299636,205.65399479689526,4,1.12,1.12,1.12,0.8366666666666666,0.5571428571428573,1.2246467991473532e-16,-1.0,0.21352091543979612,-0.9769384927771817
BD00012020,106.58,10.43,0.73,2020-03-09,19.8,128.5,0.1285,158.19538061299636,205.65399479689526,4,0.13,0.13,0.13,-0.03000000000000022,0.09285714285714299,1.0,6.123233995736766e-17,0.9275416835791966,0.37371971479046906
BD00012020,106.58,10.43,1.03,2020-03-27,12.9,6912.75,6.91275,158.19538061299636,205.65399479689526,4,0.87,0.87,0.87,0.4299999999999997,0.2371428571428573,1.0,6.123233995736766e-17,0.9973249731081555,0.07309512989807777
BD00012020,106.58,10.43,1.03,2020-04-27,12.8,6345.55,6.34555,158.19538061299636,205.65399479689526,4,0.72,0.72,0.72,0.7733333333333331,0.482857142857143,0.8660254037844387,-0.4999999999999998,0.895839290734909,-0.4443781781046132
BD00012020,106.58,10.43,1.03,2020-05-09,13.5,6474.1,6.4741,158.19538061299636,205.65399479689526,4,0.92,0.92,0.92,0.17666666666666642,0.054285714285714416,0.49999999999999994,-0.8660254037844387,0.7856498550787147,-0.6186714032625031
BD00012020,106.58,10.43,1.03,2020-05-25,11.8,5472.55,5.47255,158.19538061299636,205.65399479689526,4,0.68,0.68,0.68,0.5699999999999997,0.14714285714285727,0.49999999999999994,-0.8660254037844387,0.5877852522924732,-0.8090169943749473
BD00012020,106.58,10.43,1.03,2020-06-09,7.5,4573.5,4.5735,158.19538061299636,205.65399479689526,4,0.85,0.85,0.85,0.6466666666666665,0.11571428571428584,1.2246467991473532e-16,-1.0,0.36171373072976765,-0.9322892131745133
BD00012020,106.58,10.43,1.03,2020-06-23,3.2,2162.45,2.1624499999999998,158.19538061299636,205.65399479689526,4,0.8200000000000001,0.8200000000000001,0.8200000000000001,0.5299999999999998,0.018571428571428683,1.2246467991473532e-16,-1.0,0.12874817745258132,-0.99167731989929
BD00012021,106.58,10.43,0.64,2021-01-29,3.68,864.8,0.8647999999999999,158.19538061299636,205.65399479689526,4,0.81,0.81,0.81,0.5566666666666665,0.5485714285714287,0.49999999999999994,0.8660254037844387,0.47873384011578846,0.8779600847008882
BD00012021,106.58,10.43,0.64,2021-02-28,1.3,915.0,0.915,158.19538061299636,205.65399479689526,4,0.61,0.61,0.61,0.30666666666666653,0.21000000000000016,0.8660254037844386,0.5000000000000001,0.8498170915275278,0.5270777086423722
BD00012021,106.58,10.43,0.64,2021-03-15,9.95,1624.0,1.624,158.19538061299636,205.65399479689526,4,1.02,1.02,1.02,0.4633333333333332,0.17857142857142877,1.0,6.123233995736766e-17,0.9562348265919056,0.29260033563334836
BD00012021,106.58,10.43,0.64,2021-03-29,11.0,11265.0,11.265,158.19538061299636,205.65399479689526,4,0.5700000000000001,0.5700000000000001,0.5700000000000001,0.20333333333333317,-0.01714285714285696,1.0,6.123233995736766e-17,0.9984354211555643,0.055916990100603484
BD00012021,106.58,10.43,0.58,2021-04-14,9.2,1264.0,1.264,158.19538061299636,205.65399479689526,4,1.07,1.07,1.07,0.5866666666666666,0.19428571428571448,0.8660254037844387,-0.4999999999999998,0.9760105506323683,-0.21772323039653177
BD00012021,106.58,10.43,0.58,2021-04-28,4.2,675.0,0.675,158.19538061299636,205.65399479689526,4,0.48,0.48,0.48,-0.0333333333333334,-0.14285714285714263,0.8660254037844387,-0.4999999999999998,0.895839290734909,-0.4443781781046132
BD00012021,106.58,10.43,0.58,2021-05-14,4.7,715.0,0.715,158.19538061299636,205.65399479689526,4,1.04,1.04,1.04,0.8766666666666666,0.43571428571428594,0.49999999999999994,-0.8660254037844387,0.7412220108485958,-0.6712599575675313
BD00022019,106.55,10.47,1.07,2019-03-04,0.2,3.25,0.00325,153.91461224529854,200.08899591888812,4,0.68,0.68,0.68,0.2999999999999997,0.3857142857142858,1.0,6.123233995736766e-17,0.8840675099433636,0.4673592171580022
BD00022019,106.55,10.47,1.07,2019-03-18,0.4,61.21,0.06121,153.91461224529854,200.08899591888812,4,0.26,0.26,0.26,0.0999999999999997,0.3485714285714287,1.0,6.123233995736766e-17,0.9700639218515071,0.2428497220959356
BD00022019,106.55,10.47,1.07,2019-04-02,0.5,72.0,0.072,153.91461224529854,200.08899591888812,4,0.5700000000000001,0.5700000000000001,0.5700000000000001,0.37999999999999984,0.5014285714285716,0.8660254037844387,-0.4999999999999998,0.9999166586547379,-0.01291029607500882
BD00022019,106.55,10.47,1.07,2019-04-16,1.7,267.0,0.267,153.91461224529854,200.08899591888812,4,0.24,0.24,0.24,0.1333333333333332,0.542857142857143,0.8660254037844387,-0.4999999999999998,0.9679377830240642,-0.25119006388481935
BD00022019,106.55,10.47,1.87,2019-05-01,0.5,67.12,0.06712,153.91461224529854,200.08899591888812,4,0.37,0.37,0.37,0.25999999999999984,0.47571428571428587,0.49999999999999994,-0.8660254037844387,0.8717063187093218,-0.4900286664290592
BD00022019,106.55,10.47,1.87,2019-05-16,1.0,134.65,0.13465,153.91461224529854,200.08899591888812,4,0.44,0.44,0.44,0.19999999999999982,0.38000000000000017,0.49999999999999994,-0.8660254037844387,0.717676913675962,-0.6963762255968722
BD00022019,106.55,10.47,1.87,2019-06-01,0.5,86.32,0.08632,153.91461224529854,200.08899591888812,4,0.42,0.42,0.42,0.19666666666666655,0.21571428571428583,1.2246467991473532e-16,-1.0,0.5012418134457758,-0.865307254363206
BD00022019,106.55,10.47,1.87,2019-06-19,0.4,62.12,0.062119999999999995,153.91461224529854,200.08899591888812,4,1.12,1.12,1.12,0.8366666666666666,0.5571428571428573,1.2246467991473532e-16,-1.0,0.21352091543979612,-0.9769384927771817
BD00022020,106.55,10.47,1.03,2020-03-09,3.0,1737.5,1.7375,153.91461224529854,200.08899591888812,4,0.13,0.13,0.13,-0.03000000000000022,0.09285714285714299,1.0,6.123233995736766e-17,0.9275416835791966,0.37371971479046906
BD00022020,106.55,10.47,1.04,2020-03-27,2.87,2233.35,2.2333499999999997,153.91461224529854,200.08899591888812,4,0.87,0.87,0.87,0.4299999999999997,0.2371428571428573,1.0,6.123233995736766e-17,0.9973249731081555,0.07309512989807777
BD00022020,106.55,10.47,1.04,2020-04-27,6.6,5282.5,5.2825,153.91461224529854,200.08899591888812,4,0.72,0.72,0.72,0.7733333333333331,0.482857142857143,0.8660254037844387,-0.4999999999999998,0.895839290734909,-0.4443781781046132
BD00022020,106.55,10.47,1.04,2020-05-09,2.9,815.35,0.81535,153.91461224529854,200.08899591888812,4,0.92,0.92,0.92,0.17666666666666642,0.054285714285714416,0.49999999999999994,-0.8660254037844387,0.7856498550787147,-0.6186714032625031
BD00022020,106.55,10.47,1.04,2020-05-25,1.29,641.645,0.641645,153.91461224529854,200.08899591888812,4,0.68,0.68,0.68,0.5699999999999997,0.14714285714285727,0.49999999999999994,-0.8660254037844387,0.5877852522924732,-0.8090169943749473
BD00022020,106.55,10.47,1.04,2020-06-09,3.23,2446.5,2.4465,153.91461224529854,200.08899591888812,4,0.85,0.85,0.85,0.6466666666666665,0.11571428571428584,1.2246467991473532e-16,-1.0,0.36171373072976765,-0.9322892131745133
BD00022020,106.55,10.47,0.66,2020-06-23,1.87,17.59,0.01759,153.91461224529854,200.08899591888812,4,0.8200000000000001,0.8200000000000001,0.8200000000000001,0.5299999999999998,0.018571428571428683,1.2246467991473532e-16,-1.0,0.12874817745258132,-0.99167731989929
BD00022021,106.55,10.47,0.58,2021-01-29,0.72,125.73,0.12573,153.91461224529854,200.08899591888812,4,0.81,0.81,0.81,0.5566666666666665,0.5485714285714287,0.49999999999999994,0.8660254037844387,0.47873384011578846,0.8779600847008882
BD00022021,106.55,10.47,0.58,2021-02-28,1.3,13.0,0.013,153.91461224529854,200.08899591888812,4,0.61,0.61,0.61,0.30666666666666653,0.21000000000000016,0.8660254037844386,0.5000000000000001,0.8498170915275278,0.5270777086423722
BD00022021,106.55,10.47,0.58,2021-03-15,1.84,32.4,0.0324,153.91461224529854,200.08899591888812,4,1.02,1.02,1.02,0.4633333333333332,0.17857142857142877,1.0,6.123233995736766e-17,0.9562348265919056,0.29260033563334836
BD00022021,106.55,10.47,0.58,2021-03-29,1.9,356.8,0.3568,153.91461224529854,200.08899591888812,4,0.5700000000000001,0.5700000000000001,0.5700000000000001,0.20333333333333317,-0.01714285714285696,1.0,6.123233995736766e-17,0.9984354211555643,0.055916990100603484
BD00022021,106.55,10.47,0.58,2021-04-14,2.0,42.0,0.042,153.91461224529854,200.08899591888812,4,1.07,1.07,1.07,0.5866666666666666,0.19428571428571448,0.8660254037844387,-0.4999999999999998,0.9760105506323683,-0.21772323039653177
BD00022021,106.55,10.47,0.46,2021-04-28,1.5,416.0,0.416,153.91461224529854,200.08899591888812,4,0.48,0.48,0.48,-0.0333333333333334,-0.14285714285714263,0.8660254037844387,-0.4999999999999998,0.895839290734909,-0.4443781781046132
BD00022021,106.55,10.47,0.46,2021-05-14,1.3,462.0,0.462,153.91461224529854,200.08899591888812,4,1.04,1.04,1.04,0.8766666666666666,0.43571428571428594,0.49999999999999994,-0.8660254037844387,0.7412220108485958,-0.6712599575675313
BD00032019,106.47,10.51,1.87,2019-03-04,0.1,15.62,0.015619999999999998,144.38075520951236,187.69498177236608,4,0.68,0.68,0.68,0.2999999999999997,0.3857142857142858,1.0,6.123233995736766e-17,0.8840675099433636,0.4673592171580022
BD00032019,106.47,10.51,1.87,2019-03-18,0.1,24.15,0.024149999999999998,144.38075520951236,187.69498177236608,4,0.26,0.26,0.26,0.0999999999999997,0.3485714285714287,1.0,6.123233995736766e-17,0.9700639218515071,0.2428497220959356
BD00032019,106.47,10.51,1.87,2019-04-02,0.2,34.2,0.0342,144.38075520951236,187.69498177236608,4,0.5700000000000001,0.5700000000000001,0.5700000000000001,0.37999999999999984,0.5014285714285716,0.8660254037844387,-0.4999999999999998,0.9999166586547379,-0.01291029607500882
BD00032019,106.47,10.51,1.56,2019-04-16,0.2,36.58,0.03658,144.38075520951236,187.69498177236608,4,0.24,0.24,0.24,0.1333333333333332,0.542857142857143,0.8660254037844387,-0.4999999999999998,0.9679377830240642,-0.25119006388481935
BD00032019,106.47,10.51,1.56,2019-05-01,0.3,45.21,0.04521,144.38075520951236,187.69498177236608,4,0.37,0.37,0.37,0.25999999999999984,0.47571428571428587,0.49999999999999994,-0.8660254037844387,0.8717063187093218,-0.4900286664290592
BD00032019,106.47,10.51,1.56,2019-05-16,0.3,38.15,0.038149999999999996,144.38075520951236,187.69498177236608,4,0.44,0.44,0.44,0.19999999999999982,0.38000000000000017,0.49999999999999994,-0.8660254037844387,0.717676913675962,-0.6963762255968722
BD00032019,106.47,10.51,1.56,2019-06-01,0.2,4.26,0.00426,144.38075520951236,187.69498177236608,4,0.42,0.42,0.42,0.19666666666666655,0.21571428571428583,1.2246467991473532e-16,-1.0,0.5012418134457758,-0.865307254363206
BD00032019,106.47,10.51,1.56,2019-06-19,0.2,48.34,0.04834,144.38075520951236,187.69498177236608,4,1.12,1.12,1.12,0.8366666666666666,0.5571428571428573,1.2246467991473532e-16,-1.0,0.21352091543979612,-0.9769384927771817
BD00032020,106.47,10.51,0.66,2020-03-09,1.3,886.25,0.88625,144.38075520951236,187.69498177236608,4,0.13,0.13,0.13,-0.03000000000000022,0.09285714285714299,1.0,6.123233995736766e-17,0.9275416835791966,0.37371971479046906
BD00032020,106.47,10.51,0.66,2020-03-27,1.16,563.655,0.563655,144.38075520951236,187.69498177236608,4,0.87,0.87,0.87,0.4299999999999997,0.2371428571428573,1.0,6.123233995736766e-17,0.9973249731081555,0.07309512989807777
BD00032020,106.47,10.51,0.66,2020-04-27,2.5,145.775,0.14577500000000002,144.38075520951236,187.69498177236608,4,0.72,0.72,0.72,0.7733333333333331,0.482857142857143,0.8660254037844387,-0.4999999999999998,0.895839290734909,-0.4443781781046132
BD00032020,106.47,10.51,0.66,2020-05-09,1.33,549.475,0.549475,144.38075520951236,187.69498177236608,4,0.92,0.92,0.92,0.17666666666666642,0.054285714285714416,0.49999999999999994,-0.8660254037844387,0.7856498550787147,-0.6186714032625031
BD00032020,106.47,10.51,0.66,2020-05-25,1.12,563.655,0.563655,144.38075520951236,187.69498177236608,4,0.68,0.68,0.68,0.5699999999999997,0.14714285714285727,0.49999999999999994,-0.8660254037844387,0.5877852522924732,-0.8090169943749473
BD00032020,106.47,10.51,0.66,2020-06-09,0.73,262.33,0.26233,144.38075520951236,187.69498177236608,4,0.85,0.85,0.85,0.6466666666666665,0.11571428571428584,1.2246467991473532e-16,-1.0,0.36171373072976765,-0.9322892131745133
BD00032020,106.47,10.51,0.66,2020-06-23,0.66,35.955,0.035955,144.38075520951236,187.69498177236608,4,0.8200000000000001,0.8200000000000001,0.8200000000000001,0.5299999999999998,0.018571428571428683,1.2246467991473532e-16,-1.0,0.12874817745258132,-0.99167731989929
BD00032021,106.47,10.51,0.46,2021-01-29,0.15,17.9,0.0179,144.38075520951236,187.69498177236608,4,0.81,0.81,0.81,0.5566666666666665,0.5485714285714287,0.49999999999999994,0.8660254037844387,0.47873384011578846,0.8779600847008882
BD00032021,106.47,10.51,0.46,2021-02-28,0.2,24.15,0.024149999999999998,144.38075520951236,187.69498177236608,4,0.61,0.61,0.61,0.30666666666666653,0.21000000000000016,0.8660254037844386,0.5000000000000001,0.8498170915275278,0.5270777086423722
BD00032021,106.47,10.51,0.46,2021-03-15,0.2,21.8,0.0218,144.38075520951236,187.69498177236608,4,1.02,1.02,1.02,0.4633333333333332,0.17857142857142877,1.0,6.123233995736766e-17,0.9562348265919056,0.29260033563334836
BD00032021,106.47,10.51,0.46,2021-03-29,0.1,26.32,0.02632,144.38075520951236,187.69498177236608,4,0.5700000000000001,0.5700000000000001,0.5700000000000001,0.20333333333333317,-0.01714285714285696,1.0,6.123233995736766e-17,0.9984354211555643,0.055916990100603484
BD00032021,106.47,10.51,0.46,2021-04-14,0.2,36.5,0.0365,144.38075520951236,187.69498177236608,4,1.07,1.07,1.07,0.5866666666666666,0.19428571428571448,0.8660254037844387,-0.4999999999999998,0.9760105506323683,-0.21772323039653177
BD00032021,106.47,10.51,0.46,2021-04-28,0.4,92.18,0.09218000000000001,144.38075520951236,187.69498177236608,4,0.48,0.48,0.48,-0.0333333333333334,-0.14285714285714263,0.8660254037844387,-0.4999999999999998,0.895839290734909,-0.4443781781046132
BD00032021,106.47,10.51,0.56,2021-05-14,0.3,14.0,0.014,144.38075520951236,187.69498177236608,4,1.04,1.04,1.04,0.8766666666666666,0.43571428571428594,0.49999999999999994,-0.8660254037844387,0.7412220108485958,-0.6712599575675313
BD00042019,106.41,10.53,1.56,2019-03-04,0.1,32.58,0.03258,137.49347124661062,178.74151262059382,4,0.68,0.68,0.68,0.2999999999999997,0.3857142857142858,1.0,6.123233995736766e-17,0.8840675099433636,0.4673592171580022
BD00042019,106.41,10.53,1.56,2019-03-18,0.1,3.26,0.00326,137.49347124661062,178.74151262059382,4,0.26,0.26,0.26,0.0999999999999997,0.3485714285714287,1.0,6.123233995736766e-17,0.9700639218515071,0.2428497220959356
BD00042019,106.41,10.53,1.0,2019-04-02,0.2,36.112,0.036112000000000005,137.49347124661062,178.74151262059382,4,0.5700000000000001,0.5700000000000001,0.5700000000000001,0.37999999999999984,0.5014285714285716,0.8660254037844387,-0.4999999999999998,0.9999166586547379,-0.01291029607500882
BD00042019,106.41,10.53,1.0,2019-04-16,0.1,42.1,0.0421,137.49347124661062,178.74151262059382,4,0.24,0.24,0.24,0.1333333333333332,0.542857142857143,0.8660254037844387,-0.4999999999999998,0.9679377830240642,-0.25119006388481935
BD00042019,106.41,10.53,1.0,2019-05-01,0.2,4.12,0.00412,137.49347124661062,178.74151262059382,4,0.37,0.37,0.37,0.25999999999999984,0.47571428571428587,0.49999999999999994,-0.8660254037844387,0.8717063187093218,-0.4900286664290592
BD00042019,106.41,10.53,1.0,2019-05-16,0.2,45.26,0.045259999999999995,137.49347124661062,178.74151262059382,4,0.44,0.44,0.44,0.19999999999999982,0.38000000000000017,0.49999999999999994,-0.8660254037844387,0.717676913675962,-0.6963762255968722
BD00042019,106.41,10.53,1.0,2019-06-01,0.2,39.15,0.03915,137.49347124661062,178.74151262059382,4,0.42,0.42,0.42,0.19666666666666655,0.21571428571428583,1.2246467991473532e-16,-1.0,0.5012418134457758,-0.865307254363206
BD00042019,106.41,10.53,1.0,2019-06-19,0.2,39.45,0.039450000000000006,137.49347124661062,178.74151262059382,4,1.12,1.12,1.12,0.8366666666666666,0.5571428571428573,1.2246467991473532e-16,-1.0,0.21352091543979612,-0.9769384927771817
BD00042020,106.41,10.53,0.54,2020-03-09,1.2,744.45,0.7444500000000001,137.49347124661062,178.74151262059382,4,0.13,0.13,0.13,-0.03000000000000022,0.09285714285714299,1.0,6.123233995736766e-17,0.9275416835791966,0.37371971479046906
BD00042020,106.41,10.53,0.54,2020-03-27,1.5,492.755,0.492755,137.49347124661062,178.74151262059382,4,0.87,0.87,0.87,0.4299999999999997,0.2371428571428573,1.0,6.123233995736766e-17,0.9973249731081555,0.07309512989807777
BD00042020,106.41,10.53,0.54,2020-04-27,1.38,641.645,0.641645,137.49347124661062,178.74151262059382,4,0.72,0.72,0.72,0.7733333333333331,0.482857142857143,0.8660254037844387,-0.4999999999999998,0.895839290734909,-0.4443781781046132
BD00042020,106.41,10.53,0.54,2020-05-09,5.66,1772.5,1.7725,137.49347124661062,178.74151262059382,4,0.92,0.92,0.92,0.17666666666666642,0.054285714285714416,0.49999999999999994,-0.8660254037844387,0.7856498550787147,-0.6186714032625031
BD00042020,106.41,10.53,0.54,2020-05-25,1.2,57.745,0.057745,137.49347124661062,178.74151262059382,4,0.68,0.68,0.68,0.5699999999999997,0.14714285714285727,0.49999999999999994,-0.8660254037844387,0.5877852522924732,-0.8090169943749473
BD00042020,106.41,10.53,0.54,2020-06-09,0.52,211.282,0.211282,137.49347124661062,178.74151262059382,4,0.85,0.85,0.85,0.6466666666666665,0.11571428571428584,1.2246467991473532e-16,-1.0,0.36171373072976765,-0.9322892131745133
BD00042020,106.41,10.53,0.54,2020-06-23,0.44,29.155,0.029155,137.49347124661062,178.74151262059382,4,0.8200000000000001,0.8200000000000001,0.8200000000000001,0.5299999999999998,0.018571428571428683,1.2246467991473532e-16,-1.0,0.12874817745258132,-0.99167731989929
BD00042021,106.41,10.53,0.56,2021-01-29,0.17,18.22,0.01822,137.49347124661062,178.74151262059382,4,0.81,0.81,0.81,0.5566666666666665,0.5485714285714287,0.49999999999999994,0.8660254037844387,0.47873384011578846,0.8779600847008882
BD00042021,106.41,10.53,0.56,2021-02-28,0.18,15.62,0.015619999999999998,137.49347124661062,178.74151262059382,4,0.61,0.61,0.61,0.30666666666666653,0.21000000000000016,0.8660254037844386,0.5000000000000001,0.8498170915275278,0.5270777086423722
BD00042021,106.41,10.53,0.56,2021-03-15,0.39,26.5,0.0265,137.49347124661062,178.74151262059382,4,1.02,1.02,1.02,0.4633333333333332,0.17857142857142877,1.0,6.123233995736766e-17,0.9562348265919056,0.29260033563334836
BD00042021,106.41,10.53,0.56,2021-03-29,0.3,36.23,0.03623,137.49347124661062,178.74151262059382,4,0.5700000000000001,0.5700000000000001,0.5700000000000001,0.20333333333333317,-0.01714285714285696,1.0,6.123233995736766e-17,0.9984354211555643,0.055916990100603484
BD00042021,106.41,10.53,0.56,2021-04-14,0.6,164.4,0.16440000000000002,137.49347124661062,178.74151262059382,4,1.07,1.07,1.07,0.5866666666666666,0.19428571428571448,0.8660254037844387,-0.4999999999999998,0.9760105506323683,-0.21772323039653177
BD00042021,106.41,10.53,0.56,2021-04-28,0.2,29.33,0.02933,137.49347124661062,178.74151262059382,4,0.48,0.48,0.48,-0.0333333333333334,-0.14285714285714263,0.8660254037844387,-0.4999999999999998,0.895839290734909,-0.4443781781046132
BD00042021,106.41,10.53,0.56,2021-05-14,0.2,3.5,0.0035,137.49347124661062,178.74151262059382,4,1.04,1.04,1.04,0.8766666666666666,0.43571428571428594,0.49999999999999994,-0.8660254037844387,0.7412220108485958,-0.6712599575675313
BD00052019,106.36,10.56,1.0,2019-03-04,0.1,2.62,0.00262,131.4521405591422,170.88778272688486,3,0.79,0.79,0.79,0.4799999999999997,0.36000000000000015,1.0,6.123233995736766e-17,0.8840675099433636,0.4673592171580022
BD00052019,106.36,10.56,0.73,2019-03-18,0.2,45.21,0.04521,131.4521405591422,170.88778272688486,3,0.46,0.46,0.46,0.1599999999999997,0.2714285714285715,1.0,6.123233995736766e-17,0.9700639218515071,0.2428497220959356
BD00052019,106.36,10.56,0.73,2019-04-02,0.6,76.21,0.07621,131.4521405591422,170.88778272688486,3,0.66,0.66,0.66,0.4766666666666665,0.44142857142857156,0.8660254037844387,-0.4999999999999998,0.9999166586547379,-0.01291029607500882
BD00052019,106.36,10.56,0.73,2019-04-16,0.7,12.1,0.0121,131.4521405591422,170.88778272688486,3,0.39,0.39,0.39,0.10333333333333318,0.4285714285714287,0.8660254037844387,-0.4999999999999998,0.9679377830240642,-0.25119006388481935
BD00052019,106.36,10.56,0.73,2019-05-01,0.7,124.1,0.12409999999999999,131.4521405591422,170.88778272688486,3,0.42,0.42,0.42,0.30666666666666653,0.37571428571428583,0.49999999999999994,-0.8660254037844387,0.8717063187093218,-0.4900286664290592
BD00052019,106.36,10.56,0.73,2019-05-16,0.6,81.25,0.08125,131.4521405591422,170.88778272688486,3,0.53,0.53,0.53,0.3033333333333332,0.32857142857142874,0.49999999999999994,-0.8660254037844387,0.717676913675962,-0.6963762255968722
BD00052019,106.36,10.56,0.73,2019-06-01,0.3,45.78,0.04578,131.4521405591422,170.88778272688486,3,0.63,0.63,0.63,0.27999999999999986,0.20857142857142869,1.2246467991473532e-16,-1.0,0.5012418134457758,-0.865307254363206
BD00052019,106.36,10.56,0.73,2019-06-19,0.2,56.48,0.056479999999999995,131.4521405591422,170.88778272688486,3,1.15,1.15,1.15,1.0,0.6800000000000003,1.2246467991473532e-16,-1.0,0.21352091543979612,-0.9769384927771817
BD00052020,106.36,10.56,0.54,2020-03-09,1.2,673.55,0.67355,131.4521405591422,170.88778272688486,3,0.35000000000000003,0.35000000000000003,0.35000000000000003,0.04999999999999979,0.0385714285714287,1.0,6.123233995736766e-17,0.9275416835791966,0.37371971479046906
BD00052020,106.36,10.56,0.57,2020-03-27,1.11,528.25,0.52825,131.4521405591422,170.88778272688486,3,0.8,0.8,0.8,0.5999999999999998,0.36000000000000015,1.0,6.123233995736766e-17,0.9973249731081555,0.07309512989807777
BD00052020,106.36,10.56,0.57,2020-04-27,1.4,634.555,0.634555,131.4521405591422,170.88778272688486,3,0.62,0.62,0.62,0.7533333333333331,0.5642857142857144,0.8660254037844387,-0.4999999999999998,0.895839290734909,-0.4443781781046132
BD00052020,106.36,10.56,0.57,2020-05-09,1.8,47.675,0.047674999999999995,131.4521405591422,170.88778272688486,3,0.9500000000000001,0.9500000000000001,0.9500000000000001,0.47999999999999976,0.1985714285714287,0.49999999999999994,-0.8660254037844387,0.7856498550787147,-0.6186714032625031
BD00052020,106.36,10.56,0.57,2020-05-25,1.3,584.925,0.5849249999999999,131.4521405591422,170.88778272688486,3,0.62,0.62,0.62,0.6833333333333331,0.2842857142857144,0.49999999999999994,-0.8660254037844387,0.5877852522924732,-0.8090169943749473
BD00052020,106.36,10.56,0.57,2020-06-09,0.74,327.558,0.327558,131.4521405591422,170.88778272688486,3,0.6900000000000001,0.6900000000000001,0.6900000000000001,0.8399999999999999,0.30000000000000016,1.2246467991473532e-16,-1.0,0.36171373072976765,-0.9322892131745133
BD00052020,106.36,10.56,0.57,2020-06-23,0.58,38.415,0.038415,131.4521405591422,170.88778272688486,3,0.75,0.75,0.75,0.7333333333333331,0.20000000000000012,1.2246467991473532e-16,-1.0,0.12874817745258132,-0.99167731989929
BD00052021,106.36,10.56,0.39,2021-01-29,0.15,12.29,0.012289999999999999,131.4521405591422,170.88778272688486,3,0.87,0.87,0.87,0.6799999999999998,0.5614285714285716,0.49999999999999994,0.8660254037844387,0.47873384011578846,0.8779600847008882
BD00052021,106.36,10.56,0.39,2021-02-28,0.2,12.23,0.012230000000000001,131.4521405591422,170.88778272688486,3,0.8200000000000001,0.8200000000000001,0.8200000000000001,0.4333333333333331,0.28285714285714303,0.8660254037844386,0.5000000000000001,0.8498170915275278,0.5270777086423722
BD00052021,106.36,10.56,0.39,2021-03-15,0.32,34.1,0.0341,131.4521405591422,170.88778272688486,3,1.24,1.24,1.24,0.7399999999999999,0.3342857142857145,1.0,6.123233995736766e-17,0.9562348265919056,0.29260033563334836
BD00052021,106.36,10.56,0.39,2021-03-29,0.3,4.52,0.00452,131.4521405591422,170.88778272688486,3,0.93,0.93,0.93,0.41333333333333316,0.08428571428571449,1.0,6.123233995736766e-17,0.9984354211555643,0.055916990100603484
BD00052021,106.36,10.56,0.39,2021-04-14,0.2,3.5,0.0035,131.4521405591422,170.88778272688486,3,1.11,1.11,1.11,0.8433333333333334,0.38285714285714306,0.8660254037844387,-0.4999999999999998,0.9760105506323683,-0.21772323039653177
BD00052021,106.36,10.56,0.39,2021-04-28,0.3,34.57,0.034570000000000004,131.4521405591422,170.88778272688486,3,0.89,0.89,0.89,0.18999999999999995,-0.06285714285714263,0.8660254037844387,-0.4999999999999998,0.895839290734909,-0.4443781781046132
BD00052021,106.36,10.56,0.39,2021-05-14,0.2,24.1,0.0241,131.4521405591422,170.88778272688486,3,0.93,0.93,0.93,1.0599999999999998,0.585714285714286,0.49999999999999994,-0.8660254037844387,0.7412220108485958,-0.6712599575675313
BD00062019,106.49,10.38,1.03,2019-03-04,0.2,35.21,0.03521,150.33330946754674,195.43330230781078,4,0.68,0.68,0.68,0.2999999999999997,0.3857142857142858,1.0,6.123233995736766e-17,0.8840675099433636,0.4673592171580022
BD00062019,106.49,10.38,1.03,2019-03-18,0.1,3.15,0.00315,150.33330946754674,195.43330230781078,4,0.26,0.26,0.26,0.0999999999999997,0.3485714285714287,1.0,6.123233995736766e-17,0.9700639218515071,0.2428497220959356
BD00062019,106.49,10.38,1.03,2019-04-02,0.3,35.12,0.03512,150.33330946754674,195.43330230781078,4,0.5700000000000001,0.5700000000000001,0.5700000000000001,0.37999999999999984,0.5014285714285716,0.8660254037844387,-0.4999999999999998,0.9999166586547379,-0.01291029607500882
BD00062019,106.49,10.38,1.03,2019-04-16,0.2,46.21,0.04621,150.33330946754674,195.43330230781078,4,0.24,0.24,0.24,0.1333333333333332,0.542857142857143,0.8660254037844387,-0.4999999999999998,0.9679377830240642,-0.25119006388481935
BD00062019,106.49,10.38,1.03,2019-05-01,0.2,51.21,0.05121,150.33330946754674,195.43330230781078,4,0.37,0.37,0.37,0.25999999999999984,0.47571428571428587,0.49999999999999994,-0.8660254037844387,0.8717063187093218,-0.4900286664290592
BD00062019,106.49,10.38,1.03,2019-05-16,0.2,48.25,0.04825,150.33330946754674,195.43330230781078,4,0.44,0.44,0.44,0.19999999999999982,0.38000000000000017,0.49999999999999994,-0.8660254037844387,0.717676913675962,-0.6963762255968722
BD00062019,106.49,10.38,1.03,2019-06-01,0.3,52.26,0.05226,150.33330946754674,195.43330230781078,4,0.42,0.42,0.42,0.19666666666666655,0.21571428571428583,1.2246467991473532e-16,-1.0,0.5012418134457758,-0.865307254363206
BD00062019,106.49,10.38,1.04,2019-06-19,0.3,42.85,0.04285,150.33330946754674,195.43330230781078,4,1.12,1.12,1.12,0.8366666666666666,0.5571428571428573,1.2246467991473532e-16,-1.0,0.21352091543979612,-0.9769384927771817
BD00062020,106.49,10.38,0.57,2020-03-09,1.9,1134.4,1.1344,150.33330946754674,195.43330230781078,4,0.13,0.13,0.13,-0.03000000000000022,0.09285714285714299,1.0,6.123233995736766e-17,0.9275416835791966,0.37371971479046906
BD00062020,106.49,10.38,0.57,2020-03-27,1.72,797.625,0.797625,150.33330946754674,195.43330230781078,4,0.87,0.87,0.87,0.4299999999999997,0.2371428571428573,1.0,6.123233995736766e-17,0.9973249731081555,0.07309512989807777
BD00062020,106.49,10.38,0.41,2020-04-27,1.97,882.75,0.88275,150.33330946754674,195.43330230781078,4,0.72,0.72,0.72,0.7733333333333331,0.482857142857143,0.8660254037844387,-0.4999999999999998,0.895839290734909,-0.4443781781046132
BD00062020,106.49,10.38,0.41,2020-05-09,1.52,726.725,0.7267250000000001,150.33330946754674,195.43330230781078,4,0.92,0.92,0.92,0.17666666666666642,0.054285714285714416,0.49999999999999994,-0.8660254037844387,0.7856498550787147,-0.6186714032625031
BD00062020,106.49,10.38,0.41,2020-05-25,1.15,66.195,0.06619499999999999,150.33330946754674,195.43330230781078,4,0.68,0.68,0.68,0.5699999999999997,0.14714285714285727,0.49999999999999994,-0.8660254037844387,0.5877852522924732,-0.8090169943749473
BD00062020,106.49,10.38,0.41,2020-06-09,1.98,1198.21,1.19821,150.33330946754674,195.43330230781078,4,0.85,0.85,0.85,0.6466666666666665,0.11571428571428584,1.2246467991473532e-16,-1.0,0.36171373072976765,-0.9322892131745133
BD00062020,106.49,10.38,0.41,2020-06-23,2.12,1272.655,1.2726549999999999,150.33330946754674,195.43330230781078,4,0.8200000000000001,0.8200000000000001,0.8200000000000001,0.5299999999999998,0.018571428571428683,1.2246467991473532e-16,-1.0,0.12874817745258132,-0.99167731989929
BD00062021,106.49,10.38,0.39,2021-01-29,0.17,18.34,0.01834,150.33330946754674,195.43330230781078,4,0.81,0.81,0.81,0.5566666666666665,0.5485714285714287,0.49999999999999994,0.8660254037844387,0.47873384011578846,0.8779600847008882
BD00062021,106.49,10.38,0.38,2021-02-28,0.6,41.23,0.041229999999999996,150.33330946754674,195.43330230781078,4,0.61,0.61,0.61,0.30666666666666653,0.21000000000000016,0.8660254037844386,0.5000000000000001,0.8498170915275278,0.5270777086423722
BD00062021,106.49,10.38,0.38,2021-03-15,0.44,2.9,0.0029,150.33330946754674,195.43330230781078,4,1.02,1.02,1.02,0.4633333333333332,0.17857142857142877,1.0,6.123233995736766e-17,0.9562348265919056,0.29260033563334836
BD00062021,106.49,10.38,0.38,2021-03-29,0.3,31.21,0.03121,150.33330946754674,195.43330230781078,4,0.5700000000000001,0.5700000000000001,0.5700000000000001,0.20333333333333317,-0.01714285714285696,1.0,6.123233995736766e-17,0.9984354211555643,0.055916990100603484
BD00062021,106.49,10.38,0.38,2021-04-14,0.6,22.4,0.0224,150.33330946754674,195.43330230781078,4,1.07,1.07,1.07,0.5866666666666666,0.19428571428571448,0.8660254037844387,-0.4999999999999998,0.9760105506323683,-0.21772323039653177
BD00062021,106.49,10.38,0.38,2021-04-28,0.5,52.3,0.0523,150.33330946754674,195.43330230781078,4,0.48,0.48,0.48,-0.0333333333333334,-0.14285714285714263,0.8660254037844387,-0.4999999999999998,0.895839290734909,-0.4443781781046132
BD00062021,106.49,10.38,0.38,2021-05-14,0.2,38.5,0.0385,150.33330946754674,195.43330230781078,4,1.04,1.04,1.04,0.8766666666666666,0.43571428571428594,0.49999999999999994,-0.8660254037844387,0.7412220108485958,-0.6712599575675313
BD00072019,106.4,10.49,1.04,2019-03-04,0.2,29.21,0.02921,137.46404850604512,178.70326305785866,4,0.68,0.68,0.68,0.2999999999999997,0.3857142857142858,1.0,6.123233995736766e-17,0.8840675099433636,0.4673592171580022
BD00072019,106.4,10.49,1.04,2019-03-18,0.1,28.12,0.028120000000000003,137.46404850604512,178.70326305785866,4,0.26,0.26,0.26,0.0999999999999997,0.3485714285714287,1.0,6.123233995736766e-17,0.9700639218515071,0.2428497220959356
BD00072019,106.4,10.49,1.04,2019-04-02,0.2,3.51,0.0035099999999999997,137.46404850604512,178.70326305785866,4,0.5700000000000001,0.5700000000000001,0.5700000000000001,0.37999999999999984,0.5014285714285716,0.8660254037844387,-0.4999999999999998,0.9999166586547379,-0.01291029607500882
BD00072019,106.4,10.49,1.04,2019-04-16,0.1,22.5,0.0225,137.46404850604512,178.70326305785866,4,0.24,0.24,0.24,0.1333333333333332,0.542857142857143,0.8660254037844387,-0.4999999999999998,0.9679377830240642,-0.25119006388481935
BD00072019,106.4,10.49,1.04,2019-05-01,0.2,23.12,0.02312,137.46404850604512,178.70326305785866,4,0.37,0.37,0.37,0.25999999999999984,0.47571428571428587,0.49999999999999994,-0.8660254037844387,0.8717063187093218,-0.4900286664290592
BD00072019,106.4,10.49,1.04,2019-05-16,0.1,15.69,0.01569,137.46404850604512,178.70326305785866,4,0.44,0.44,0.44,0.19999999999999982,0.38000000000000017,0.49999999999999994,-0.8660254037844387,0.717676913675962,-0.6963762255968722
BD00072019,106.4,10.49,0.65,2019-06-01,0.3,45.14,0.04514,137.46404850604512,178.70326305785866,4,0.42,0.42,0.42,0.19666666666666655,0.21571428571428583,1.2246467991473532e-16,-1.0,0.5012418134457758,-0.865307254363206
BD00072019,106.4,10.49,0.65,2019-06-19,0.1,22.24,0.02224,137.46404850604512,178.70326305785866,4,1.12,1.12,1.12,0.8366666666666666,0.5571428571428573,1.2246467991473532e-16,-1.0,0.21352091543979612,-0.9769384927771817
BD00072020,106.4,10.49,0.41,2020-03-09,1.1,957.15,0.95715,137.46404850604512,178.70326305785866,4,0.13,0.13,0.13,-0.03000000000000022,0.09285714285714299,1.0,6.123233995736766e-17,0.9275416835791966,0.37371971479046906
BD00072020,106.4,10.49,0.41,2020-03-27,1.42,662.915,0.6629149999999999,137.46404850604512,178.70326305785866,4,0.87,0.87,0.87,0.4299999999999997,0.2371428571428573,1.0,6.123233995736766e-17,0.9973249731081555,0.07309512989807777
BD00072020,106.4,10.49,0.41,2020-04-27,1.51,974.875,0.974875,137.46404850604512,178.70326305785866,4,0.72,0.72,0.72,0.7733333333333331,0.482857142857143,0.8660254037844387,-0.4999999999999998,0.895839290734909,-0.4443781781046132
BD00072020,106.4,10.49,0.32,2020-05-09,1.26,62.375,0.062375,137.46404850604512,178.70326305785866,4,0.92,0.92,0.92,0.17666666666666642,0.054285714285714416,0.49999999999999994,-0.8660254037844387,0.7856498550787147,-0.6186714032625031
BD00072020,106.4,10.49,0.32,2020-05-25,1.8,528.25,0.52825,137.46404850604512,178.70326305785866,4,0.68,0.68,0.68,0.5699999999999997,0.14714285714285727,0.49999999999999994,-0.8660254037844387,0.5877852522924732,-0.8090169943749473
BD00072020,106.4,10.49,0.32,2020-06-09,0.49,191.43,0.19143000000000002,137.46404850604512,178.70326305785866,4,0.85,0.85,0.85,0.6466666666666665,0.11571428571428584,1.2246467991473532e-16,-1.0,0.36171373072976765,-0.9322892131745133
BD00072020,106.4,10.49,0.32,2020-06-23,0.32,166.615,0.166615,137.46404850604512,178.70326305785866,4,0.8200000000000001,0.8200000000000001,0.8200000000000001,0.5299999999999998,0.018571428571428683,1.2246467991473532e-16,-1.0,0.12874817745258132,-0.99167731989929
BD00072021,106.4,10.49,0.38,2021-01-29,0.1,2.95,0.0029500000000000004,137.46404850604512,178.70326305785866,4,0.81,0.81,0.81,0.5566666666666665,0.5485714285714287,0.49999999999999994,0.8660254037844387,0.47873384011578846,0.8779600847008882
BD00072021,106.4,10.49,0.38,2021-02-28,0.7,1.25,0.00125,137.46404850604512,178.70326305785866,4,0.61,0.61,0.61,0.30666666666666653,0.21000000000000016,0.8660254037844386,0.5000000000000001,0.8498170915275278,0.5270777086423722
BD00072021,106.4,10.49,0.4,2021-03-15,0.18,15.7,0.0157,137.46404850604512,178.70326305785866,4,1.02,1.02,1.02,0.4633333333333332,0.17857142857142877,1.0,6.123233995736766e-17,0.9562348265919056,0.29260033563334836
BD00072021,106.4,10.49,0.4,2021-03-29,0.2,25.82,0.02582,137.46404850604512,178.70326305785866,4,0.5700000000000001,0.5700000000000001,0.5700000000000001,0.20333333333333317,-0.01714285714285696,1.0,6.123233995736766e-17,0.9984354211555643,0.055916990100603484
BD00072021,106.4,10.49,0.4,2021-04-14,0.2,34.5,0.0345,137.46404850604512,178.70326305785866,4,1.07,1.07,1.07,0.5866666666666666,0.19428571428571448,0.8660254037844387,-0.4999999999999998,0.9760105506323683,-0.21772323039653177
BD00072021,106.4,10.49,0.4,2021-04-28,0.2,25.46,0.02546,137.46404850604512,178.70326305785866,4,0.48,0.48,0.48,-0.0333333333333334,-0.14285714285714263,0.8660254037844387,-0.4999999999999998,0.895839290734909,-0.4443781781046132
BD00072021,106.4,10.49,0.4,2021-05-14,0.1,23.5,0.0235,137.46404850604512,178.70326305785866,4,1.04,1.04,1.04,0.8766666666666666,0.43571428571428594,0.49999999999999994,-0.8660254037844387,0.7412220108485958,-0.6712599575675313
BD00082019,106.37,10.36,0.65,2019-03-04,0.2,38.32,0.03832,138.6730483308964,180.27496283016532,4,0.68,0.68,0.68,0.2999999999999997,0.3857142857142858,1.0,6.123233995736766e-17,0.8840675099433636,0.4673592171580022
BD00082019,106.37,10.36,0.65,2019-03-18,0.1,24.21,0.024210000000000002,138.6730483308964,180.27496283016532,4,0.26,0.26,0.26,0.0999999999999997,0.3485714285714287,1.0,6.123233995736766e-17,0.9700639218515071,0.2428497220959356
BD00082019,106.37,10.36,0.65,2019-04-02,0.3,34.12,0.03412,138.6730483308964,180.27496283016532,4,0.5700000000000001,0.5700000000000001,0.5700000000000001,0.37999999999999984,0.5014285714285716,0.8660254037844387,-0.4999999999999998,0.9999166586547379,-0.01291029607500882
BD00082019,106.37,10.36,0.65,2019-04-16,0.5,63.12,0.06312,138.6730483308964,180.27496283016532,4,0.24,0.24,0.24,0.1333333333333332,0.542857142857143,0.8660254037844387,-0.4999999999999998,0.9679377830240642,-0.25119006388481935
BD00082019,106.37,10.36,0.65,2019-05-01,0.4,94.12,0.09412000000000001,138.6730483308964,180.27496283016532,4,0.37,0.37,0.37,0.25999999999999984,0.47571428571428587,0.49999999999999994,-0.8660254037844387,0.8717063187093218,-0.4900286664290592
BD00082019,106.37,10.36,0.7,2019-05-16,0.1,2.54,0.00254,138.6730483308964,180.27496283016532,4,0.44,0.44,0.44,0.19999999999999982,0.38000000000000017,0.49999999999999994,-0.8660254037844387,0.717676913675962,-0.6963762255968722
BD00082019,106.37,10.36,0.7,2019-06-01,0.1,25.62,0.02562,138.6730483308964,180.27496283016532,4,0.42,0.42,0.42,0.19666666666666655,0.21571428571428583,1.2246467991473532e-16,-1.0,0.5012418134457758,-0.865307254363206
BD00082019,106.37,10.36,0.7,2019-06-19,0.1,16.21,0.016210000000000002,138.6730483308964,180.27496283016532,4,1.12,1.12,1.12,0.8366666666666666,0.5571428571428573,1.2246467991473532e-16,-1.0,0.21352091543979612,-0.9769384927771817
BD00082020,106.37,10.36,0.32,2020-03-09,1.3,815.35,0.81535,138.6730483308964,180.27496283016532,4,0.13,0.13,0.13,-0.03000000000000022,0.09285714285714299,1.0,6.123233995736766e-17,0.9275416835791966,0.37371971479046906
BD00082020,106.37,10.36,0.32,2020-03-27,2.43,726.0,0.726,138.6730483308964,180.27496283016532,4,0.87,0.87,0.87,0.4299999999999997,0.2371428571428573,1.0,6.123233995736766e-17,0.9973249731081555,0.07309512989807777
BD00082020,106.37,10.36,0.32,2020-04-27,1.54,93.975,0.09397499999999999,138.6730483308964,180.27496283016532,4,0.72,0.72,0.72,0.7733333333333331,0.482857142857143,0.8660254037844387,-0.4999999999999998,0.895839290734909,-0.4443781781046132
BD00082020,106.37,10.36,0.32,2020-05-09,1.42,443.125,0.443125,138.6730483308964,180.27496283016532,4,0.92,0.92,0.92,0.17666666666666642,0.054285714285714416,0.49999999999999994,-0.8660254037844387,0.7856498550787147,-0.6186714032625031
BD00082020,106.37,10.36,0.44,2020-05-25,1.58,889.795,0.889795,138.6730483308964,180.27496283016532,4,0.68,0.68,0.68,0.5699999999999997,0.14714285714285727,0.49999999999999994,-0.8660254037844387,0.5877852522924732,-0.8090169943749473
BD00082020,106.37,10.36,0.44,2020-06-09,0.41,185.758,0.185758,138.6730483308964,180.27496283016532,4,0.85,0.85,0.85,0.6466666666666665,0.11571428571428584,1.2246467991473532e-16,-1.0,0.36171373072976765,-0.9322892131745133
BD00082020,106.37,10.36,0.44,2020-06-23,0.26,138.255,0.138255,138.6730483308964,180.27496283016532,4,0.8200000000000001,0.8200000000000001,0.8200000000000001,0.5299999999999998,0.018571428571428683,1.2246467991473532e-16,-1.0,0.12874817745258132,-0.99167731989929
BD00082021,106.37,10.36,0.4,2021-01-29,0.35,42.8,0.0428,138.6730483308964,180.27496283016532,4,0.81,0.81,0.81,0.5566666666666665,0.5485714285714287,0.49999999999999994,0.8660254037844387,0.47873384011578846,0.8779600847008882
BD00082021,106.37,10.36,0.4,2021-02-28,0.14,2.65,0.00265,138.6730483308964,180.27496283016532,4,0.61,0.61,0.61,0.30666666666666653,0.21000000000000016,0.8660254037844386,0.5000000000000001,0.8498170915275278,0.5270777086423722
BD00082021,106.37,10.36,0.4,2021-03-15,0.21,24.1,0.0241,138.6730483308964,180.27496283016532,4,1.02,1.02,1.02,0.4633333333333332,0.17857142857142877,1.0,6.123233995736766e-17,0.9562348265919056,0.29260033563334836
BD00082021,106.37,10.36,0.44,2021-03-29,0.2,3.24,0.0032400000000000003,138.6730483308964,180.27496283016532,4,0.5700000000000001,0.5700000000000001,0.5700000000000001,0.20333333333333317,-0.01714285714285696,1.0,6.123233995736766e-17,0.9984354211555643,0.055916990100603484
BD00082021,106.37,10.36,0.44,2021-04-14,0.2,61.4,0.061399999999999996,138.6730483308964,180.27496283016532,4,1.07,1.07,1.07,0.5866666666666666,0.19428571428571448,0.8660254037844387,-0.4999999999999998,0.9760105506323683,-0.21772323039653177
BD00082021,106.37,10.36,0.44,2021-04-28,0.3,36.72,0.036719999999999996,138.6730483308964,180.27496283016532,4,0.48,0.48,0.48,-0.0333333333333334,-0.14285714285714263,0.8660254037844387,-0.4999999999999998,0.895839290734909,-0.4443781781046132
BD00082021,106.37,10.36,0.44,2021-05-14,0.1,29.95,0.02995,138.6730483308964,180.27496283016532,4,1.04,1.04,1.04,0.8766666666666666,0.43571428571428594,0.49999999999999994,-0.8660254037844387,0.7412220108485958,-0.6712599575675313
BD00092019,106.34,10.39,0.7,2019-03-04,0.1,2.51,0.0025099999999999996,134.4451058236184,174.77863757070392,3,0.79,0.79,0.79,0.4799999999999997,0.36000000000000015,1.0,6.123233995736766e-17,0.8840675099433636,0.4673592171580022
BD00092019,106.34,10.39,0.7,2019-03-18,0.1,3.62,0.00362,134.4451058236184,174.77863757070392,3,0.46,0.46,0.46,0.1599999999999997,0.2714285714285715,1.0,6.123233995736766e-17,0.9700639218515071,0.2428497220959356
BD00092019,106.34,10.39,0.7,2019-04-02,0.3,46.21,0.04621,134.4451058236184,174.77863757070392,3,0.66,0.66,0.66,0.4766666666666665,0.44142857142857156,0.8660254037844387,-0.4999999999999998,0.9999166586547379,-0.01291029607500882
BD00092019,106.34,10.39,0.7,2019-04-16,0.1,21.8,0.0218,134.4451058236184,174.77863757070392,3,0.39,0.39,0.39,0.10333333333333318,0.4285714285714287,0.8660254037844387,-0.4999999999999998,0.9679377830240642,-0.25119006388481935
BD00092019,106.34,10.39,1.03,2019-05-01,0.1,2.12,0.00212,134.4451058236184,174.77863757070392,3,0.42,0.42,0.42,0.30666666666666653,0.37571428571428583,0.49999999999999994,-0.8660254037844387,0.8717063187093218,-0.4900286664290592
BD00092019,106.34,10.39,1.03,2019-05-16,0.1,25.6,0.0256,134.4451058236184,174.77863757070392,3,0.53,0.53,0.53,0.3033333333333332,0.32857142857142874,0.49999999999999994,-0.8660254037844387,0.717676913675962,-0.6963762255968722
BD00092019,106.34,10.39,1.03,2019-06-01,0.1,3.58,0.0035800000000000003,134.4451058236184,174.77863757070392,3,0.63,0.63,0.63,0.27999999999999986,0.20857142857142869,1.2246467991473532e-16,-1.0,0.5012418134457758,-0.865307254363206
BD00092019,106.34,10.39,1.03,2019-06-19,0.1,23.48,0.02348,134.4451058236184,174.77863757070392,3,1.15,1.15,1.15,1.0,0.6800000000000003,1.2246467991473532e-16,-1.0,0.21352091543979612,-0.9769384927771817
BD00092020,106.34,10.39,0.44,2020-03-09,1.5,673.55,0.67355,134.4451058236184,174.77863757070392,3,0.35000000000000003,0.35000000000000003,0.35000000000000003,0.04999999999999979,0.0385714285714287,1.0,6.123233995736766e-17,0.9275416835791966,0.37371971479046906
BD00092020,106.34,10.39,0.44,2020-03-27,1.89,882.75,0.88275,134.4451058236184,174.77863757070392,3,0.8,0.8,0.8,0.5999999999999998,0.36000000000000015,1.0,6.123233995736766e-17,0.9973249731081555,0.07309512989807777
BD00092020,106.34,10.39,0.44,2020-04-27,1.44,868.525,0.868525,134.4451058236184,174.77863757070392,3,0.62,0.62,0.62,0.7533333333333331,0.5642857142857144,0.8660254037844387,-0.4999999999999998,0.895839290734909,-0.4443781781046132
BD00092020,106.34,10.39,0.44,2020-05-09,1.39,584.925,0.5849249999999999,134.4451058236184,174.77863757070392,3,0.9500000000000001,0.9500000000000001,0.9500000000000001,0.47999999999999976,0.1985714285714287,0.49999999999999994,-0.8660254037844387,0.7856498550787147,-0.6186714032625031
BD00092020,106.34,10.39,0.44,2020-05-25,1.26,662.915,0.6629149999999999,134.4451058236184,174.77863757070392,3,0.62,0.62,0.62,0.6833333333333331,0.2842857142857144,0.49999999999999994,-0.8660254037844387,0.5877852522924732,-0.8090169943749473
BD00092020,106.34,10.39,0.25,2020-06-09,0.63,262.33,0.26233,134.4451058236184,174.77863757070392,3,0.6900000000000001,0.6900000000000001,0.6900000000000001,0.8399999999999999,0.30000000000000016,1.2246467991473532e-16,-1.0,0.36171373072976765,-0.9322892131745133
BD00092020,106.34,10.39,0.25,2020-06-23,0.24,124.75,0.12475,134.4451058236184,174.77863757070392,3,0.75,0.75,0.75,0.7333333333333331,0.20000000000000012,1.2246467991473532e-16,-1.0,0.12874817745258132,-0.99167731989929
BD00092021,106.34,10.39,0.44,2021-01-29,0.15,1.2,0.0012,134.4451058236184,174.77863757070392,3,0.87,0.87,0.87,0.6799999999999998,0.5614285714285716,0.49999999999999994,0.8660254037844387,0.47873384011578846,0.8779600847008882
BD00092021,106.34,10.39,0.44,2021-02-28,0.12,27.12,0.027120000000000002,134.4451058236184,174.77863757070392,3,0.8200000000000001,0.8200000000000001,0.8200000000000001,0.4333333333333331,0.28285714285714303,0.8660254037844386,0.5000000000000001,0.8498170915275278,0.5270777086423722
BD00092021,106.34,10.39,0.44,2021-03-15,0.18,9.63,0.009630000000000001,134.4451058236184,174.77863757070392,3,1.24,1.24,1.24,0.7399999999999999,0.3342857142857145,1.0,6.123233995736766e-17,0.9562348265919056,0.29260033563334836
BD00092021,106.34,10.39,0.44,2021-03-29,0.2,26.12,0.02612,134.4451058236184,174.77863757070392,3,0.93,0.93,0.93,0.41333333333333316,0.08428571428571449,1.0,6.123233995736766e-17,0.9984354211555643,0.055916990100603484
BD00092021,106.34,10.39,0.41,2021-04-14,0.2,42.2,0.0422,134.4451058236184,174.77863757070392,3,1.11,1.11,1.11,0.8433333333333334,0.38285714285714306,0.8660254037844387,-0.4999999999999998,0.9760105506323683,-0.21772323039653177
BD00092021,106.34,10.39,0.41,2021-04-28,0.2,28.41,0.02841,134.4451058236184,174.77863757070392,3,0.89,0.89,0.89,0.18999999999999995,-0.06285714285714263,0.8660254037844387,-0.4999999999999998,0.895839290734909,-0.4443781781046132
BD00092021,106.34,10.39,0.41,2021-05-14,0.1,31.48,0.03148,134.4451058236184,174.77863757070392,3,0.93,0.93,0.93,1.0599999999999998,0.585714285714286,0.49999999999999994,-0.8660254037844387,0.7412220108485958,-0.6712599575675313
BD00102019,106.3,10.43,1.03,2019-03-04,0.1,28.21,0.028210000000000002,128.8571497115012,167.51429462495156,3,0.79,0.79,0.79,0.4799999999999997,0.36000000000000015,1.0,6.123233995736766e-17,0.8840675099433636,0.4673592171580022
BD00102019,106.3,10.43,1.03,2019-03-18,0.1,3.94,0.00394,128.8571497115012,167.51429462495156,3,0.46,0.46,0.46,0.1599999999999997,0.2714285714285715,1.0,6.123233995736766e-17,0.9700639218515071,0.2428497220959356
BD00102019,106.3,10.43,1.03,2019-04-02,0.2,38.12,0.038119999999999994,128.8571497115012,167.51429462495156,3,0.66,0.66,0.66,0.4766666666666665,0.44142857142857156,0.8660254037844387,-0.4999999999999998,0.9999166586547379,-0.01291029607500882
BD00102019,106.3,10.43,0.64,2019-04-16,0.2,46.52,0.046520000000000006,128.8571497115012,167.51429462495156,3,0.39,0.39,0.39,0.10333333333333318,0.4285714285714287,0.8660254037844387,-0.4999999999999998,0.9679377830240642,-0.25119006388481935
BD00102019,106.3,10.43,0.64,2019-05-01,0.2,36.12,0.03612,128.8571497115012,167.51429462495156,3,0.42,0.42,0.42,0.30666666666666653,0.37571428571428583,0.49999999999999994,-0.8660254037844387,0.8717063187093218,-0.4900286664290592
BD00102019,106.3,10.43,0.64,2019-05-16,0.1,28.15,0.028149999999999998,128.8571497115012,167.51429462495156,3,0.53,0.53,0.53,0.3033333333333332,0.32857142857142874,0.49999999999999994,-0.8660254037844387,0.717676913675962,-0.6963762255968722
BD00102019,106.3,10.43,0.64,2019-06-01,0.2,3.48,0.00348,128.8571497115012,167.51429462495156,3,0.63,0.63,0.63,0.27999999999999986,0.20857142857142869,1.2246467991473532e-16,-1.0,0.5012418134457758,-0.865307254363206
BD00102019,106.3,10.43,0.64,2019-06-19,0.1,32.65,0.03265,128.8571497115012,167.51429462495156,3,1.15,1.15,1.15,1.0,0.6800000000000003,1.2246467991473532e-16,-1.0,0.21352091543979612,-0.9769384927771817
BD00102020,106.3,10.43,0.25,2020-03-09,0.3,125.6,0.1256,128.8571497115012,167.51429462495156,3,0.35000000000000003,0.35000000000000003,0.35000000000000003,0.04999999999999979,0.0385714285714287,1.0,6.123233995736766e-17,0.9275416835791966,0.37371971479046906
BD00102020,106.3,10.43,0.25,2020-03-27,1.67,797.625,0.797625,128.8571497115012,167.51429462495156,3,0.8,0.8,0.8,0.5999999999999998,0.36000000000000015,1.0,6.123233995736766e-17,0.9973249731081555,0.07309512989807777
BD00102020,106.3,10.43,0.25,2020-04-27,1.71,868.525,0.868525,128.8571497115012,167.51429462495156,3,0.62,0.62,0.62,0.7533333333333331,0.5642857142857144,0.8660254037844387,-0.4999999999999998,0.895839290734909,-0.4443781781046132
BD00102020,106.3,10.43,0.25,2020-05-09,1.49,347.41,0.34741000000000005,128.8571497115012,167.51429462495156,3,0.9500000000000001,0.9500000000000001,0.9500000000000001,0.47999999999999976,0.1985714285714287,0.49999999999999994,-0.8660254037844387,0.7856498550787147,-0.6186714032625031
BD00102020,106.3,10.43,0.25,2020-05-25,1.34,733.815,0.7338150000000001,128.8571497115012,167.51429462495156,3,0.62,0.62,0.62,0.6833333333333331,0.2842857142857144,0.49999999999999994,-0.8660254037844387,0.5877852522924732,-0.8090169943749473
BD00102020,106.3,10.43,0.25,2020-06-09,0.74,378.66,0.37866000000000005,128.8571497115012,167.51429462495156,3,0.6900000000000001,0.6900000000000001,0.6900000000000001,0.8399999999999999,0.30000000000000016,1.2246467991473532e-16,-1.0,0.36171373072976765,-0.9322892131745133
BD00102020,106.3,10.43,0.31,2020-06-23,0.28,145.345,0.145345,128.8571497115012,167.51429462495156,3,0.75,0.75,0.75,0.7333333333333331,0.20000000000000012,1.2246467991473532e-16,-1.0,0.12874817745258132,-0.99167731989929
BD00102021,106.3,10.43,0.41,2021-01-29,0.17,14.66,0.01466,128.8571497115012,167.51429462495156,3,0.87,0.87,0.87,0.6799999999999998,0.5614285714285716,0.49999999999999994,0.8660254037844387,0.47873384011578846,0.8779600847008882
BD00102021,106.3,10.43,0.41,2021-02-28,0.13,2.56,0.00256,128.8571497115012,167.51429462495156,3,0.8200000000000001,0.8200000000000001,0.8200000000000001,0.4333333333333331,0.28285714285714303,0.8660254037844386,0.5000000000000001,0.8498170915275278,0.5270777086423722
BD00102021,106.3,10.43,0.41,2021-03-15,0.19,14.8,0.0148,128.8571497115012,167.51429462495156,3,1.24,1.24,1.24,0.7399999999999999,0.3342857142857145,1.0,6.123233995736766e-17,0.9562348265919056,0.29260033563334836
BD00102021,106.3,10.43,0.41,2021-03-29,0.2,34.15,0.03415,128.8571497115012,167.51429462495156,3,0.93,0.93,0.93,0.41333333333333316,0.08428571428571449,1.0,6.123233995736766e-17,0.9984354211555643,0.055916990100603484
BD00102021,106.3,10.43,0.41,2021-04-14,0.2,41.2,0.0412,128.8571497115012,167.51429462495156,3,1.11,1.11,1.11,0.8433333333333334,0.38285714285714306,0.8660254037844387,-0.4999999999999998,0.9760105506323683,-0.21772323039653177
BD00102021,106.3,10.43,0.31,2021-04-28,0.2,2.75,0.00275,128.8571497115012,167.51429462495156,3,0.89,0.89,0.89,0.18999999999999995,-0.06285714285714263,0.8660254037844387,-0.4999999999999998,0.895839290734909,-0.4443781781046132
BD00102021,106.3,10.43,0.31,2021-05-14,0.1,22.8,0.0228,128.8571497115012,167.51429462495156,3,0.93,0.93,0.93,1.0599999999999998,0.585714285714286,0.49999999999999994,-0.8660254037844387,0.7412220108485958,-0.6712599575675313
BD00112019,106.29,10.52,0.64,2019-03-04,0.1,29.21,0.02921,124.9861582682449,162.4820057487184,3,0.79,0.79,0.79,0.4799999999999997,0.36000000000000015,1.0,6.123233995736766e-17,0.8840675099433636,0.4673592171580022
BD00112019,106.29,10.52,0.64,2019-03-18,0.2,41.52,0.04152,124.9861582682449,162.4820057487184,3,0.46,0.46,0.46,0.1599999999999997,0.2714285714285715,1.0,6.123233995736766e-17,0.9700639218515071,0.2428497220959356
BD00112019,106.29,10.52,0.06,2019-04-02,0.3,51.21,0.05121,124.9861582682449,162.4820057487184,3,0.66,0.66,0.66,0.4766666666666665,0.44142857142857156,0.8660254037844387,-0.4999999999999998,0.9999166586547379,-0.01291029607500882
BD00112019,106.29,10.52,0.06,2019-04-16,0.2,52.34,0.052340000000000005,124.9861582682449,162.4820057487184,3,0.39,0.39,0.39,0.10333333333333318,0.4285714285714287,0.8660254037844387,-0.4999999999999998,0.9679377830240642,-0.25119006388481935
BD00112019,106.29,10.52,0.06,2019-05-01,0.3,41.52,0.04152,124.9861582682449,162.4820057487184,3,0.42,0.42,0.42,0.30666666666666653,0.37571428571428583,0.49999999999999994,-0.8660254037844387,0.8717063187093218,-0.4900286664290592
BD00112019,106.29,10.52,0.06,2019-05-16,0.3,39.54,0.03954,124.9861582682449,162.4820057487184,3,0.53,0.53,0.53,0.3033333333333332,0.32857142857142874,0.49999999999999994,-0.8660254037844387,0.717676913675962,-0.6963762255968722
BD00112019,106.29,10.52,0.06,2019-06-01,0.3,58.47,0.05847,124.9861582682449,162.4820057487184,3,0.63,0.63,0.63,0.27999999999999986,0.20857142857142869,1.2246467991473532e-16,-1.0,0.5012418134457758,-0.865307254363206
BD00112019,106.29,10.52,0.06,2019-06-19,0.1,24.15,0.024149999999999998,124.9861582682449,162.4820057487184,3,1.15,1.15,1.15,1.0,0.6800000000000003,1.2246467991473532e-16,-1.0,0.21352091543979612,-0.9769384927771817
BD00112020,106.29,10.52,0.31,2020-03-09,0.8,244.65,0.24465,124.9861582682449,162.4820057487184,3,0.35000000000000003,0.35000000000000003,0.35000000000000003,0.04999999999999979,0.0385714285714287,1.0,6.123233995736766e-17,0.9275416835791966,0.37371971479046906
BD00112020,106.29,10.52,0.31,2020-03-27,0.95,428.945,0.428945,124.9861582682449,162.4820057487184,3,0.8,0.8,0.8,0.5999999999999998,0.36000000000000015,1.0,6.123233995736766e-17,0.9973249731081555,0.07309512989807777
BD00112020,106.29,10.52,0.31,2020-04-27,1.21,691.275,0.691275,124.9861582682449,162.4820057487184,3,0.62,0.62,0.62,0.7533333333333331,0.5642857142857144,0.8660254037844387,-0.4999999999999998,0.895839290734909,-0.4443781781046132
BD00112020,106.29,10.52,0.31,2020-05-09,0.84,138.255,0.138255,124.9861582682449,162.4820057487184,3,0.9500000000000001,0.9500000000000001,0.9500000000000001,0.47999999999999976,0.1985714285714287,0.49999999999999994,-0.8660254037844387,0.7856498550787147,-0.6186714032625031
BD00112020,106.29,10.52,0.31,2020-05-25,1.23,75.455,0.075455,124.9861582682449,162.4820057487184,3,0.62,0.62,0.62,0.6833333333333331,0.2842857142857144,0.49999999999999994,-0.8660254037844387,0.5877852522924732,-0.8090169943749473
BD00112020,106.29,10.52,0.31,2020-06-09,0.62,253.822,0.253822,124.9861582682449,162.4820057487184,3,0.6900000000000001,0.6900000000000001,0.6900000000000001,0.8399999999999999,0.30000000000000016,1.2246467991473532e-16,-1.0,0.36171373072976765,-0.9322892131745133
BD00112020,106.29,10.52,0.31,2020-06-23,0.48,29.155,0.029155,124.9861582682449,162.4820057487184,3,0.75,0.75,0.75,0.7333333333333331,0.20000000000000012,1.2246467991473532e-16,-1.0,0.12874817745258132,-0.99167731989929
BD00112021,106.29,10.52,0.31,2021-01-29,0.15,15.48,0.01548,124.9861582682449,162.4820057487184,3,0.87,0.87,0.87,0.6799999999999998,0.5614285714285716,0.49999999999999994,0.8660254037844387,0.47873384011578846,0.8779600847008882
BD00112021,106.29,10.52,0.31,2021-02-28,0.14,23.45,0.02345,124.9861582682449,162.4820057487184,3,0.8200000000000001,0.8200000000000001,0.8200000000000001,0.4333333333333331,0.28285714285714303,0.8660254037844386,0.5000000000000001,0.8498170915275278,0.5270777086423722
BD00112021,106.29,10.52,0.31,2021-03-15,0.19,7.6,0.0076,124.9861582682449,162.4820057487184,3,1.24,1.24,1.24,0.7399999999999999,0.3342857142857145,1.0,6.123233995736766e-17,0.9562348265919056,0.29260033563334836
BD00112021,106.29,10.52,0.31,2021-03-29,0.1,21.21,0.02121,124.9861582682449,162.4820057487184,3,0.93,0.93,0.93,0.41333333333333316,0.08428571428571449,1.0,6.123233995736766e-17,0.9984354211555643,0.055916990100603484
BD00112021,106.29,10.52,0.31,2021-04-14,0.2,2.5,0.0025,124.9861582682449,162.4820057487184,3,1.11,1.11,1.11,0.8433333333333334,0.38285714285714306,0.8660254037844387,-0.4999999999999998,0.9760105506323683,-0.21772323039653177
BD00112021,106.29,10.52,0.31,2021-04-28,0.2,29.4,0.0294,124.9861582682449,162.4820057487184,3,0.89,0.89,0.89,0.18999999999999995,-0.06285714285714263,0.8660254037844387,-0.4999999999999998,0.895839290734909,-0.4443781781046132
BD00112021,106.29,10.52,0.41,2021-05-14,0.2,45.4,0.045399999999999996,124.9861582682449,162.4820057487184,3,0.93,0.93,0.93,1.0599999999999998,0.585714285714286,0.49999999999999994,-0.8660254037844387,0.7412220108485958,-0.6712599575675313
BD00122019,106.2,10.48,0.06,2019-03-04,0.1,26.52,0.02652,116.73878510430397,151.76042063559518,3,0.79,0.79,0.79,0.4799999999999997,0.36000000000000015,1.0,6.123233995736766e-17,0.8840675099433636,0.4673592171580022
BD00122019,106.2,10.48,0.52,2019-03-18,0.1,31.54,0.03154,116.73878510430397,151.76042063559518,3,0.46,0.46,0.46,0.1599999999999997,0.2714285714285715,1.0,6.123233995736766e-17,0.9700639218515071,0.2428497220959356
BD00122019,106.2,10.48,0.52,2019-04-02,0.2,4.12,0.00412,116.73878510430397,151.76042063559518,3,0.66,0.66,0.66,0.4766666666666665,0.44142857142857156,0.8660254037844387,-0.4999999999999998,0.9999166586547379,-0.01291029607500882
BD00122019,106.2,10.48,0.52,2019-04-16,0.1,25.12,0.02512,116.73878510430397,151.76042063559518,3,0.39,0.39,0.39,0.10333333333333318,0.4285714285714287,0.8660254037844387,-0.4999999999999998,0.9679377830240642,-0.25119006388481935
BD00122019,106.2,10.48,0.52,2019-05-01,0.2,26.12,0.02612,116.73878510430397,151.76042063559518,3,0.42,0.42,0.42,0.30666666666666653,0.37571428571428583,0.49999999999999994,-0.8660254037844387,0.8717063187093218,-0.4900286664290592
BD00122019,106.2,10.48,0.52,2019-05-16,0.2,28.84,0.02884,116.73878510430397,151.76042063559518,3,0.53,0.53,0.53,0.3033333333333332,0.32857142857142874,0.49999999999999994,-0.8660254037844387,0.717676913675962,-0.6963762255968722
BD00122019,106.2,10.48,0.52,2019-06-01,0.3,46.21,0.04621,116.73878510430397,151.76042063559518,3,0.63,0.63,0.63,0.27999999999999986,0.20857142857142869,1.2246467991473532e-16,-1.0,0.5012418134457758,-0.865307254363206
BD00122019,106.2,10.48,0.52,2019-06-19,0.2,43.26,0.04326,116.73878510430397,151.76042063559518,3,1.15,1.15,1.15,1.0,0.6800000000000003,1.2246467991473532e-16,-1.0,0.21352091543979612,-0.9769384927771817
BD00122020,106.2,10.48,0.36,2020-03-09,0.9,4.585,0.004585,116.73878510430397,151.76042063559518,3,0.35000000000000003,0.35000000000000003,0.35000000000000003,0.04999999999999979,0.0385714285714287,1.0,6.123233995736766e-17,0.9275416835791966,0.37371971479046906
BD00122020,106.2,10.48,0.36,2020-03-27,1.73,79.535,0.079535,116.73878510430397,151.76042063559518,3,0.8,0.8,0.8,0.5999999999999998,0.36000000000000015,1.0,6.123233995736766e-17,0.9973249731081555,0.07309512989807777
BD00122020,106.2,10.48,0.36,2020-04-27,1.33,797.625,0.797625,116.73878510430397,151.76042063559518,3,0.62,0.62,0.62,0.7533333333333331,0.5642857142857144,0.8660254037844387,-0.4999999999999998,0.895839290734909,-0.4443781781046132
BD00122020,106.2,10.48,0.36,2020-05-09,1.2,549.475,0.549475,116.73878510430397,151.76042063559518,3,0.9500000000000001,0.9500000000000001,0.9500000000000001,0.47999999999999976,0.1985714285714287,0.49999999999999994,-0.8660254037844387,0.7856498550787147,-0.6186714032625031
BD00122020,106.2,10.48,0.36,2020-05-25,1.42,797.625,0.797625,116.73878510430397,151.76042063559518,3,0.62,0.62,0.62,0.6833333333333331,0.2842857142857144,0.49999999999999994,-0.8660254037844387,0.5877852522924732,-0.8090169943749473
BD00122020,106.2,10.48,0.36,2020-06-09,0.8,361.59,0.36158999999999997,116.73878510430397,151.76042063559518,3,0.6900000000000001,0.6900000000000001,0.6900000000000001,0.8399999999999999,0.30000000000000016,1.2246467991473532e-16,-1.0,0.36171373072976765,-0.9322892131745133
BD00122020,106.2,10.48,0.36,2020-06-23,0.72,294.235,0.294235,116.73878510430397,151.76042063559518,3,0.75,0.75,0.75,0.7333333333333331,0.20000000000000012,1.2246467991473532e-16,-1.0,0.12874817745258132,-0.99167731989929
BD00122021,106.2,10.48,0.41,2021-01-29,0.15,8.2,0.008199999999999999,116.73878510430397,151.76042063559518,3,0.87,0.87,0.87,0.6799999999999998,0.5614285714285716,0.49999999999999994,0.8660254037844387,0.47873384011578846,0.8779600847008882
BD00122021,106.2,10.48,0.41,2021-02-28,0.19,23.45,0.02345,116.73878510430397,151.76042063559518,3,0.8200000000000001,0.8200000000000001,0.8200000000000001,0.4333333333333331,0.28285714285714303,0.8660254037844386,0.5000000000000001,0.8498170915275278,0.5270777086423722
BD00122021,106.2,10.48,0.41,2021-03-15,0.18,1.55,0.00155,116.73878510430397,151.76042063559518,3,1.24,1.24,1.24,0.7399999999999999,0.3342857142857145,1.0,6.123233995736766e-17,0.9562348265919056,0.29260033563334836
BD00122021,106.2,10.48,0.41,2021-03-29,0.1,3.12,0.00312,116.73878510430397,151.76042063559518,3,0.93,0.93,0.93,0.41333333333333316,0.08428571428571449,1.0,6.123233995736766e-17,0.9984354211555643,0.055916990100603484
BD00122021,106.2,10.48,0.41,2021-04-14,0.1,28.5,0.0285,116.73878510430397,151.76042063559518,3,1.11,1.11,1.11,0.8433333333333334,0.38285714285714306,0.8660254037844387,-0.4999999999999998,0.9760105506323683,-0.21772323039653177
BD00122021,106.2,10.48,0.41,2021-04-28,0.2,3.88,0.0038799999999999998,116.73878510430397,151.76042063559518,3,0.89,0.89,0.89,0.18999999999999995,-0.06285714285714263,0.8660254037844387,-0.4999999999999998,0.895839290734909,-0.4443781781046132
BD00122021,106.2,10.48,0.41,2021-05-14,0.2,46.5,0.0465,116.73878510430397,151.76042063559518,3,0.93,0.93,0.93,1.0599999999999998,0.585714285714286,0.49999999999999994,-0.8660254037844387,0.7412220108485958,-0.6712599575675313
BD00132019,106.29,10.34,1.62,2019-03-04,0.1,2.52,0.00252,131.35754311510743,170.76480604963967,3,0.79,0.79,0.79,0.4799999999999997,0.36000000000000015,1.0,6.123233995736766e-17,0.8840675099433636,0.4673592171580022
BD00132019,106.29,10.34,1.62,2019-03-18,0.029880337,16.54,0.01654,131.35754311510743,170.76480604963967,3,0.46,0.46,0.46,0.1599999999999997,0.2714285714285715,1.0,6.123233995736766e-17,0.9700639218515071,0.2428497220959356
BD00132019,106.29,10.34,1.62,2019-04-02,0.1,2.12,0.00212,131.35754311510743,170.76480604963967,3,0.66,0.66,0.66,0.4766666666666665,0.44142857142857156,0.8660254037844387,-0.4999999999999998,0.9999166586547379,-0.01291029607500882
BD00132019,106.29,10.34,1.62,2019-04-16,0.1,2.13,0.00213,131.35754311510743,170.76480604963967,3,0.39,0.39,0.39,0.10333333333333318,0.4285714285714287,0.8660254037844387,-0.4999999999999998,0.9679377830240642,-0.25119006388481935
BD00132019,106.29,10.34,1.62,2019-05-01,0.1,3.12,0.00312,131.35754311510743,170.76480604963967,3,0.42,0.42,0.42,0.30666666666666653,0.37571428571428583,0.49999999999999994,-0.8660254037844387,0.8717063187093218,-0.4900286664290592
BD00132019,106.29,10.34,1.62,2019-05-16,0.0021859255,1.21,0.00121,131.35754311510743,170.76480604963967,3,0.53,0.53,0.53,0.3033333333333332,0.32857142857142874,0.49999999999999994,-0.8660254037844387,0.717676913675962,-0.6963762255968722
BD00132019,106.29,10.34,1.62,2019-06-01,0.1,2.45,0.0024500000000000004,131.35754311510743,170.76480604963967,3,0.63,0.63,0.63,0.27999999999999986,0.20857142857142869,1.2246467991473532e-16,-1.0,0.5012418134457758,-0.865307254363206
BD00132019,106.29,10.34,0.95,2019-06-19,0.1,26.48,0.02648,131.35754311510743,170.76480604963967,3,1.15,1.15,1.15,1.0,0.6800000000000003,1.2246467991473532e-16,-1.0,0.21352091543979612,-0.9769384927771817
BD00132020,106.29,10.34,0.36,2020-03-09,5.3,2375.15,2.37515,131.35754311510743,170.76480604963967,3,0.35000000000000003,0.35000000000000003,0.35000000000000003,0.04999999999999979,0.0385714285714287,1.0,6.123233995736766e-17,0.9275416835791966,0.37371971479046906
BD00132020,106.29,10.34,0.19,2020-03-27,5.61,3225.95,3.2259499999999997,131.35754311510743,170.76480604963967,3,0.8,0.8,0.8,0.5999999999999998,0.36000000000000015,1.0,6.123233995736766e-17,0.9973249731081555,0.07309512989807777
BD00132020,106.29,10.34,0.19,2020-04-27,3.69,1896.575,1.8965750000000001,131.35754311510743,170.76480604963967,3,0.62,0.62,0.62,0.7533333333333331,0.5642857142857144,0.8660254037844387,-0.4999999999999998,0.895839290734909,-0.4443781781046132
BD00132020,106.29,10.34,0.19,2020-05-09,5.2,561.1,0.5611,131.35754311510743,170.76480604963967,3,0.9500000000000001,0.9500000000000001,0.9500000000000001,0.47999999999999976,0.1985714285714287,0.49999999999999994,-0.8660254037844387,0.7856498550787147,-0.6186714032625031
BD00132020,106.29,10.34,0.19,2020-05-25,2.38,1577.525,1.577525,131.35754311510743,170.76480604963967,3,0.62,0.62,0.62,0.6833333333333331,0.2842857142857144,0.49999999999999994,-0.8660254037844387,0.5877852522924732,-0.8090169943749473
BD00132020,106.29,10.34,0.19,2020-06-09,0.43,16.234,0.016234000000000002,131.35754311510743,170.76480604963967,3,0.6900000000000001,0.6900000000000001,0.6900000000000001,0.8399999999999999,0.30000000000000016,1.2246467991473532e-16,-1.0,0.36171373072976765,-0.9322892131745133
BD00132020,106.29,10.34,0.19,2020-06-23,0.26,4.585,0.004585,131.35754311510743,170.76480604963967,3,0.75,0.75,0.75,0.7333333333333331,0.20000000000000012,1.2246467991473532e-16,-1.0,0.12874817745258132,-0.99167731989929
BD00132021,106.29,10.34,0.33,2021-01-29,0.16,22.65,0.02265,131.35754311510743,170.76480604963967,3,0.87,0.87,0.87,0.6799999999999998,0.5614285714285716,0.49999999999999994,0.8660254037844387,0.47873384011578846,0.8779600847008882
BD00132021,106.29,10.34,0.33,2021-02-28,0.13,22.86,0.02286,131.35754311510743,170.76480604963967,3,0.8200000000000001,0.8200000000000001,0.8200000000000001,0.4333333333333331,0.28285714285714303,0.8660254037844386,0.5000000000000001,0.8498170915275278,0.5270777086423722
BD00132021,106.29,10.34,0.33,2021-03-15,0.32,42.3,0.0423,131.35754311510743,170.76480604963967,3,1.24,1.24,1.24,0.7399999999999999,0.3342857142857145,1.0,6.123233995736766e-17,0.9562348265919056,0.29260033563334836
BD00132021,106.29,10.34,0.33,2021-03-29,0.2,41.41,0.041409999999999995,131.35754311510743,170.76480604963967,3,0.93,0.93,0.93,0.41333333333333316,0.08428571428571449,1.0,6.123233995736766e-17,0.9984354211555643,0.055916990100603484
BD00132021,106.29,10.34,0.33,2021-04-14,0.1,26.7,0.026699999999999998,131.35754311510743,170.76480604963967,3,1.11,1.11,1.11,0.8433333333333334,0.38285714285714306,0.8660254037844387,-0.4999999999999998,0.9760105506323683,-0.21772323039653177
BD00132021,106.29,10.34,0.33,2021-04-28,0.029663551000000003,16.42,0.01642,131.35754311510743,170.76480604963967,3,0.89,0.89,0.89,0.18999999999999995,-0.06285714285714263,0.8660254037844387,-0.4999999999999998,0.895839290734909,-0.4443781781046132
BD00132021,106.29,10.34,0.33,2021-05-14,0.1,48.35,0.048350000000000004,131.35754311510743,170.76480604963967,3,0.93,0.93,0.93,1.0599999999999998,0.585714285714286,0.49999999999999994,-0.8660254037844387,0.7412220108485958,-0.6712599575675313
BD00142019,106.26,10.46,0.95,2019-03-04,0.1,38.2,0.038200000000000005,123.66472168210629,160.7641381867382,3,0.79,0.79,0.79,0.4799999999999997,0.36000000000000015,1.0,6.123233995736766e-17,0.8840675099433636,0.4673592171580022
BD00142019,106.26,10.46,0.95,2019-03-18,0.1,28.45,0.02845,123.66472168210629,160.7641381867382,3,0.46,0.46,0.46,0.1599999999999997,0.2714285714285715,1.0,6.123233995736766e-17,0.9700639218515071,0.2428497220959356
BD00142019,106.26,10.46,0.95,2019-04-02,0.2,34.12,0.03412,123.66472168210629,160.7641381867382,3,0.66,0.66,0.66,0.4766666666666665,0.44142857142857156,0.8660254037844387,-0.4999999999999998,0.9999166586547379,-0.01291029607500882
BD00142019,106.26,10.46,0.95,2019-04-16,0.1,32.45,0.03245,123.66472168210629,160.7641381867382,3,0.39,0.39,0.39,0.10333333333333318,0.4285714285714287,0.8660254037844387,-0.4999999999999998,0.9679377830240642,-0.25119006388481935
BD00142019,106.26,10.46,0.95,2019-05-01,0.2,25.12,0.02512,123.66472168210629,160.7641381867382,3,0.42,0.42,0.42,0.30666666666666653,0.37571428571428583,0.49999999999999994,-0.8660254037844387,0.8717063187093218,-0.4900286664290592
BD00142019,106.26,10.46,0.95,2019-05-16,0.2,19.24,0.01924,123.66472168210629,160.7641381867382,3,0.53,0.53,0.53,0.3033333333333332,0.32857142857142874,0.49999999999999994,-0.8660254037844387,0.717676913675962,-0.6963762255968722
BD00142019,106.26,10.46,1.07,2019-06-01,0.2,32.84,0.03284,123.66472168210629,160.7641381867382,3,0.63,0.63,0.63,0.27999999999999986,0.20857142857142869,1.2246467991473532e-16,-1.0,0.5012418134457758,-0.865307254363206
BD00142019,106.26,10.46,1.07,2019-06-19,0.2,36.81,0.03681,123.66472168210629,160.7641381867382,3,1.15,1.15,1.15,1.0,0.6800000000000003,1.2246467991473532e-16,-1.0,0.21352091543979612,-0.9769384927771817
BD00142020,106.44,10.42,0.19,2020-03-09,1.5,645.19,0.64519,143.78096028253566,186.91524836729636,4,0.13,0.13,0.13,-0.03000000000000022,0.09285714285714299,1.0,6.123233995736766e-17,0.9275416835791966,0.37371971479046906
BD00142020,106.44,10.42,0.19,2020-03-27,1.4,693.0,0.693,143.78096028253566,186.91524836729636,4,0.87,0.87,0.87,0.4299999999999997,0.2371428571428573,1.0,6.123233995736766e-17,0.9973249731081555,0.07309512989807777
BD00142020,106.44,10.42,0.33,2020-04-27,1.78,974.875,0.974875,143.78096028253566,186.91524836729636,4,0.72,0.72,0.72,0.7733333333333331,0.482857142857143,0.8660254037844387,-0.4999999999999998,0.895839290734909,-0.4443781781046132
BD00142020,106.44,10.42,0.33,2020-05-09,1.25,691.275,0.691275,143.78096028253566,186.91524836729636,4,0.92,0.92,0.92,0.17666666666666642,0.054285714285714416,0.49999999999999994,-0.8660254037844387,0.7856498550787147,-0.6186714032625031
BD00142020,106.44,10.42,0.33,2020-05-25,1.9,549.475,0.549475,143.78096028253566,186.91524836729636,4,0.68,0.68,0.68,0.5699999999999997,0.14714285714285727,0.49999999999999994,-0.8660254037844387,0.5877852522924732,-0.8090169943749473
BD00142020,106.44,10.42,0.33,2020-06-09,0.74,34.87,0.03487,143.78096028253566,186.91524836729636,4,0.85,0.85,0.85,0.6466666666666665,0.11571428571428584,1.2246467991473532e-16,-1.0,0.36171373072976765,-0.9322892131745133
BD00142020,106.44,10.42,0.33,2020-06-23,0.76,223.335,0.223335,143.78096028253566,186.91524836729636,4,0.8200000000000001,0.8200000000000001,0.8200000000000001,0.5299999999999998,0.018571428571428683,1.2246467991473532e-16,-1.0,0.12874817745258132,-0.99167731989929
BD00142021,106.45,10.35,0.33,2021-01-29,3.1,673.5,0.6735,147.27191155873152,191.453485026351,4,0.81,0.81,0.81,0.5566666666666665,0.5485714285714287,0.49999999999999994,0.8660254037844387,0.47873384011578846,0.8779600847008882
BD00152019,106.35,10.54,1.07,2019-03-04,0.1,4.67,0.00467,130.84937024357686,170.1041813166499,3,0.79,0.79,0.79,0.4799999999999997,0.36000000000000015,1.0,6.123233995736766e-17,0.8840675099433636,0.4673592171580022
BD00152019,106.35,10.54,1.07,2019-03-18,0.2,43.26,0.04326,130.84937024357686,170.1041813166499,3,0.46,0.46,0.46,0.1599999999999997,0.2714285714285715,1.0,6.123233995736766e-17,0.9700639218515071,0.2428497220959356
BD00152019,106.35,10.54,1.07,2019-04-02,0.3,48.12,0.048119999999999996,130.84937024357686,170.1041813166499,3,0.66,0.66,0.66,0.4766666666666665,0.44142857142857156,0.8660254037844387,-0.4999999999999998,0.9999166586547379,-0.01291029607500882
BD00152019,106.35,10.54,1.07,2019-04-16,0.1,16.12,0.016120000000000002,130.84937024357686,170.1041813166499,3,0.39,0.39,0.39,0.10333333333333318,0.4285714285714287,0.8660254037844387,-0.4999999999999998,0.9679377830240642,-0.25119006388481935
BD00152019,106.35,10.54,1.07,2019-05-01,0.2,24.1,0.0241,130.84937024357686,170.1041813166499,3,0.42,0.42,0.42,0.30666666666666653,0.37571428571428583,0.49999999999999994,-0.8660254037844387,0.8717063187093218,-0.4900286664290592
BD00152019,106.35,10.54,1.87,2019-05-16,0.5,76.25,0.07625,130.84937024357686,170.1041813166499,3,0.53,0.53,0.53,0.3033333333333332,0.32857142857142874,0.49999999999999994,-0.8660254037844387,0.717676913675962,-0.6963762255968722
BD00152019,106.35,10.54,1.87,2019-06-01,0.3,51.1,0.0511,130.84937024357686,170.1041813166499,3,0.63,0.63,0.63,0.27999999999999986,0.20857142857142869,1.2246467991473532e-16,-1.0,0.5012418134457758,-0.865307254363206
BD00152019,106.35,10.54,1.87,2019-06-19,0.1,21.45,0.02145,130.84937024357686,170.1041813166499,3,1.15,1.15,1.15,1.0,0.6800000000000003,1.2246467991473532e-16,-1.0,0.21352091543979612,-0.9769384927771817
BD00152020,106.35,10.54,0.33,2020-03-09,0.5,29.155,0.029155,130.84937024357686,170.1041813166499,3,0.35000000000000003,0.35000000000000003,0.35000000000000003,0.04999999999999979,0.0385714285714287,1.0,6.123233995736766e-17,0.9275416835791966,0.37371971479046906
BD00152020,106.35,10.54,0.33,2020-03-27,0.79,35.955,0.035955,130.84937024357686,170.1041813166499,3,0.8,0.8,0.8,0.5999999999999998,0.36000000000000015,1.0,6.123233995736766e-17,0.9973249731081555,0.07309512989807777
BD00152020,106.35,10.54,0.33,2020-04-27,1.38,868.525,0.868525,130.84937024357686,170.1041813166499,3,0.62,0.62,0.62,0.7533333333333331,0.5642857142857144,0.8660254037844387,-0.4999999999999998,0.895839290734909,-0.4443781781046132
BD00152020,106.35,10.54,0.64,2020-05-09,0.88,173.75,0.17375,130.84937024357686,170.1041813166499,3,0.9500000000000001,0.9500000000000001,0.9500000000000001,0.47999999999999976,0.1985714285714287,0.49999999999999994,-0.8660254037844387,0.7856498550787147,-0.6186714032625031
BD00152020,106.35,10.54,0.64,2020-05-25,0.93,28.25,0.02825,130.84937024357686,170.1041813166499,3,0.62,0.62,0.62,0.6833333333333331,0.2842857142857144,0.49999999999999994,-0.8660254037844387,0.5877852522924732,-0.8090169943749473
BD00152020,106.35,10.54,0.64,2020-06-09,0.59,372.934,0.37293400000000004,130.84937024357686,170.1041813166499,3,0.6900000000000001,0.6900000000000001,0.6900000000000001,0.8399999999999999,0.30000000000000016,1.2246467991473532e-16,-1.0,0.36171373072976765,-0.9322892131745133
BD00152020,106.35,10.54,0.64,2020-06-23,0.55,28.55,0.02855,130.84937024357686,170.1041813166499,3,0.75,0.75,0.75,0.7333333333333331,0.20000000000000012,1.2246467991473532e-16,-1.0,0.12874817745258132,-0.99167731989929
BD00152021,106.33,10.34,0.35,2021-01-29,0.35,53.49,0.05349,135.4030294156011,176.02393824028144,4,0.81,0.81,0.81,0.5566666666666665,0.5485714285714287,0.49999999999999994,0.8660254037844387,0.47873384011578846,0.8779600847008882
BD00162019,106.52,10.41,1.87,2019-03-04,0.2,26.54,0.026539999999999998,152.48059358946392,198.2247716663031,4,0.68,0.68,0.68,0.2999999999999997,0.3857142857142858,1.0,6.123233995736766e-17,0.8840675099433636,0.4673592171580022
BD00162019,106.52,10.41,1.87,2019-03-18,0.1,31.84,0.03184,152.48059358946392,198.2247716663031,4,0.26,0.26,0.26,0.0999999999999997,0.3485714285714287,1.0,6.123233995736766e-17,0.9700639218515071,0.2428497220959356
BD00162019,106.52,10.41,1.87,2019-04-02,0.3,39.12,0.039119999999999995,152.48059358946392,198.2247716663031,4,0.5700000000000001,0.5700000000000001,0.5700000000000001,0.37999999999999984,0.5014285714285716,0.8660254037844387,-0.4999999999999998,0.9999166586547379,-0.01291029607500882
BD00162019,106.52,10.41,1.87,2019-04-06,0.2,36.41,0.03641,152.48059358946392,198.2247716663031,4,0.96,0.96,0.96,0.7033333333333331,0.5457142857142859,0.8660254037844387,-0.4999999999999998,0.9966589017541702,-0.08167639533042241
BD00162019,106.52,10.41,1.56,2019-05-01,0.4,4.63,0.00463,152.48059358946392,198.2247716663031,4,0.37,0.37,0.37,0.25999999999999984,0.47571428571428587,0.49999999999999994,-0.8660254037844387,0.8717063187093218,-0.4900286664290592
BD00162019,106.52,10.41,1.56,2019-05-16,0.3,48.21,0.04821,152.48059358946392,198.2247716663031,4,0.44,0.44,0.44,0.19999999999999982,0.38000000000000017,0.49999999999999994,-0.8660254037844387,0.717676913675962,-0.6963762255968722
BD00162019,106.52,10.41,1.56,2019-06-01,0.3,32.62,0.032619999999999996,152.48059358946392,198.2247716663031,4,0.42,0.42,0.42,0.19666666666666655,0.21571428571428583,1.2246467991473532e-16,-1.0,0.5012418134457758,-0.865307254363206
BD00162019,106.52,10.41,1.56,2019-06-19,0.3,45.2,0.045200000000000004,152.48059358946392,198.2247716663031,4,1.12,1.12,1.12,0.8366666666666666,0.5571428571428573,1.2246467991473532e-16,-1.0,0.21352091543979612,-0.9769384927771817
BD00162021,106.25,10.42,0.35,2021-01-29,0.16,22.65,0.02265,124.05375595637634,161.26988274328923,3,0.87,0.87,0.87,0.6799999999999998,0.5614285714285716,0.49999999999999994,0.8660254037844387,0.47873384011578846,0.8779600847008882
BD00172019,106.5,10.49,1.56,2019-03-04,1.5,26.5,0.0265,148.07896924740993,192.50266002163292,4,0.68,0.68,0.68,0.2999999999999997,0.3857142857142858,1.0,6.123233995736766e-17,0.8840675099433636,0.4673592171580022
BD00172019,106.5,10.49,1.56,2019-03-18,1.7,226.4,0.22640000000000002,148.07896924740993,192.50266002163292,4,0.26,0.26,0.26,0.0999999999999997,0.3485714285714287,1.0,6.123233995736766e-17,0.9700639218515071,0.2428497220959356
BD00172019,106.5,10.49,1.56,2019-04-02,1.2,24.1,0.0241,148.07896924740993,192.50266002163292,4,0.5700000000000001,0.5700000000000001,0.5700000000000001,0.37999999999999984,0.5014285714285716,0.8660254037844387,-0.4999999999999998,0.9999166586547379,-0.01291029607500882
BD00172019,106.5,10.49,1.0,2019-04-16,0.2,3.47,0.00347,148.07896924740993,192.50266002163292,4,0.24,0.24,0.24,0.1333333333333332,0.542857142857143,0.8660254037844387,-0.4999999999999998,0.9679377830240642,-0.25119006388481935
BD00172019,106.5,10.49,1.0,2019-05-01,1.5,35.26,0.03526,148.07896924740993,192.50266002163292,4,0.37,0.37,0.37,0.25999999999999984,0.47571428571428587,0.49999999999999994,-0.8660254037844387,0.8717063187093218,-0.4900286664290592
BD00172019,106.5,10.49,1.0,2019-05-16,0.7,86.15,0.08615,148.07896924740993,192.50266002163292,4,0.44,0.44,0.44,0.19999999999999982,0.38000000000000017,0.49999999999999994,-0.8660254037844387,0.717676913675962,-0.6963762255968722
BD00172019,106.5,10.49,1.0,2019-06-01,0.3,4.85,0.004849999999999999,148.07896924740993,192.50266002163292,4,0.42,0.42,0.42,0.19666666666666655,0.21571428571428583,1.2246467991473532e-16,-1.0,0.5012418134457758,-0.865307254363206
BD00172019,106.5,10.49,1.0,2019-06-19,0.3,43.95,0.04395,148.07896924740993,192.50266002163292,4,1.12,1.12,1.12,0.8366666666666666,0.5571428571428573,1.2246467991473532e-16,-1.0,0.21352091543979612,-0.9769384927771817
BD00172021,106.33,10.48,0.35,2021-01-29,0.12,16.5,0.0165,130.36081301247333,169.46905691621532,3,0.87,0.87,0.87,0.6799999999999998,0.5614285714285716,0.49999999999999994,0.8660254037844387,0.47873384011578846,0.8779600847008882
BD00182019,106.44,10.42,1.0,2019-03-04,0.2,45.62,0.04562,143.78096028253566,186.91524836729636,4,0.68,0.68,0.68,0.2999999999999997,0.3857142857142858,1.0,6.123233995736766e-17,0.8840675099433636,0.4673592171580022
BD00182019,106.44,10.42,1.0,2019-03-18,0.1,29.85,0.02985,143.78096028253566,186.91524836729636,4,0.26,0.26,0.26,0.0999999999999997,0.3485714285714287,1.0,6.123233995736766e-17,0.9700639218515071,0.2428497220959356
BD00182019,106.44,10.42,0.73,2019-04-02,0.032951472,18.24,0.01824,143.78096028253566,186.91524836729636,4,0.5700000000000001,0.5700000000000001,0.5700000000000001,0.37999999999999984,0.5014285714285716,0.8660254037844387,-0.4999999999999998,0.9999166586547379,-0.01291029607500882
BD00182019,106.44,10.42,0.73,2019-04-16,0.2,39.12,0.039119999999999995,143.78096028253566,186.91524836729636,4,0.24,0.24,0.24,0.1333333333333332,0.542857142857143,0.8660254037844387,-0.4999999999999998,0.9679377830240642,-0.25119006388481935
BD00182019,106.44,10.42,0.73,2019-05-01,0.4,45.85,0.04585,143.78096028253566,186.91524836729636,4,0.37,0.37,0.37,0.25999999999999984,0.47571428571428587,0.49999999999999994,-0.8660254037844387,0.8717063187093218,-0.4900286664290592
BD00182019,106.44,10.42,0.73,2019-05-16,0.5,6.54,0.00654,143.78096028253566,186.91524836729636,4,0.44,0.44,0.44,0.19999999999999982,0.38000000000000017,0.49999999999999994,-0.8660254037844387,0.717676913675962,-0.6963762255968722
BD00182019,106.44,10.42,0.73,2019-06-01,0.4,52.14,0.05214,143.78096028253566,186.91524836729636,4,0.42,0.42,0.42,0.19666666666666655,0.21571428571428583,1.2246467991473532e-16,-1.0,0.5012418134457758,-0.865307254363206
BD00182019,106.44,10.42,0.73,2019-06-19,0.4,59.28,0.05928,143.78096028253566,186.91524836729636,4,1.12,1.12,1.12,0.8366666666666666,0.5571428571428573,1.2246467991473532e-16,-1.0,0.21352091543979612,-0.9769384927771817
BD00182021,106.37,10.45,0.35,2021-01-29,0.11,15.82,0.01582,135.48914397903573,176.13588717274646,4,0.81,0.81,0.81,0.5566666666666665,0.5485714285714287,0.49999999999999994,0.8660254037844387,0.47873384011578846,0.8779600847008882
CLCB012019,105.16,9.76,0.47,2019-03-04,8.8,915.0,0.915,115.10968137663808,149.64258578962952,3,0.79,0.79,0.79,0.4799999999999997,0.36000000000000015,1.0,6.123233995736766e-17,0.8840675099433636,0.4673592171580022
CLCB012019,105.16,9.76,0.47,2019-03-20,17.6,9644.0,9.644,115.10968137663808,149.64258578962952,3,0.9,0.9,0.9,0.4799999999999997,0.29000000000000015,1.0,6.123233995736766e-17,0.9778483415056568,0.20931464596304847
CLCB012019,105.16,9.76,0.47,2019-04-08,2.7,358.0,0.358,115.10968137663808,149.64258578962952,3,1.04,1.04,1.04,1.0033333333333332,0.812857142857143,0.8660254037844387,-0.4999999999999998,0.9932568492674143,-0.11593459959550041
CLCB012019,105.16,9.76,0.62,2019-04-16,15.2,512.0,0.512,115.10968137663808,149.64258578962952,3,0.39,0.39,0.39,0.10333333333333318,0.4285714285714287,0.8660254037844387,-0.4999999999999998,0.9679377830240642,-0.25119006388481935
CLCB012019,105.16,9.76,0.62,2019-05-16,4.6,926.8,0.9268,115.10968137663808,149.64258578962952,3,0.53,0.53,0.53,0.3033333333333332,0.32857142857142874,0.49999999999999994,-0.8660254037844387,0.717676913675962,-0.6963762255968722
CLCB012019,105.16,9.76,0.62,2019-06-06,4.7,155.6,0.1556,115.10968137663808,149.64258578962952,3,1.08,1.08,1.08,1.0666666666666667,0.7600000000000001,1.2246467991473532e-16,-1.0,0.42500033996955416,-0.9051931898913974
CLCB012019,105.16,9.76,0.62,2019-06-19,3.7,684.9,0.6849,115.10968137663808,149.64258578962952,3,1.15,1.15,1.15,1.0,0.6800000000000003,1.2246467991473532e-16,-1.0,0.21352091543979612,-0.9769384927771817
CLCB012020,105.05,9.89,0.48,2020-03-09,24.4,15952.5,15.9525,101.6465473980766,132.14051161749958,3,0.35000000000000003,0.35000000000000003,0.35000000000000003,0.04999999999999979,0.0385714285714287,1.0,6.123233995736766e-17,0.9275416835791966,0.37371971479046906
CLCB012020,105.05,9.89,0.26,2020-03-24,27.4,17915.5,17.9155,101.6465473980766,132.14051161749958,3,0.07,0.07,0.07,0.20999999999999977,0.052857142857142984,1.0,6.123233995736766e-17,0.9922222094179323,0.12447926388678915
CLCB012020,105.05,9.89,0.47,2020-04-29,24.2,13116.5,13.1165,101.6465473980766,132.14051161749958,3,0.28,0.28,0.28,0.6066666666666665,0.6642857142857145,0.8660254037844387,-0.4999999999999998,0.8800122039735357,-0.47495107206704995
CLCB012020,105.05,9.89,0.43,2020-05-11,31.1,19674.75,19.67475,101.6465473980766,132.14051161749958,3,0.7000000000000001,0.7000000000000001,0.7000000000000001,0.9066666666666664,0.4657142857142858,0.49999999999999994,-0.8660254037844387,0.7638886127905428,-0.6453481132295501
CLCB012020,105.05,9.89,0.26,2020-05-25,23.8,15215.0,15.215,101.6465473980766,132.14051161749958,3,0.62,0.62,0.62,0.6833333333333331,0.2842857142857144,0.49999999999999994,-0.8660254037844387,0.5877852522924732,-0.8090169943749473
CLCB012020,105.05,9.89,0.26,2020-06-11,21.3,14725.0,14.725,101.6465473980766,132.14051161749958,3,-0.13,-0.13,-0.13,0.6333333333333332,0.5385714285714287,1.2246467991473532e-16,-1.0,0.3294084822245304,-0.9441875088341993
CLCB012021,105.05,9.89,0.14,2021-01-29,8.58,1774.0,1.774,101.6465473980766,132.14051161749958,3,0.87,0.87,0.87,0.6799999999999998,0.5614285714285716,0.49999999999999994,0.8660254037844387,0.47873384011578846,0.8779600847008882
CLCB012021,105.05,9.89,0.14,2021-02-28,14.1,11512.0,11.512,101.6465473980766,132.14051161749958,3,0.8200000000000001,0.8200000000000001,0.8200000000000001,0.4333333333333331,0.28285714285714303,0.8660254037844386,0.5000000000000001,0.8498170915275278,0.5270777086423722
CLCB012021,105.05,9.89,0.14,2021-03-15,16.3,1812.0,1.812,101.6465473980766,132.14051161749958,3,1.24,1.24,1.24,0.7399999999999999,0.3342857142857145,1.0,6.123233995736766e-17,0.9562348265919056,0.29260033563334836
CLCB012021,105.05,9.89,0.14,2021-03-29,22.9,1435.0,1.435,101.6465473980766,132.14051161749958,3,0.93,0.93,0.93,0.41333333333333316,0.08428571428571449,1.0,6.123233995736766e-17,0.9984354211555643,0.055916990100603484
CLCB012021,105.05,9.89,0.14,2021-04-14,24.3,15852.0,15.852,101.6465473980766,132.14051161749958,3,1.11,1.11,1.11,0.8433333333333334,0.38285714285714306,0.8660254037844387,-0.4999999999999998,0.9760105506323683,-0.21772323039653177
CLCB012021,105.05,9.89,0.48,2021-04-28,17.9,11621.0,11.621,101.6465473980766,132.14051161749958,3,0.89,0.89,0.89,0.18999999999999995,-0.06285714285714263,0.8660254037844387,-0.4999999999999998,0.895839290734909,-0.4443781781046132
CLCB012021,105.05,9.89,0.26,2021-05-14,19.7,13245.0,13.245,101.6465473980766,132.14051161749958,3,0.93,0.93,0.93,1.0599999999999998,0.585714285714286,0.49999999999999994,-0.8660254037844387,0.7412220108485958,-0.6712599575675313
CLCB012022,105.05,9.89,0.73,2022-01-17,16.7,9244.13938169439,,101.6465473980766,132.14051161749958,3,0.89,0.89,0.89,0.8166666666666665,0.7942857142857147,0.49999999999999994,0.8660254037844387,0.288482432880609,0.9574851883550393
CLCB012022,105.05,9.89,1.03,2022-02-28,16.4,9078.076997592094,,101.6465473980766,132.14051161749958,3,0.41000000000000003,0.41000000000000003,0.41000000000000003,0.21999999999999997,0.5628571428571433,0.8660254037844386,0.5000000000000001,0.8498170915275278,0.5270777086423722
CLCB012022,105.05,9.89,1.03,2022-03-15,14.4,7970.994436910132,,101.6465473980766,132.14051161749958,3,0.1,0.1,0.1,0.019999999999999924,0.20285714285714326,1.0,6.123233995736766e-17,0.9562348265919056,0.29260033563334836
CLCB012022,105.05,9.89,1.03,2022-03-29,1.6,885.6660485455703,,101.6465473980766,132.14051161749958,3,0.02,0.02,0.02,-0.07000000000000008,0.31428571428571467,1.0,6.123233995736766e-17,0.9984354211555643,0.055916990100603484
CLCB012022,105.05,9.89,1.03,2022-04-14,9.7,5369.35041930752,,101.6465473980766,132.14051161749958,3,0.12,0.12,0.12,0.1333333333333331,0.3128571428571432,0.8660254037844387,-0.4999999999999998,0.9760105506323683,-0.21772323039653177
CLCB012022,105.05,9.89,1.03,2022-04-28,1.1,608.8954083750796,,101.6465473980766,132.14051161749958,3,0.1,0.1,0.1,-0.013333333333333558,0.25000000000000033,0.8660254037844387,-0.4999999999999998,0.895839290734909,-0.4443781781046132
CLCB012022,105.05,9.89,1.03,2022-05-14,7.5,4151.55960255736,,101.6465473980766,132.14051161749958,3,0.28,0.28,0.28,0.23666666666666644,0.19428571428571462,0.49999999999999994,-0.8660254037844387,0.7412220108485958,-0.6712599575675313
CLCB022019,105.21,9.85,0.62,2019-03-04,0.02818218,15.6,0.0156,105.12708368631353,136.66520879220758,3,0.79,0.79,0.79,0.4799999999999997,0.36000000000000015,1.0,6.123233995736766e-17,0.8840675099433636,0.4673592171580022
CLCB022019,105.21,9.85,0.62,2019-03-20,0.1,2.2,0.0022,105.12708368631353,136.66520879220758,3,0.9,0.9,0.9,0.4799999999999997,0.29000000000000015,1.0,6.123233995736766e-17,0.9778483415056568,0.20931464596304847
CLCB022019,105.21,9.85,0.27,2019-04-08,2.2,35.0,0.035,105.12708368631353,136.66520879220758,3,1.04,1.04,1.04,1.0033333333333332,0.812857142857143,0.8660254037844387,-0.4999999999999998,0.9932568492674143,-0.11593459959550041
CLCB022019,105.21,9.85,0.27,2019-04-16,0.1,22.5,0.0225,105.12708368631353,136.66520879220758,3,0.39,0.39,0.39,0.10333333333333318,0.4285714285714287,0.8660254037844387,-0.4999999999999998,0.9679377830240642,-0.25119006388481935
CLCB022019,105.21,9.85,0.27,2019-05-16,0.1,2.12,0.00212,105.12708368631353,136.66520879220758,3,0.53,0.53,0.53,0.3033333333333332,0.32857142857142874,0.49999999999999994,-0.8660254037844387,0.717676913675962,-0.6963762255968722
CLCB022019,105.21,9.85,0.27,2019-06-06,0.1,26.12,0.02612,105.12708368631353,136.66520879220758,3,1.08,1.08,1.08,1.0666666666666667,0.7600000000000001,1.2246467991473532e-16,-1.0,0.42500033996955416,-0.9051931898913974
CLCB022019,105.21,9.85,0.27,2019-06-19,0.0224915475,12.45,0.01245,105.12708368631353,136.66520879220758,3,1.15,1.15,1.15,1.0,0.6800000000000003,1.2246467991473532e-16,-1.0,0.21352091543979612,-0.9769384927771817
CLCB022020,105.0,9.82,0.26,2020-03-09,32.6,23751.5,23.7515,110.20849273204999,143.27104055166498,3,0.35000000000000003,0.35000000000000003,0.35000000000000003,0.04999999999999979,0.0385714285714287,1.0,6.123233995736766e-17,0.9275416835791966,0.37371971479046906
CLCB022020,105.0,9.82,0.26,2020-03-24,36.4,2587.5,2.5875,110.20849273204999,143.27104055166498,3,0.07,0.07,0.07,0.20999999999999977,0.052857142857142984,1.0,6.123233995736766e-17,0.9922222094179323,0.12447926388678915
CLCB022020,105.0,9.82,0.26,2020-04-29,29.9,18788.5,18.7885,110.20849273204999,143.27104055166498,3,0.28,0.28,0.28,0.6066666666666665,0.6642857142857145,0.8660254037844387,-0.4999999999999998,0.8800122039735357,-0.47495107206704995
CLCB022020,105.0,9.82,0.26,2020-05-11,3.8,22156.25,22.15625,110.20849273204999,143.27104055166498,3,0.7000000000000001,0.7000000000000001,0.7000000000000001,0.9066666666666664,0.4657142857142858,0.49999999999999994,-0.8660254037844387,0.7638886127905428,-0.6453481132295501
CLCB022020,105.0,9.82,0.26,2020-05-25,3.2,18425.0,18.425,110.20849273204999,143.27104055166498,3,0.62,0.62,0.62,0.6833333333333331,0.2842857142857144,0.49999999999999994,-0.8660254037844387,0.5877852522924732,-0.8090169943749473
CLCB022020,105.0,9.82,0.09,2020-06-11,3.2,1846.5,1.8465,110.20849273204999,143.27104055166498,3,-0.13,-0.13,-0.13,0.6333333333333332,0.5385714285714287,1.2246467991473532e-16,-1.0,0.3294084822245304,-0.9441875088341993
CLCB022021,105.0,9.89,0.47,2021-01-17,16.8,1428.0,1.428,102.56062900978988,133.32881771272685,3,1.73,1.73,1.73,1.5966666666666667,1.3342857142857145,0.49999999999999994,0.8660254037844387,0.288482432880609,0.9574851883550393
CLCB022021,105.0,9.89,0.43,2021-02-28,23.5,15397.0,15.397,102.56062900978988,133.32881771272685,3,0.8200000000000001,0.8200000000000001,0.8200000000000001,0.4333333333333331,0.28285714285714303,0.8660254037844386,0.5000000000000001,0.8498170915275278,0.5270777086423722
CLCB022021,105.0,9.89,0.64,2021-03-15,3.3,18182.0,18.182,102.56062900978988,133.32881771272685,3,1.24,1.24,1.24,0.7399999999999999,0.3342857142857145,1.0,6.123233995736766e-17,0.9562348265919056,0.29260033563334836
CLCB022021,105.0,9.89,0.64,2021-03-29,33.4,1925.0,1.925,102.56062900978988,133.32881771272685,3,0.93,0.93,0.93,0.41333333333333316,0.08428571428571449,1.0,6.123233995736766e-17,0.9984354211555643,0.055916990100603484
CLCB022021,105.0,9.89,0.64,2021-04-14,3.9,2353.0,2.353,102.56062900978988,133.32881771272685,3,1.11,1.11,1.11,0.8433333333333334,0.38285714285714306,0.8660254037844387,-0.4999999999999998,0.9760105506323683,-0.21772323039653177
CLCB022021,105.0,9.89,0.64,2021-04-28,24.9,1646.0,1.646,102.56062900978988,133.32881771272685,3,0.89,0.89,0.89,0.18999999999999995,-0.06285714285714263,0.8660254037844387,-0.4999999999999998,0.895839290734909,-0.4443781781046132
CLCB022021,105.0,9.89,0.64,2021-05-14,27.7,1895.0,1.895,102.56062900978988,133.32881771272685,3,0.93,0.93,0.93,1.0599999999999998,0.585714285714286,0.49999999999999994,-0.8660254037844387,0.7412220108485958,-0.6712599575675313
CLCB022022,105.0,9.89,1.03,2022-01-17,22.2,12288.616423569787,,102.56062900978988,133.32881771272685,3,0.89,0.89,0.89,0.8166666666666665,0.7942857142857147,0.49999999999999994,0.8660254037844387,0.288482432880609,0.9574851883550393
CLCB022022,105.0,9.89,1.03,2022-02-28,21.6,11956.491655365198,,102.56062900978988,133.32881771272685,3,0.41000000000000003,0.41000000000000003,0.41000000000000003,0.21999999999999997,0.5628571428571433,0.8660254037844386,0.5000000000000001,0.8498170915275278,0.5270777086423722
CLCB022022,105.0,9.89,1.04,2022-03-15,2.4,1328.4990728183552,,102.56062900978988,133.32881771272685,3,0.1,0.1,0.1,0.019999999999999924,0.20285714285714326,1.0,6.123233995736766e-17,0.9562348265919056,0.29260033563334836
CLCB022022,105.0,9.89,1.04,2022-03-29,16.8,9299.493509728489,,102.56062900978988,133.32881771272685,3,0.02,0.02,0.02,-0.07000000000000008,0.31428571428571467,1.0,6.123233995736766e-17,0.9984354211555643,0.055916990100603484
CLCB022022,105.0,9.89,1.04,2022-04-14,12.1,6697.849492125875,,102.56062900978988,133.32881771272685,3,0.12,0.12,0.12,0.1333333333333331,0.3128571428571432,0.8660254037844387,-0.4999999999999998,0.9760105506323683,-0.21772323039653177
CLCB022022,105.0,9.89,1.04,2022-04-28,15.4,8524.535717251114,,102.56062900978988,133.32881771272685,3,0.1,0.1,0.1,-0.013333333333333558,0.25000000000000033,0.8660254037844387,-0.4999999999999998,0.895839290734909,-0.4443781781046132
CLCB022022,105.0,9.89,1.04,2022-05-14,1.0,553.5412803409814,,102.56062900978988,133.32881771272685,3,0.28,0.28,0.28,0.23666666666666644,0.19428571428571462,0.49999999999999994,-0.8660254037844387,0.7412220108485958,-0.6712599575675313
CLCB032019,105.05,9.8,0.27,2019-03-04,1.5,1152.0,1.152,111.56332581121502,145.03232355457953,3,0.79,0.79,0.79,0.4799999999999997,0.36000000000000015,1.0,6.123233995736766e-17,0.8840675099433636,0.4673592171580022
CLCB032019,105.05,9.8,0.88,2019-03-20,17.3,152.0,0.152,111.56332581121502,145.03232355457953,3,0.9,0.9,0.9,0.4799999999999997,0.29000000000000015,1.0,6.123233995736766e-17,0.9778483415056568,0.20931464596304847
CLCB032019,105.05,9.8,0.88,2019-04-08,14.8,4162.0,4.162,111.56332581121502,145.03232355457953,3,1.04,1.04,1.04,1.0033333333333332,0.812857142857143,0.8660254037844387,-0.4999999999999998,0.9932568492674143,-0.11593459959550041
CLCB032019,105.05,9.8,0.88,2019-04-16,15.6,523.0,0.523,111.56332581121502,145.03232355457953,3,0.39,0.39,0.39,0.10333333333333318,0.4285714285714287,0.8660254037844387,-0.4999999999999998,0.9679377830240642,-0.25119006388481935
CLCB032019,105.05,9.8,0.88,2019-05-16,11.9,821.0,0.821,111.56332581121502,145.03232355457953,3,0.53,0.53,0.53,0.3033333333333332,0.32857142857142874,0.49999999999999994,-0.8660254037844387,0.717676913675962,-0.6963762255968722
CLCB032019,105.05,9.8,0.88,2019-06-06,1.6,824.2,0.8242,111.56332581121502,145.03232355457953,3,1.08,1.08,1.08,1.0666666666666667,0.7600000000000001,1.2246467991473532e-16,-1.0,0.42500033996955416,-0.9051931898913974
CLCB032019,105.05,9.8,0.88,2019-06-19,6.0,1169.4,1.1694,111.56332581121502,145.03232355457953,3,1.15,1.15,1.15,1.0,0.6800000000000003,1.2246467991473532e-16,-1.0,0.21352091543979612,-0.9769384927771817
CLCB032020,105.07,9.74,0.09,2020-03-09,13.3,13825.5,13.8255,117.93762817117359,153.31891662252568,3,0.35000000000000003,0.35000000000000003,0.35000000000000003,0.04999999999999979,0.0385714285714287,1.0,6.123233995736766e-17,0.9275416835791966,0.37371971479046906
CLCB032020,105.07,9.74,0.09,2020-03-24,15.5,2825.5,2.8255,117.93762817117359,153.31891662252568,3,0.07,0.07,0.07,0.20999999999999977,0.052857142857142984,1.0,6.123233995736766e-17,0.9922222094179323,0.12447926388678915
CLCB032020,105.07,9.74,0.09,2020-04-29,23.8,1247.5,1.2475,117.93762817117359,153.31891662252568,3,0.28,0.28,0.28,0.6066666666666665,0.6642857142857145,0.8660254037844387,-0.4999999999999998,0.8800122039735357,-0.47495107206704995
CLCB032020,105.07,9.74,0.09,2020-05-11,24.4,2192.75,2.19275,117.93762817117359,153.31891662252568,3,0.7000000000000001,0.7000000000000001,0.7000000000000001,0.9066666666666664,0.4657142857142858,0.49999999999999994,-0.8660254037844387,0.7638886127905428,-0.6453481132295501
CLCB032020,105.07,9.74,0.09,2020-05-25,19.2,1641.0,1.641,117.93762817117359,153.31891662252568,3,0.62,0.62,0.62,0.6833333333333331,0.2842857142857144,0.49999999999999994,-0.8660254037844387,0.5877852522924732,-0.8090169943749473
CLCB032020,105.07,9.74,0.09,2020-06-11,19.2,1637.5,1.6375,117.93762817117359,153.31891662252568,3,-0.13,-0.13,-0.13,0.6333333333333332,0.5385714285714287,1.2246467991473532e-16,-1.0,0.3294084822245304,-0.9441875088341993
CLCB032021,105.07,9.74,0.64,2021-01-17,1.6,22.0,0.022,117.93762817117359,153.31891662252568,3,1.73,1.73,1.73,1.5966666666666667,1.3342857142857145,0.49999999999999994,0.8660254037844387,0.288482432880609,0.9574851883550393
CLCB032021,105.07,9.74,0.64,2021-02-28,5.1,3344.0,3.344,117.93762817117359,153.31891662252568,3,0.8200000000000001,0.8200000000000001,0.8200000000000001,0.4333333333333331,0.28285714285714303,0.8660254037844386,0.5000000000000001,0.8498170915275278,0.5270777086423722
CLCB032021,105.07,9.74,0.64,2021-03-15,7.53,3722.0,3.722,117.93762817117359,153.31891662252568,3,1.24,1.24,1.24,0.7399999999999999,0.3342857142857145,1.0,6.123233995736766e-17,0.9562348265919056,0.29260033563334836
CLCB032021,105.07,9.74,0.06,2021-03-29,12.3,814.0,0.814,117.93762817117359,153.31891662252568,3,0.93,0.93,0.93,0.41333333333333316,0.08428571428571449,1.0,6.123233995736766e-17,0.9984354211555643,0.055916990100603484
CLCB032021,105.07,9.74,0.06,2021-04-14,16.9,12292.0,12.292,117.93762817117359,153.31891662252568,3,1.11,1.11,1.11,0.8433333333333334,0.38285714285714306,0.8660254037844387,-0.4999999999999998,0.9760105506323683,-0.21772323039653177
CLCB032021,105.07,9.74,0.06,2021-04-28,13.1,9673.0,9.673,117.93762817117359,153.31891662252568,3,0.89,0.89,0.89,0.18999999999999995,-0.06285714285714263,0.8660254037844387,-0.4999999999999998,0.895839290734909,-0.4443781781046132
CLCB032021,105.07,9.74,0.06,2021-05-14,14.7,1125.0,1.125,117.93762817117359,153.31891662252568,3,0.93,0.93,0.93,1.0599999999999998,0.585714285714286,0.49999999999999994,-0.8660254037844387,0.7412220108485958,-0.6712599575675313
CLCB032022,105.07,9.74,1.04,2022-01-17,8.7,4815.809138966538,,117.93762817117359,153.31891662252568,3,0.89,0.89,0.89,0.8166666666666665,0.7942857142857147,0.49999999999999994,0.8660254037844387,0.288482432880609,0.9574851883550393
CLCB032022,105.07,9.74,1.04,2022-02-28,14.3,7915.640308876034,,117.93762817117359,153.31891662252568,3,0.41000000000000003,0.41000000000000003,0.41000000000000003,0.21999999999999997,0.5628571428571433,0.8660254037844386,0.5000000000000001,0.8498170915275278,0.5270777086423722
CLCB032022,105.07,9.74,1.04,2022-03-15,12.0,6642.4953640917765,,117.93762817117359,153.31891662252568,3,0.1,0.1,0.1,0.019999999999999924,0.20285714285714326,1.0,6.123233995736766e-17,0.9562348265919056,0.29260033563334836
CLCB032022,105.07,9.74,0.65,2022-03-29,9.3,5147.933907171127,,117.93762817117359,153.31891662252568,3,0.02,0.02,0.02,-0.07000000000000008,0.31428571428571467,1.0,6.123233995736766e-17,0.9984354211555643,0.055916990100603484
CLCB032022,105.07,9.74,0.65,2022-04-14,6.4,3542.6641941822813,,117.93762817117359,153.31891662252568,3,0.12,0.12,0.12,0.1333333333333331,0.3128571428571432,0.8660254037844387,-0.4999999999999998,0.9760105506323683,-0.21772323039653177
CLCB032022,105.07,9.74,0.65,2022-04-28,6.8,3764.080706318673,,117.93762817117359,153.31891662252568,3,0.1,0.1,0.1,-0.013333333333333558,0.25000000000000033,0.8660254037844387,-0.4999999999999998,0.895839290734909,-0.4443781781046132
CLCB032022,105.07,9.74,0.65,2022-05-14,4.9,2712.352273670809,,117.93762817117359,153.31891662252568,3,0.28,0.28,0.28,0.23666666666666644,0.19428571428571462,0.49999999999999994,-0.8660254037844387,0.7412220108485958,-0.6712599575675313
CLCB042019,105.13,9.67,0.26,2019-03-04,2.8,321.0,0.321,125.21871116377949,162.78432451291334,3,0.79,0.79,0.79,0.4799999999999997,0.36000000000000015,1.0,6.123233995736766e-17,0.8840675099433636,0.4673592171580022
CLCB042019,105.13,9.67,0.26,2019-03-20,11.0,752.0,0.752,125.21871116377949,162.78432451291334,3,0.9,0.9,0.9,0.4799999999999997,0.29000000000000015,1.0,6.123233995736766e-17,0.9778483415056568,0.20931464596304847
CLCB042019,105.13,9.67,0.26,2019-04-08,8.2,3125.0,3.125,125.21871116377949,162.78432451291334,3,1.04,1.04,1.04,1.0033333333333332,0.812857142857143,0.8660254037844387,-0.4999999999999998,0.9932568492674143,-0.11593459959550041
CLCB042019,105.13,9.67,0.26,2019-04-16,7.9,2952.0,2.952,125.21871116377949,162.78432451291334,3,0.39,0.39,0.39,0.10333333333333318,0.4285714285714287,0.8660254037844387,-0.4999999999999998,0.9679377830240642,-0.25119006388481935
CLCB042019,105.13,9.67,0.26,2019-05-16,4.5,126.4,0.1264,125.21871116377949,162.78432451291334,3,0.53,0.53,0.53,0.3033333333333332,0.32857142857142874,0.49999999999999994,-0.8660254037844387,0.717676913675962,-0.6963762255968722
CLCB042019,105.13,9.67,0.26,2019-06-06,6.1,1252.0,1.252,125.21871116377949,162.78432451291334,3,1.08,1.08,1.08,1.0666666666666667,0.7600000000000001,1.2246467991473532e-16,-1.0,0.42500033996955416,-0.9051931898913974
CLCB042019,105.13,9.67,0.26,2019-06-19,4.8,168.0,0.168,125.21871116377949,162.78432451291334,3,1.15,1.15,1.15,1.0,0.6800000000000003,1.2246467991473532e-16,-1.0,0.21352091543979612,-0.9769384927771817
CLCB042020,105.19,9.67,0.59,2020-03-09,7.57,6735.5,6.7355,125.09816897236745,162.62761966407768,3,0.35000000000000003,0.35000000000000003,0.35000000000000003,0.04999999999999979,0.0385714285714287,1.0,6.123233995736766e-17,0.9275416835791966,0.37371971479046906
CLCB042020,105.19,9.67,0.59,2020-03-24,9.0,9571.5,9.5715,125.09816897236745,162.62761966407768,3,0.07,0.07,0.07,0.20999999999999977,0.052857142857142984,1.0,6.123233995736766e-17,0.9922222094179323,0.12447926388678915
CLCB042020,105.19,9.67,0.59,2020-04-29,13.6,1989.5,1.9895,125.09816897236745,162.62761966407768,3,0.28,0.28,0.28,0.6066666666666665,0.6642857142857145,0.8660254037844387,-0.4999999999999998,0.8800122039735357,-0.47495107206704995
CLCB042020,105.19,9.67,0.59,2020-05-11,12.5,939.75,0.93975,125.09816897236745,162.62761966407768,3,0.7000000000000001,0.7000000000000001,0.7000000000000001,0.9066666666666664,0.4657142857142858,0.49999999999999994,-0.8660254037844387,0.7638886127905428,-0.6453481132295501
CLCB042020,105.19,9.67,0.59,2020-05-25,12.1,1624.0,1.624,125.09816897236745,162.62761966407768,3,0.62,0.62,0.62,0.6833333333333331,0.2842857142857144,0.49999999999999994,-0.8660254037844387,0.5877852522924732,-0.8090169943749473
CLCB042020,105.19,9.67,0.59,2020-06-11,4.3,28.55,0.02855,125.09816897236745,162.62761966407768,3,-0.13,-0.13,-0.13,0.6333333333333332,0.5385714285714287,1.2246467991473532e-16,-1.0,0.3294084822245304,-0.9441875088341993
CLCB042021,105.19,9.67,0.06,2021-01-17,1.62,185.0,0.185,125.09816897236745,162.62761966407768,3,1.73,1.73,1.73,1.5966666666666667,1.3342857142857145,0.49999999999999994,0.8660254037844387,0.288482432880609,0.9574851883550393
CLCB042021,105.19,9.67,0.06,2021-02-28,4.56,2281.0,2.281,125.09816897236745,162.62761966407768,3,0.8200000000000001,0.8200000000000001,0.8200000000000001,0.4333333333333331,0.28285714285714303,0.8660254037844386,0.5000000000000001,0.8498170915275278,0.5270777086423722
CLCB042021,105.19,9.67,0.06,2021-03-15,6.88,3848.0,3.848,125.09816897236745,162.62761966407768,3,1.24,1.24,1.24,0.7399999999999999,0.3342857142857145,1.0,6.123233995736766e-17,0.9562348265919056,0.29260033563334836
CLCB042021,105.19,9.67,0.06,2021-03-29,11.0,721.0,0.721,125.09816897236745,162.62761966407768,3,0.93,0.93,0.93,0.41333333333333316,0.08428571428571449,1.0,6.123233995736766e-17,0.9984354211555643,0.055916990100603484
CLCB042021,105.19,9.67,0.52,2021-04-14,8.5,626.0,0.626,125.09816897236745,162.62761966407768,3,1.11,1.11,1.11,0.8433333333333334,0.38285714285714306,0.8660254037844387,-0.4999999999999998,0.9760105506323683,-0.21772323039653177
CLCB042021,105.19,9.67,0.52,2021-04-28,6.7,4346.0,4.346,125.09816897236745,162.62761966407768,3,0.89,0.89,0.89,0.18999999999999995,-0.06285714285714263,0.8660254037844387,-0.4999999999999998,0.895839290734909,-0.4443781781046132
CLCB042021,105.19,9.67,0.52,2021-05-14,9.0,754.0,0.754,125.09816897236745,162.62761966407768,3,0.93,0.93,0.93,1.0599999999999998,0.585714285714286,0.49999999999999994,-0.8660254037844387,0.7412220108485958,-0.6712599575675313
CLCB042022,105.19,9.67,0.65,2022-01-17,4.1,2269.5192493980235,,125.09816897236745,162.62761966407768,3,0.89,0.89,0.89,0.8166666666666665,0.7942857142857147,0.49999999999999994,0.8660254037844387,0.288482432880609,0.9574851883550393
CLCB042022,105.19,9.67,0.65,2022-02-28,4.2,2324.873377432122,,125.09816897236745,162.62761966407768,3,0.41000000000000003,0.41000000000000003,0.41000000000000003,0.21999999999999997,0.5628571428571433,0.8660254037844386,0.5000000000000001,0.8498170915275278,0.5270777086423722
CLCB042022,105.19,9.67,0.65,2022-03-15,4.2,2324.873377432122,,125.09816897236745,162.62761966407768,3,0.1,0.1,0.1,0.019999999999999924,0.20285714285714326,1.0,6.123233995736766e-17,0.9562348265919056,0.29260033563334836
CLCB042022,105.19,9.67,0.65,2022-03-29,3.0,1660.6238410229441,,125.09816897236745,162.62761966407768,3,0.02,0.02,0.02,-0.07000000000000008,0.31428571428571467,1.0,6.123233995736766e-17,0.9984354211555643,0.055916990100603484
CLCB042022,105.19,9.67,0.4,2022-04-14,3.5,1937.394481193435,,125.09816897236745,162.62761966407768,3,0.12,0.12,0.12,0.1333333333333331,0.3128571428571432,0.8660254037844387,-0.4999999999999998,0.9760105506323683,-0.21772323039653177
CLCB042022,105.19,9.67,0.4,2022-04-28,3.1,1715.9779690570424,,125.09816897236745,162.62761966407768,3,0.1,0.1,0.1,-0.013333333333333558,0.25000000000000033,0.8660254037844387,-0.4999999999999998,0.895839290734909,-0.4443781781046132
CLCB042022,105.19,9.67,0.4,2022-05-14,2.9,1605.269712988846,,125.09816897236745,162.62761966407768,3,0.28,0.28,0.28,0.23666666666666644,0.19428571428571462,0.49999999999999994,-0.8660254037844387,0.7412220108485958,-0.6712599575675313
CLCB052019,105.3,9.47,0.09,2019-03-04,6.8,124.0,0.124,147.90793917819013,192.28032093164717,4,0.68,0.68,0.68,0.2999999999999997,0.3857142857142858,1.0,6.123233995736766e-17,0.8840675099433636,0.4673592171580022
CLCB052019,105.3,9.47,0.09,2019-03-20,8.1,114.0,0.114,147.90793917819013,192.28032093164717,4,0.72,0.72,0.72,0.2899999999999997,0.24142857142857158,1.0,6.123233995736766e-17,0.9778483415056568,0.20931464596304847
CLCB052019,105.3,9.47,0.09,2019-04-08,6.2,248.0,0.248,147.90793917819013,192.28032093164717,4,1.05,1.05,1.05,0.9099999999999998,0.7257142857142859,0.8660254037844387,-0.4999999999999998,0.9932568492674143,-0.11593459959550041
CLCB052019,105.3,9.47,0.09,2019-04-16,13.0,4261.0,4.261,147.90793917819013,192.28032093164717,4,0.24,0.24,0.24,0.1333333333333332,0.542857142857143,0.8660254037844387,-0.4999999999999998,0.9679377830240642,-0.25119006388481935
CLCB052019,105.3,9.47,0.09,2019-05-16,22.1,136.0,0.136,147.90793917819013,192.28032093164717,4,0.44,0.44,0.44,0.19999999999999982,0.38000000000000017,0.49999999999999994,-0.8660254037844387,0.717676913675962,-0.6963762255968722
CLCB052019,105.3,9.47,0.09,2019-06-06,19.6,1265.0,1.265,147.90793917819013,192.28032093164717,4,1.08,1.08,1.08,0.98,0.6300000000000001,1.2246467991473532e-16,-1.0,0.42500033996955416,-0.9051931898913974
CLCB052019,105.3,9.47,0.09,2019-06-19,16.5,1124.0,1.124,147.90793917819013,192.28032093164717,4,1.12,1.12,1.12,0.8366666666666666,0.5571428571428573,1.2246467991473532e-16,-1.0,0.21352091543979612,-0.9769384927771817
CLCB052020,105.26,9.6,0.4,2020-03-24,8.6,6735.5,6.7355,133.15889104014178,173.10655835218432,3,0.07,0.07,0.07,0.20999999999999977,0.052857142857142984,1.0,6.123233995736766e-17,0.9922222094179323,0.12447926388678915
CLCB052020,105.26,9.6,0.59,2020-04-09,7.9,8153.5,8.1535,133.15889104014178,173.10655835218432,3,0.9400000000000001,0.9400000000000001,0.9400000000000001,0.25333333333333313,-0.05428571428571416,0.8660254037844387,-0.4999999999999998,0.9886775902323405,-0.1500553983446526
CLCB052020,105.26,9.6,0.4,2020-04-29,15.6,13825.5,13.8255,133.15889104014178,173.10655835218432,3,0.28,0.28,0.28,0.6066666666666665,0.6642857142857145,0.8660254037844387,-0.4999999999999998,0.8800122039735357,-0.47495107206704995
CLCB052020,105.26,9.6,0.4,2020-05-11,13.3,12939.25,12.93925,133.15889104014178,173.10655835218432,3,0.7000000000000001,0.7000000000000001,0.7000000000000001,0.9066666666666664,0.4657142857142858,0.49999999999999994,-0.8660254037844387,0.7638886127905428,-0.6453481132295501
CLCB052020,105.26,9.6,0.4,2020-05-25,16.2,154.0,0.154,133.15889104014178,173.10655835218432,3,0.62,0.62,0.62,0.6833333333333331,0.2842857142857144,0.49999999999999994,-0.8660254037844387,0.5877852522924732,-0.8090169943749473
CLCB052020,105.26,9.6,0.4,2020-06-11,17.0,11434.0,11.434,133.15889104014178,173.10655835218432,3,-0.13,-0.13,-0.13,0.6333333333333332,0.5385714285714287,1.2246467991473532e-16,-1.0,0.3294084822245304,-0.9441875088341993
CLCB052021,105.26,9.6,0.52,2021-01-17,3.47,37.0,0.037,133.15889104014178,173.10655835218432,3,1.73,1.73,1.73,1.5966666666666667,1.3342857142857145,0.49999999999999994,0.8660254037844387,0.288482432880609,0.9574851883550393
CLCB052021,105.26,9.6,0.52,2021-02-28,5.1,1784.0,1.784,133.15889104014178,173.10655835218432,3,0.8200000000000001,0.8200000000000001,0.8200000000000001,0.4333333333333331,0.28285714285714303,0.8660254037844386,0.5000000000000001,0.8498170915275278,0.5270777086423722
CLCB052021,105.26,9.6,0.52,2021-03-15,7.23,323.0,0.323,133.15889104014178,173.10655835218432,3,1.24,1.24,1.24,0.7399999999999999,0.3342857142857145,1.0,6.123233995736766e-17,0.9562348265919056,0.29260033563334836
CLCB052021,105.26,9.6,0.52,2021-03-29,1.5,721.0,0.721,133.15889104014178,173.10655835218432,3,0.93,0.93,0.93,0.41333333333333316,0.08428571428571449,1.0,6.123233995736766e-17,0.9984354211555643,0.055916990100603484
CLCB052021,105.26,9.6,0.52,2021-04-14,1.3,6133.0,6.133,133.15889104014178,173.10655835218432,3,1.11,1.11,1.11,0.8433333333333334,0.38285714285714306,0.8660254037844387,-0.4999999999999998,0.9760105506323683,-0.21772323039653177
CLCB052021,105.26,9.6,1.62,2021-04-28,9.7,6279.0,6.279,133.15889104014178,173.10655835218432,3,0.89,0.89,0.89,0.18999999999999995,-0.06285714285714263,0.8660254037844387,-0.4999999999999998,0.895839290734909,-0.4443781781046132
CLCB052021,105.26,9.6,1.62,2021-05-14,11.1,1451.0,1.451,133.15889104014178,173.10655835218432,3,0.93,0.93,0.93,1.0599999999999998,0.585714285714286,0.49999999999999994,-0.8660254037844387,0.7412220108485958,-0.6712599575675313
CLCB052022,105.26,9.6,0.4,2022-01-17,4.9,2712.352273670809,,133.15889104014178,173.10655835218432,3,0.89,0.89,0.89,0.8166666666666665,0.7942857142857147,0.49999999999999994,0.8660254037844387,0.288482432880609,0.9574851883550393
CLCB052022,105.26,9.6,0.4,2022-02-28,4.4,2435.5816335003183,,133.15889104014178,173.10655835218432,3,0.41000000000000003,0.41000000000000003,0.41000000000000003,0.21999999999999997,0.5628571428571433,0.8660254037844386,0.5000000000000001,0.8498170915275278,0.5270777086423722
CLCB052022,105.26,9.6,0.4,2022-03-15,7.3,4040.8513464891644,,133.15889104014178,173.10655835218432,3,0.1,0.1,0.1,0.019999999999999924,0.20285714285714326,1.0,6.123233995736766e-17,0.9562348265919056,0.29260033563334836
CLCB052022,105.26,9.6,0.4,2022-03-29,5.7,3155.185297943594,,133.15889104014178,173.10655835218432,3,0.02,0.02,0.02,-0.07000000000000008,0.31428571428571467,1.0,6.123233995736766e-17,0.9984354211555643,0.055916990100603484
CLCB052022,105.26,9.6,0.4,2022-04-14,4.6,2546.2898895685144,,133.15889104014178,173.10655835218432,3,0.12,0.12,0.12,0.1333333333333331,0.3128571428571432,0.8660254037844387,-0.4999999999999998,0.9760105506323683,-0.21772323039653177
CLCB052022,105.26,9.6,1.03,2022-04-28,4.1,2269.5192493980235,,133.15889104014178,173.10655835218432,3,0.1,0.1,0.1,-0.013333333333333558,0.25000000000000033,0.8660254037844387,-0.4999999999999998,0.895839290734909,-0.4443781781046132
CLCB052022,105.26,9.6,1.03,2022-05-14,4.6,2546.2898895685144,,133.15889104014178,173.10655835218432,3,0.28,0.28,0.28,0.23666666666666644,0.19428571428571462,0.49999999999999994,-0.8660254037844387,0.7412220108485958,-0.6712599575675313
CLCB062019,105.38,9.59,0.59,2019-03-04,1.9,225.0,0.225,135.74821312193748,176.47267705851874,4,0.68,0.68,0.68,0.2999999999999997,0.3857142857142858,1.0,6.123233995736766e-17,0.8840675099433636,0.4673592171580022
CLCB062019,105.38,9.59,0.59,2019-03-20,11.7,1524.0,1.524,135.74821312193748,176.47267705851874,4,0.72,0.72,0.72,0.2899999999999997,0.24142857142857158,1.0,6.123233995736766e-17,0.9778483415056568,0.20931464596304847
CLCB062019,105.38,9.59,0.59,2019-04-08,6.6,1526.0,1.526,135.74821312193748,176.47267705851874,4,1.05,1.05,1.05,0.9099999999999998,0.7257142857142859,0.8660254037844387,-0.4999999999999998,0.9932568492674143,-0.11593459959550041
CLCB062019,105.38,9.59,0.59,2019-04-16,8.6,1524.0,1.524,135.74821312193748,176.47267705851874,4,0.24,0.24,0.24,0.1333333333333332,0.542857142857143,0.8660254037844387,-0.4999999999999998,0.9679377830240642,-0.25119006388481935
CLCB062019,105.38,9.59,0.59,2019-05-16,3.7,659.2,0.6592,135.74821312193748,176.47267705851874,4,0.44,0.44,0.44,0.19999999999999982,0.38000000000000017,0.49999999999999994,-0.8660254037844387,0.717676913675962,-0.6963762255968722
CLCB062019,105.38,9.59,0.59,2019-06-06,4.0,72.12,0.07212,135.74821312193748,176.47267705851874,4,1.08,1.08,1.08,0.98,0.6300000000000001,1.2246467991473532e-16,-1.0,0.42500033996955416,-0.9051931898913974
CLCB062019,105.38,9.59,0.59,2019-06-19,1.5,24.5,0.0245,135.74821312193748,176.47267705851874,4,1.12,1.12,1.12,0.8366666666666666,0.5571428571428573,1.2246467991473532e-16,-1.0,0.21352091543979612,-0.9769384927771817
CLCB062020,105.15,9.76,0.4,2020-03-09,9.9,1989.5,1.9895,115.13671586164628,149.67773062014018,3,0.35000000000000003,0.35000000000000003,0.35000000000000003,0.04999999999999979,0.0385714285714287,1.0,6.123233995736766e-17,0.9275416835791966,0.37371971479046906
CLCB062020,105.15,9.76,0.4,2020-03-24,1.8,1635.0,1.635,115.13671586164628,149.67773062014018,3,0.07,0.07,0.07,0.20999999999999977,0.052857142857142984,1.0,6.123233995736766e-17,0.9922222094179323,0.12447926388678915
CLCB062020,105.15,9.76,0.4,2020-04-29,16.1,12691.1,12.6911,115.13671586164628,149.67773062014018,3,0.28,0.28,0.28,0.6066666666666665,0.6642857142857145,0.8660254037844387,-0.4999999999999998,0.8800122039735357,-0.47495107206704995
CLCB062020,105.15,9.76,0.4,2020-05-11,1.9,11875.75,11.87575,115.13671586164628,149.67773062014018,3,0.7000000000000001,0.7000000000000001,0.7000000000000001,0.9066666666666664,0.4657142857142858,0.49999999999999994,-0.8660254037844387,0.7638886127905428,-0.6453481132295501
CLCB062020,105.15,9.76,0.4,2020-05-25,13.1,11652.0,11.652,115.13671586164628,149.67773062014018,3,0.62,0.62,0.62,0.6833333333333331,0.2842857142857144,0.49999999999999994,-0.8660254037844387,0.5877852522924732,-0.8090169943749473
CLCB062020,105.15,9.76,0.4,2020-06-11,9.1,9989.5,9.9895,115.13671586164628,149.67773062014018,3,-0.13,-0.13,-0.13,0.6333333333333332,0.5385714285714287,1.2246467991473532e-16,-1.0,0.3294084822245304,-0.9441875088341993
CLCB062021,105.15,9.76,1.62,2021-01-17,7.3,865.0,0.865,115.13671586164628,149.67773062014018,3,1.73,1.73,1.73,1.5966666666666667,1.3342857142857145,0.49999999999999994,0.8660254037844387,0.288482432880609,0.9574851883550393
CLCB062021,105.15,9.76,1.62,2021-02-28,8.4,7456.0,7.456,115.13671586164628,149.67773062014018,3,0.8200000000000001,0.8200000000000001,0.8200000000000001,0.4333333333333331,0.28285714285714303,0.8660254037844386,0.5000000000000001,0.8498170915275278,0.5270777086423722
CLCB062021,105.15,9.76,1.62,2021-03-15,12.4,714.0,0.714,115.13671586164628,149.67773062014018,3,1.24,1.24,1.24,0.7399999999999999,0.3342857142857145,1.0,6.123233995736766e-17,0.9562348265919056,0.29260033563334836
CLCB062021,105.15,9.76,1.62,2021-03-29,11.9,7824.0,7.824,115.13671586164628,149.67773062014018,3,0.93,0.93,0.93,0.41333333333333316,0.08428571428571449,1.0,6.123233995736766e-17,0.9984354211555643,0.055916990100603484
CLCB062021,105.15,9.76,1.62,2021-04-14,9.3,654.0,0.654,115.13671586164628,149.67773062014018,3,1.11,1.11,1.11,0.8433333333333334,0.38285714285714306,0.8660254037844387,-0.4999999999999998,0.9760105506323683,-0.21772323039653177
CLCB062021,105.15,9.76,1.62,2021-04-28,8.8,594.0,0.594,115.13671586164628,149.67773062014018,3,0.89,0.89,0.89,0.18999999999999995,-0.06285714285714263,0.8660254037844387,-0.4999999999999998,0.895839290734909,-0.4443781781046132
CLCB062021,105.15,9.76,0.95,2021-05-14,3.3,954.0,0.954,115.13671586164628,149.67773062014018,3,0.93,0.93,0.93,1.0599999999999998,0.585714285714286,0.49999999999999994,-0.8660254037844387,0.7412220108485958,-0.6712599575675313
CLCB062022,105.15,9.76,1.03,2022-01-17,7.2,3985.497218455066,,115.13671586164628,149.67773062014018,3,0.89,0.89,0.89,0.8166666666666665,0.7942857142857147,0.49999999999999994,0.8660254037844387,0.288482432880609,0.9574851883550393
CLCB062022,105.15,9.76,1.03,2022-02-28,6.0,3321.2476820458883,,115.13671586164628,149.67773062014018,3,0.41000000000000003,0.41000000000000003,0.41000000000000003,0.21999999999999997,0.5628571428571433,0.8660254037844386,0.5000000000000001,0.8498170915275278,0.5270777086423722
CLCB062022,105.15,9.76,1.03,2022-03-15,5.9,3265.8935540117905,,115.13671586164628,149.67773062014018,3,0.1,0.1,0.1,0.019999999999999924,0.20285714285714326,1.0,6.123233995736766e-17,0.9562348265919056,0.29260033563334836
CLCB062022,105.15,9.76,1.03,2022-03-29,3.1,1715.9779690570424,,115.13671586164628,149.67773062014018,3,0.02,0.02,0.02,-0.07000000000000008,0.31428571428571467,1.0,6.123233995736766e-17,0.9984354211555643,0.055916990100603484
CLCB062022,105.15,9.76,1.03,2022-04-14,3.0,1660.6238410229441,,115.13671586164628,149.67773062014018,3,0.12,0.12,0.12,0.1333333333333331,0.3128571428571432,0.8660254037844387,-0.4999999999999998,0.9760105506323683,-0.21772323039653177
CLCB062022,105.15,9.76,1.03,2022-04-28,3.7,2048.1027372616313,,115.13671586164628,149.67773062014018,3,0.1,0.1,0.1,-0.013333333333333558,0.25000000000000033,0.8660254037844387,-0.4999999999999998,0.895839290734909,-0.4443781781046132
CLCB062022,105.15,9.76,0.99,2022-05-14,2.0,1107.0825606819628,,115.13671586164628,149.67773062014018,3,0.28,0.28,0.28,0.23666666666666644,0.19428571428571462,0.49999999999999994,-0.8660254037844387,0.7412220108485958,-0.6712599575675313
CLCB072019,105.38,9.78,0.4,2019-03-04,0.038298860000000004,21.2,0.0212,114.94360439278746,149.4266857106237,3,0.79,0.79,0.79,0.4799999999999997,0.36000000000000015,1.0,6.123233995736766e-17,0.8840675099433636,0.4673592171580022
CLCB072019,105.38,9.78,0.4,2019-03-20,0.1,25.95,0.02595,114.94360439278746,149.4266857106237,3,0.9,0.9,0.9,0.4799999999999997,0.29000000000000015,1.0,6.123233995736766e-17,0.9778483415056568,0.20931464596304847
CLCB072019,105.38,9.78,0.4,2019-04-08,0.2,3.48,0.00348,114.94360439278746,149.4266857106237,3,1.04,1.04,1.04,1.0033333333333332,0.812857142857143,0.8660254037844387,-0.4999999999999998,0.9932568492674143,-0.11593459959550041
CLCB072019,105.38,9.78,0.4,2019-04-16,0.1,21.3,0.0213,114.94360439278746,149.4266857106237,3,0.39,0.39,0.39,0.10333333333333318,0.4285714285714287,0.8660254037844387,-0.4999999999999998,0.9679377830240642,-0.25119006388481935
CLCB072019,105.38,9.78,0.4,2019-05-16,0.1,16.21,0.016210000000000002,114.94360439278746,149.4266857106237,3,0.53,0.53,0.53,0.3033333333333332,0.32857142857142874,0.49999999999999994,-0.8660254037844387,0.717676913675962,-0.6963762255968722
CLCB072019,105.38,9.78,0.4,2019-06-06,0.1,43.12,0.04312,114.94360439278746,149.4266857106237,3,1.08,1.08,1.08,1.0666666666666667,0.7600000000000001,1.2246467991473532e-16,-1.0,0.42500033996955416,-0.9051931898913974
CLCB072019,105.38,9.78,0.4,2019-06-19,0.0038840825000000002,2.15,0.00215,114.94360439278746,149.4266857106237,3,1.15,1.15,1.15,1.0,0.6800000000000003,1.2246467991473532e-16,-1.0,0.21352091543979612,-0.9769384927771817
CLCB072020,105.25,9.76,0.4,2020-03-09,2.17,1329.375,1.329375,115.33408320172433,149.93430816224162,3,0.35000000000000003,0.35000000000000003,0.35000000000000003,0.04999999999999979,0.0385714285714287,1.0,6.123233995736766e-17,0.9275416835791966,0.37371971479046906
CLCB072020,105.25,9.76,0.4,2020-03-24,0.2,75.154,0.075154,115.33408320172433,149.93430816224162,3,0.07,0.07,0.07,0.20999999999999977,0.052857142857142984,1.0,6.123233995736766e-17,0.9922222094179323,0.12447926388678915
CLCB072020,105.25,9.76,0.4,2020-04-29,2.65,241.6,0.24159999999999998,115.33408320172433,149.93430816224162,3,0.28,0.28,0.28,0.6066666666666665,0.6642857142857145,0.8660254037844387,-0.4999999999999998,0.8800122039735357,-0.47495107206704995
CLCB072020,105.25,9.76,-0.07,2020-05-11,0.31,116.985,0.116985,115.33408320172433,149.93430816224162,3,0.7000000000000001,0.7000000000000001,0.7000000000000001,0.9066666666666664,0.4657142857142858,0.49999999999999994,-0.8660254037844387,0.7638886127905428,-0.6453481132295501
CLCB072020,105.25,9.76,-0.07,2020-05-25,4.4,7571.5,7.5715,115.33408320172433,149.93430816224162,3,0.62,0.62,0.62,0.6833333333333331,0.2842857142857144,0.49999999999999994,-0.8660254037844387,0.5877852522924732,-0.8090169943749473
CLCB072020,105.25,9.76,-0.07,2020-06-11,0.3,478.575,0.478575,115.33408320172433,149.93430816224162,3,-0.13,-0.13,-0.13,0.6333333333333332,0.5385714285714287,1.2246467991473532e-16,-1.0,0.3294084822245304,-0.9441875088341993
CLCB072021,105.25,9.76,0.95,2021-01-17,2.11,246.0,0.246,115.33408320172433,149.93430816224162,3,1.73,1.73,1.73,1.5966666666666667,1.3342857142857145,0.49999999999999994,0.8660254037844387,0.288482432880609,0.9574851883550393
CLCB072021,105.25,9.76,0.95,2021-02-28,5.0,3557.0,3.557,115.33408320172433,149.93430816224162,3,0.8200000000000001,0.8200000000000001,0.8200000000000001,0.4333333333333331,0.28285714285714303,0.8660254037844386,0.5000000000000001,0.8498170915275278,0.5270777086423722
CLCB072021,105.25,9.76,0.95,2021-03-15,5.38,3772.0,3.772,115.33408320172433,149.93430816224162,3,1.24,1.24,1.24,0.7399999999999999,0.3342857142857145,1.0,6.123233995736766e-17,0.9562348265919056,0.29260033563334836
CLCB072021,105.25,9.76,0.95,2021-03-29,0.2,42.15,0.04215,115.33408320172433,149.93430816224162,3,0.93,0.93,0.93,0.41333333333333316,0.08428571428571449,1.0,6.123233995736766e-17,0.9984354211555643,0.055916990100603484
CLCB072021,105.25,9.76,0.95,2021-04-14,2.8,88.62,0.08862,115.33408320172433,149.93430816224162,3,1.11,1.11,1.11,0.8433333333333334,0.38285714285714306,0.8660254037844387,-0.4999999999999998,0.9760105506323683,-0.21772323039653177
CLCB072021,105.25,9.76,0.95,2021-04-28,0.2,31.5,0.0315,115.33408320172433,149.93430816224162,3,0.89,0.89,0.89,0.18999999999999995,-0.06285714285714263,0.8660254037844387,-0.4999999999999998,0.895839290734909,-0.4443781781046132
CLCB072021,105.25,9.76,0.95,2021-05-14,0.1,35.4,0.0354,115.33408320172433,149.93430816224162,3,0.93,0.93,0.93,1.0599999999999998,0.585714285714286,0.49999999999999994,-0.8660254037844387,0.7412220108485958,-0.6712599575675313
CLCB072022,105.25,9.76,0.99,2022-01-17,0.1,55.354128034098146,,115.33408320172433,149.93430816224162,3,0.89,0.89,0.89,0.8166666666666665,0.7942857142857147,0.49999999999999994,0.8660254037844387,0.288482432880609,0.9574851883550393
CLCB072022,105.25,9.76,0.99,2022-02-28,2.4,1328.4990728183552,,115.33408320172433,149.93430816224162,3,0.41000000000000003,0.41000000000000003,0.41000000000000003,0.21999999999999997,0.5628571428571433,0.8660254037844386,0.5000000000000001,0.8498170915275278,0.5270777086423722
CLCB072022,105.25,9.76,0.99,2022-03-15,1.7,941.0201765796683,,115.33408320172433,149.93430816224162,3,0.1,0.1,0.1,0.019999999999999924,0.20285714285714326,1.0,6.123233995736766e-17,0.9562348265919056,0.29260033563334836
CLCB072022,105.25,9.76,0.99,2022-03-29,0.6,332.1247682045888,,115.33408320172433,149.93430816224162,3,0.02,0.02,0.02,-0.07000000000000008,0.31428571428571467,1.0,6.123233995736766e-17,0.9984354211555643,0.055916990100603484
CLCB072022,105.25,9.76,0.99,2022-04-14,0.1,55.354128034098146,,115.33408320172433,149.93430816224162,3,0.12,0.12,0.12,0.1333333333333331,0.3128571428571432,0.8660254037844387,-0.4999999999999998,0.9760105506323683,-0.21772323039653177
CLCB072022,105.25,9.76,0.99,2022-04-28,0.1,55.354128034098146,,115.33408320172433,149.93430816224162,3,0.1,0.1,0.1,-0.013333333333333558,0.25000000000000033,0.8660254037844387,-0.4999999999999998,0.895839290734909,-0.4443781781046132
CLCB072022,105.25,9.76,0.99,2022-05-14,0.1,55.354128034098146,,115.33408320172433,149.93430816224162,3,0.28,0.28,0.28,0.23666666666666644,0.19428571428571462,0.49999999999999994,-0.8660254037844387,0.7412220108485958,-0.6712599575675313
CLCB082019,105.42,9.95,0.4,2019-03-04,0.1,4.25,0.00425,97.5283600242959,126.78686803158469,3,0.79,0.79,0.79,0.4799999999999997,0.36000000000000015,1.0,6.123233995736766e-17,0.8840675099433636,0.4673592171580022
CLCB082019,105.42,9.95,0.4,2019-03-20,0.0383169255,21.21,0.02121,97.5283600242959,126.78686803158469,3,0.9,0.9,0.9,0.4799999999999997,0.29000000000000015,1.0,6.123233995736766e-17,0.9778483415056568,0.20931464596304847
CLCB082019,105.42,9.95,0.4,2019-04-08,0.1,15.84,0.01584,97.5283600242959,126.78686803158469,3,1.04,1.04,1.04,1.0033333333333332,0.812857142857143,0.8660254037844387,-0.4999999999999998,0.9932568492674143,-0.11593459959550041
CLCB082019,105.42,9.95,0.4,2019-04-16,0.027315036,15.12,0.01512,97.5283600242959,126.78686803158469,3,0.39,0.39,0.39,0.10333333333333318,0.4285714285714287,0.8660254037844387,-0.4999999999999998,0.9679377830240642,-0.25119006388481935
CLCB082019,105.42,9.95,0.4,2019-05-16,0.1,23.14,0.02314,97.5283600242959,126.78686803158469,3,0.53,0.53,0.53,0.3033333333333332,0.32857142857142874,0.49999999999999994,-0.8660254037844387,0.717676913675962,-0.6963762255968722
CLCB082019,105.42,9.95,0.4,2019-06-06,0.0220579755,12.21,0.01221,97.5283600242959,126.78686803158469,3,1.08,1.08,1.08,1.0666666666666667,0.7600000000000001,1.2246467991473532e-16,-1.0,0.42500033996955416,-0.9051931898913974
CLCB082019,105.42,9.95,0.4,2019-06-19,0.1,25.62,0.02562,97.5283600242959,126.78686803158469,3,1.15,1.15,1.15,1.0,0.6800000000000003,1.2246467991473532e-16,-1.0,0.21352091543979612,-0.9769384927771817
CLCB082020,105.21,9.85,-0.07,2020-03-09,0.1,67.355,0.067355,105.12708368631353,136.66520879220758,3,0.35000000000000003,0.35000000000000003,0.35000000000000003,0.04999999999999979,0.0385714285714287,1.0,6.123233995736766e-17,0.9275416835791966,0.37371971479046906
CLCB082020,105.21,9.85,-0.07,2020-03-24,0.1,46.794,0.046793999999999995,105.12708368631353,136.66520879220758,3,0.07,0.07,0.07,0.20999999999999977,0.052857142857142984,1.0,6.123233995736766e-17,0.9922222094179323,0.12447926388678915
CLCB082020,105.21,9.85,-0.07,2020-04-29,1.66,131.874,0.131874,105.12708368631353,136.66520879220758,3,0.28,0.28,0.28,0.6066666666666665,0.6642857142857145,0.8660254037844387,-0.4999999999999998,0.8800122039735357,-0.47495107206704995
CLCB082020,105.21,9.85,-0.07,2020-05-11,0.23,12.85,0.01285,105.12708368631353,136.66520879220758,3,0.7000000000000001,0.7000000000000001,0.7000000000000001,0.9066666666666664,0.4657142857142858,0.49999999999999994,-0.8660254037844387,0.7638886127905428,-0.6453481132295501
CLCB082020,105.21,9.85,0.19,2020-05-25,0.44,22.65,0.02265,105.12708368631353,136.66520879220758,3,0.62,0.62,0.62,0.6833333333333331,0.2842857142857144,0.49999999999999994,-0.8660254037844387,0.5877852522924732,-0.8090169943749473
CLCB082020,105.21,9.85,0.19,2020-06-11,0.1,174.414,0.17441399999999999,105.12708368631353,136.66520879220758,3,-0.13,-0.13,-0.13,0.6333333333333332,0.5385714285714287,1.2246467991473532e-16,-1.0,0.3294084822245304,-0.9441875088341993
CLCB082021,105.38,9.79,1.07,2021-01-17,0.12,27.4,0.027399999999999997,113.8519140842036,148.0074883094647,3,1.73,1.73,1.73,1.5966666666666667,1.3342857142857145,0.49999999999999994,0.8660254037844387,0.288482432880609,0.9574851883550393
CLCB082021,105.38,9.79,1.07,2021-02-28,0.1,45.2,0.045200000000000004,113.8519140842036,148.0074883094647,3,0.8200000000000001,0.8200000000000001,0.8200000000000001,0.4333333333333331,0.28285714285714303,0.8660254037844386,0.5000000000000001,0.8498170915275278,0.5270777086423722
CLCB082021,105.38,9.79,1.07,2021-03-15,0.11,35.26,0.03526,113.8519140842036,148.0074883094647,3,1.24,1.24,1.24,0.7399999999999999,0.3342857142857145,1.0,6.123233995736766e-17,0.9562348265919056,0.29260033563334836
CLCB082021,105.38,9.79,1.07,2021-03-29,0.1,3.12,0.00312,113.8519140842036,148.0074883094647,3,0.93,0.93,0.93,0.41333333333333316,0.08428571428571449,1.0,6.123233995736766e-17,0.9984354211555643,0.055916990100603484
CLCB082021,105.38,9.79,1.07,2021-04-14,0.1,47.45,0.047450000000000006,113.8519140842036,148.0074883094647,3,1.11,1.11,1.11,0.8433333333333334,0.38285714285714306,0.8660254037844387,-0.4999999999999998,0.9760105506323683,-0.21772323039653177
CLCB082021,105.38,9.79,1.07,2021-04-28,0.1,25.4,0.0254,113.8519140842036,148.0074883094647,3,0.89,0.89,0.89,0.18999999999999995,-0.06285714285714263,0.8660254037844387,-0.4999999999999998,0.895839290734909,-0.4443781781046132
CLCB082021,105.38,9.79,1.07,2021-05-14,0.1,42.1,0.0421,113.8519140842036,148.0074883094647,3,0.93,0.93,0.93,1.0599999999999998,0.585714285714286,0.49999999999999994,-0.8660254037844387,0.7412220108485958,-0.6712599575675313
CLCB082022,105.38,9.79,0.17,2022-01-17,0.0,0.0,0.0,113.8519140842036,148.0074883094647,3,0.89,0.89,0.89,0.8166666666666665,0.7942857142857147,0.49999999999999994,0.8660254037844387,0.288482432880609,0.9574851883550393
CLCB082022,105.38,9.79,0.17,2022-02-28,0.2,110.70825606819629,,113.8519140842036,148.0074883094647,3,0.41000000000000003,0.41000000000000003,0.41000000000000003,0.21999999999999997,0.5628571428571433,0.8660254037844386,0.5000000000000001,0.8498170915275278,0.5270777086423722
CLCB082022,105.38,9.79,0.17,2022-03-15,0.1,55.354128034098146,,113.8519140842036,148.0074883094647,3,0.1,0.1,0.1,0.019999999999999924,0.20285714285714326,1.0,6.123233995736766e-17,0.9562348265919056,0.29260033563334836
CLCB082022,105.38,9.79,0.17,2022-03-29,0.1,55.354128034098146,,113.8519140842036,148.0074883094647,3,0.02,0.02,0.02,-0.07000000000000008,0.31428571428571467,1.0,6.123233995736766e-17,0.9984354211555643,0.055916990100603484
CLCB082022,105.38,9.79,0.17,2022-04-14,0.1,55.354128034098146,,113.8519140842036,148.0074883094647,3,0.12,0.12,0.12,0.1333333333333331,0.3128571428571432,0.8660254037844387,-0.4999999999999998,0.9760105506323683,-0.21772323039653177
CLCB082022,105.38,9.79,0.17,2022-04-28,0.1,55.354128034098146,,113.8519140842036,148.0074883094647,3,0.1,0.1,0.1,-0.013333333333333558,0.25000000000000033,0.8660254037844387,-0.4999999999999998,0.895839290734909,-0.4443781781046132
CLCB082022,105.38,9.79,0.17,2022-05-14,0.1,55.354128034098146,,113.8519140842036,148.0074883094647,3,0.28,0.28,0.28,0.23666666666666644,0.19428571428571462,0.49999999999999994,-0.8660254037844387,0.7412220108485958,-0.6712599575675313
CLCB092019,105.35,9.88,-0.07,2019-03-04,1.0,321.0,0.321,103.40922901619022,134.4319977210473,3,0.79,0.79,0.79,0.4799999999999997,0.36000000000000015,1.0,6.123233995736766e-17,0.8840675099433636,0.4673592171580022
CLCB092019,105.35,9.88,-0.07,2019-03-20,0.1,42.52,0.04252,103.40922901619022,134.4319977210473,3,0.9,0.9,0.9,0.4799999999999997,0.29000000000000015,1.0,6.123233995736766e-17,0.9778483415056568,0.20931464596304847
CLCB092019,105.35,9.88,-0.07,2019-04-08,0.1,38.12,0.038119999999999994,103.40922901619022,134.4319977210473,3,1.04,1.04,1.04,1.0033333333333332,0.812857142857143,0.8660254037844387,-0.4999999999999998,0.9932568492674143,-0.11593459959550041
CLCB092019,105.35,9.88,-0.07,2019-04-16,0.0038660170000000002,2.14,0.00214,103.40922901619022,134.4319977210473,3,0.39,0.39,0.39,0.10333333333333318,0.4285714285714287,0.8660254037844387,-0.4999999999999998,0.9679377830240642,-0.25119006388481935
CLCB092019,105.35,9.88,-0.07,2019-05-16,0.1,25.23,0.02523,103.40922901619022,134.4319977210473,3,0.53,0.53,0.53,0.3033333333333332,0.32857142857142874,0.49999999999999994,-0.8660254037844387,0.717676913675962,-0.6963762255968722
CLCB092019,105.35,9.88,-0.07,2019-06-06,0.028218311,15.62,0.015619999999999998,103.40922901619022,134.4319977210473,3,1.08,1.08,1.08,1.0666666666666667,0.7600000000000001,1.2246467991473532e-16,-1.0,0.42500033996955416,-0.9051931898913974
CLCB092019,105.35,9.88,-0.07,2019-06-19,0.1,2.48,0.00248,103.40922901619022,134.4319977210473,3,1.15,1.15,1.15,1.0,0.6800000000000003,1.2246467991473532e-16,-1.0,0.21352091543979612,-0.9769384927771817
CLCB092020,105.38,9.79,0.19,2020-03-09,0.1,67.355,0.067355,113.8519140842036,148.0074883094647,3,0.35000000000000003,0.35000000000000003,0.35000000000000003,0.04999999999999979,0.0385714285714287,1.0,6.123233995736766e-17,0.9275416835791966,0.37371971479046906
CLCB092020,105.38,9.79,0.19,2020-03-24,0.1,41.122,0.041122,113.8519140842036,148.0074883094647,3,0.07,0.07,0.07,0.20999999999999977,0.052857142857142984,1.0,6.123233995736766e-17,0.9922222094179323,0.12447926388678915
CLCB092020,105.38,9.79,0.19,2020-04-29,0.17,38.286,0.038286,113.8519140842036,148.0074883094647,3,0.28,0.28,0.28,0.6066666666666665,0.6642857142857145,0.8660254037844387,-0.4999999999999998,0.8800122039735357,-0.47495107206704995
CLCB092020,105.38,9.79,0.19,2020-05-11,0.17,81.535,0.081535,113.8519140842036,148.0074883094647,3,0.7000000000000001,0.7000000000000001,0.7000000000000001,0.9066666666666664,0.4657142857142858,0.49999999999999994,-0.8660254037844387,0.7638886127905428,-0.6453481132295501
CLCB092020,105.38,9.79,0.19,2020-05-25,0.19,67.355,0.067355,113.8519140842036,148.0074883094647,3,0.62,0.62,0.62,0.6833333333333331,0.2842857142857144,0.49999999999999994,-0.8660254037844387,0.5877852522924732,-0.8090169943749473
CLCB092020,105.38,9.79,0.43,2020-06-11,0.1,165.96,0.16596,113.8519140842036,148.0074883094647,3,-0.13,-0.13,-0.13,0.6333333333333332,0.5385714285714287,1.2246467991473532e-16,-1.0,0.3294084822245304,-0.9441875088341993
CLCB092021,105.24,9.92,1.07,2021-01-17,0.1,25.9,0.0259,97.5093543739143,126.7621606860886,3,1.73,1.73,1.73,1.5966666666666667,1.3342857142857145,0.49999999999999994,0.8660254037844387,0.288482432880609,0.9574851883550393
CLCB092021,105.24,9.92,1.87,2021-02-28,0.1,28.1,0.0281,97.5093543739143,126.7621606860886,3,0.8200000000000001,0.8200000000000001,0.8200000000000001,0.4333333333333331,0.28285714285714303,0.8660254037844386,0.5000000000000001,0.8498170915275278,0.5270777086423722
CLCB092021,105.24,9.92,1.87,2021-03-15,0.13,4.26,0.00426,97.5093543739143,126.7621606860886,3,1.24,1.24,1.24,0.7399999999999999,0.3342857142857145,1.0,6.123233995736766e-17,0.9562348265919056,0.29260033563334836
CLCB092021,105.24,9.92,1.87,2021-03-29,0.1,25.8,0.0258,97.5093543739143,126.7621606860886,3,0.93,0.93,0.93,0.41333333333333316,0.08428571428571449,1.0,6.123233995736766e-17,0.9984354211555643,0.055916990100603484
CLCB092021,105.24,9.92,1.87,2021-04-14,0.1,67.12,0.06712,97.5093543739143,126.7621606860886,3,1.11,1.11,1.11,0.8433333333333334,0.38285714285714306,0.8660254037844387,-0.4999999999999998,0.9760105506323683,-0.21772323039653177
CLCB092021,105.24,9.92,1.87,2021-04-28,0.1,2.8,0.0028,97.5093543739143,126.7621606860886,3,0.89,0.89,0.89,0.18999999999999995,-0.06285714285714263,0.8660254037844387,-0.4999999999999998,0.895839290734909,-0.4443781781046132
CLCB092021,105.24,9.92,1.87,2021-05-14,0.1,4.6,0.0046,97.5093543739143,126.7621606860886,3,0.93,0.93,0.93,1.0599999999999998,0.585714285714286,0.49999999999999994,-0.8660254037844387,0.7412220108485958,-0.6712599575675313
CLCB092022,105.24,9.92,0.17,2022-01-17,0.0,0.0,0.0,97.5093543739143,126.7621606860886,3,0.89,0.89,0.89,0.8166666666666665,0.7942857142857147,0.49999999999999994,0.8660254037844387,0.288482432880609,0.9574851883550393
CLCB092022,105.24,9.92,0.7,2022-02-28,0.2,110.70825606819629,,97.5093543739143,126.7621606860886,3,0.41000000000000003,0.41000000000000003,0.41000000000000003,0.21999999999999997,0.5628571428571433,0.8660254037844386,0.5000000000000001,0.8498170915275278,0.5270777086423722
CLCB092022,105.24,9.92,0.7,2022-03-15,0.1,55.354128034098146,,97.5093543739143,126.7621606860886,3,0.1,0.1,0.1,0.019999999999999924,0.20285714285714326,1.0,6.123233995736766e-17,0.9562348265919056,0.29260033563334836
CLCB092022,105.24,9.92,0.7,2022-03-29,0.1,55.354128034098146,,97.5093543739143,126.7621606860886,3,0.02,0.02,0.02,-0.07000000000000008,0.31428571428571467,1.0,6.123233995736766e-17,0.9984354211555643,0.055916990100603484
CLCB092022,105.24,9.92,0.7,2022-04-14,0.1,55.354128034098146,,97.5093543739143,126.7621606860886,3,0.12,0.12,0.12,0.1333333333333331,0.3128571428571432,0.8660254037844387,-0.4999999999999998,0.9760105506323683,-0.21772323039653177
CLCB092022,105.24,9.92,0.7,2022-04-28,0.1,55.354128034098146,,97.5093543739143,126.7621606860886,3,0.1,0.1,0.1,-0.013333333333333558,0.25000000000000033,0.8660254037844387,-0.4999999999999998,0.895839290734909,-0.4443781781046132
CLCB092022,105.24,9.92,0.7,2022-05-14,0.0,0.0,0.0,97.5093543739143,126.7621606860886,3,0.28,0.28,0.28,0.23666666666666644,0.19428571428571462,0.49999999999999994,-0.8660254037844387,0.7412220108485958,-0.6712599575675313
CLCB102019,105.39,10.06,0.19,2019-03-04,0.1,43.25,0.04325,84.86398448073845,110.32317982496,2,0.87,0.87,0.87,0.653333333333333,0.38428571428571445,1.0,6.123233995736766e-17,0.8840675099433636,0.4673592171580022
CLCB102019,105.39,10.06,0.19,2019-03-20,0.057014718,31.56,0.03156,84.86398448073845,110.32317982496,2,1.06,1.06,1.06,0.693333333333333,0.3771428571428573,1.0,6.123233995736766e-17,0.9778483415056568,0.20931464596304847
CLCB102019,105.39,10.06,0.19,2019-04-08,0.1,41.95,0.04195,84.86398448073845,110.32317982496,2,0.99,0.99,0.99,1.0299999999999998,0.8800000000000001,0.8660254037844387,-0.4999999999999998,0.9932568492674143,-0.11593459959550041
CLCB102019,105.39,10.06,0.19,2019-04-16,0.029121586000000005,16.12,0.016120000000000002,84.86398448073845,110.32317982496,2,0.51,0.51,0.51,0.24333333333333318,0.342857142857143,0.8660254037844387,-0.4999999999999998,0.9679377830240642,-0.25119006388481935
CLCB102019,105.39,10.06,0.19,2019-05-16,0.1,3.85,0.00385,84.86398448073845,110.32317982496,2,0.7000000000000001,0.7000000000000001,0.7000000000000001,0.41999999999999976,0.29857142857142865,0.49999999999999994,-0.8660254037844387,0.717676913675962,-0.6963762255968722
CLCB102019,105.39,10.06,0.19,2019-06-06,0.033095996,18.32,0.01832,84.86398448073845,110.32317982496,2,1.02,1.02,1.02,1.0933333333333333,0.8785714285714288,1.2246467991473532e-16,-1.0,0.42500033996955416,-0.9051931898913974
CLCB102019,105.39,10.06,0.19,2019-06-19,0.1,21.95,0.02195,84.86398448073845,110.32317982496,2,0.92,0.92,0.92,1.1033333333333333,0.8057142857142859,1.2246467991473532e-16,-1.0,0.21352091543979612,-0.9769384927771817
CLCB102020,105.11,9.86,0.43,2020-03-09,15.3,16661.5,16.6615,104.25696251819204,135.53405127364965,3,0.35000000000000003,0.35000000000000003,0.35000000000000003,0.04999999999999979,0.0385714285714287,1.0,6.123233995736766e-17,0.9275416835791966,0.37371971479046906
CLCB102020,105.11,9.86,0.43,2020-03-24,16.5,13825.5,13.8255,104.25696251819204,135.53405127364965,3,0.07,0.07,0.07,0.20999999999999977,0.052857142857142984,1.0,6.123233995736766e-17,0.9922222094179323,0.12447926388678915
CLCB102020,105.11,9.86,0.43,2020-04-29,2.0,15243.5,15.2435,104.25696251819204,135.53405127364965,3,0.28,0.28,0.28,0.6066666666666665,0.6642857142857145,0.8660254037844387,-0.4999999999999998,0.8800122039735357,-0.47495107206704995
CLCB102020,105.11,9.86,0.43,2020-05-11,19.7,16484.25,16.48425,104.25696251819204,135.53405127364965,3,0.7000000000000001,0.7000000000000001,0.7000000000000001,0.9066666666666664,0.4657142857142858,0.49999999999999994,-0.8660254037844387,0.7638886127905428,-0.6453481132295501
CLCB102020,105.11,9.86,0.43,2020-05-25,17.3,15915.5,15.9155,104.25696251819204,135.53405127364965,3,0.62,0.62,0.62,0.6833333333333331,0.2842857142857144,0.49999999999999994,-0.8660254037844387,0.5877852522924732,-0.8090169943749473
CLCB102020,105.11,9.86,0.43,2020-06-11,21.5,15646.7,15.646700000000001,104.25696251819204,135.53405127364965,3,-0.13,-0.13,-0.13,0.6333333333333332,0.5385714285714287,1.2246467991473532e-16,-1.0,0.3294084822245304,-0.9441875088341993
CLCB102021,105.18,9.94,1.87,2021-01-17,0.15,33.8,0.0338,95.07172520012172,123.59324276015823,2,1.55,1.55,1.55,1.7033333333333331,1.4414285714285717,0.49999999999999994,0.8660254037844387,0.288482432880609,0.9574851883550393
CLCB102021,105.18,9.94,1.87,2021-02-28,0.1,34.4,0.0344,95.07172520012172,123.59324276015823,2,1.09,1.09,1.09,0.6099999999999999,0.3785714285714287,0.8660254037844386,0.5000000000000001,0.8498170915275278,0.5270777086423722
CLCB102021,105.18,9.94,1.56,2021-03-15,0.12,36.12,0.03612,95.07172520012172,123.59324276015823,2,1.25,1.25,1.25,1.0,0.5185714285714288,1.0,6.123233995736766e-17,0.9562348265919056,0.29260033563334836
CLCB102021,105.18,9.94,1.56,2021-03-29,0.2,39.12,0.039119999999999995,95.07172520012172,123.59324276015823,2,1.23,1.23,1.23,0.6433333333333332,0.24428571428571447,1.0,6.123233995736766e-17,0.9984354211555643,0.055916990100603484
CLCB102021,105.18,9.94,1.56,2021-04-14,0.1,67.12,0.06712,95.07172520012172,123.59324276015823,2,1.01,1.01,1.01,1.04,0.5685714285714288,0.8660254037844387,-0.4999999999999998,0.9760105506323683,-0.21772323039653177
CLCB102021,105.18,9.94,1.56,2021-04-28,0.1,26.2,0.026199999999999998,95.07172520012172,123.59324276015823,2,1.1,1.1,1.1,0.5133333333333332,0.10857142857142879,0.8660254037844387,-0.4999999999999998,0.895839290734909,-0.4443781781046132
CLCB102021,105.18,9.94,1.56,2021-05-14,0.1,45.2,0.045200000000000004,95.07172520012172,123.59324276015823,2,0.8,0.8,0.8,1.0066666666666666,0.7142857142857145,0.49999999999999994,-0.8660254037844387,0.7412220108485958,-0.6712599575675313
CLCB102022,105.18,9.94,0.7,2022-01-17,0.1,55.354128034098146,,95.07172520012172,123.59324276015823,2,1.01,1.01,1.01,0.87,0.7871428571428575,0.49999999999999994,0.8660254037844387,0.288482432880609,0.9574851883550393
CLCB102022,105.18,9.94,0.7,2022-02-28,0.1,55.354128034098146,,95.07172520012172,123.59324276015823,2,0.61,0.61,0.61,0.27666666666666667,0.4414285714285718,0.8660254037844386,0.5000000000000001,0.8498170915275278,0.5270777086423722
CLCB102022,105.18,9.94,0.64,2022-03-15,0.1,55.354128034098146,,95.07172520012172,123.59324276015823,2,0.24,0.24,0.24,0.0466666666666666,0.08714285714285752,1.0,6.123233995736766e-17,0.9562348265919056,0.29260033563334836
CLCB102022,105.18,9.94,0.64,2022-03-29,0.1,55.354128034098146,,95.07172520012172,123.59324276015823,2,0.16,0.16,0.16,-0.02333333333333341,0.17714285714285752,1.0,6.123233995736766e-17,0.9984354211555643,0.055916990100603484
CLCB102022,105.18,9.94,0.64,2022-04-14,0.1,55.354128034098146,,95.07172520012172,123.59324276015823,2,0.17,0.17,0.17,0.1133333333333331,0.20857142857142894,0.8660254037844387,-0.4999999999999998,0.9760105506323683,-0.21772323039653177
CLCB102022,105.18,9.94,0.64,2022-04-28,0.1,55.354128034098146,,95.07172520012172,123.59324276015823,2,0.19,0.19,0.19,0.04333333333333311,0.1385714285714289,0.8660254037844387,-0.4999999999999998,0.895839290734909,-0.4443781781046132
CLCB102022,105.18,9.94,0.64,2022-05-14,0.1,55.354128034098146,,95.07172520012172,123.59324276015823,2,0.44,0.44,0.44,0.23999999999999977,0.19857142857142887,0.49999999999999994,-0.8660254037844387,0.7412220108485958,-0.6712599575675313
CLCB112019,105.38,9.88,0.43,2019-03-04,2.8,412.0,0.412,104.04600935504189,135.25981216155446,3,0.79,0.79,0.79,0.4799999999999997,0.36000000000000015,1.0,6.123233995736766e-17,0.8840675099433636,0.4673592171580022
CLCB112019,105.38,9.88,0.43,2019-03-20,3.2,51.0,0.051,104.04600935504189,135.25981216155446,3,0.9,0.9,0.9,0.4799999999999997,0.29000000000000015,1.0,6.123233995736766e-17,0.9778483415056568,0.20931464596304847
CLCB112019,105.38,9.88,0.43,2019-04-08,11.2,7264.0,7.264,104.04600935504189,135.25981216155446,3,1.04,1.04,1.04,1.0033333333333332,0.812857142857143,0.8660254037844387,-0.4999999999999998,0.9932568492674143,-0.11593459959550041
CLCB112019,105.38,9.88,0.43,2019-04-16,8.2,132.0,0.132,104.04600935504189,135.25981216155446,3,0.39,0.39,0.39,0.10333333333333318,0.4285714285714287,0.8660254037844387,-0.4999999999999998,0.9679377830240642,-0.25119006388481935
CLCB112019,105.38,9.88,0.43,2019-05-16,7.4,2886.0,2.886,104.04600935504189,135.25981216155446,3,0.53,0.53,0.53,0.3033333333333332,0.32857142857142874,0.49999999999999994,-0.8660254037844387,0.717676913675962,-0.6963762255968722
CLCB112019,105.38,9.88,0.43,2019-06-06,12.2,932.0,0.932,104.04600935504189,135.25981216155446,3,1.08,1.08,1.08,1.0666666666666667,0.7600000000000001,1.2246467991473532e-16,-1.0,0.42500033996955416,-0.9051931898913974
CLCB112019,105.38,9.88,0.43,2019-06-19,7.3,2546.8,2.5468,104.04600935504189,135.25981216155446,3,1.15,1.15,1.15,1.0,0.6800000000000003,1.2246467991473532e-16,-1.0,0.21352091543979612,-0.9769384927771817
CLCB112020,105.12,9.87,0.88,2020-03-09,4.66,2286.525,2.286525,103.0715318537099,133.99299140982288,3,0.35000000000000003,0.35000000000000003,0.35000000000000003,0.04999999999999979,0.0385714285714287,1.0,6.123233995736766e-17,0.9275416835791966,0.37371971479046906
CLCB112020,105.12,9.87,0.88,2020-03-24,1.8,6735.5,6.7355,103.0715318537099,133.99299140982288,3,0.07,0.07,0.07,0.20999999999999977,0.052857142857142984,1.0,6.123233995736766e-17,0.9922222094179323,0.12447926388678915
CLCB112020,105.12,9.87,0.88,2020-04-29,15.4,14534.5,14.5345,103.0715318537099,133.99299140982288,3,0.28,0.28,0.28,0.6066666666666665,0.6642857142857145,0.8660254037844387,-0.4999999999999998,0.8800122039735357,-0.47495107206704995
CLCB112020,105.12,9.87,0.88,2020-05-11,3.91,28.55,0.02855,103.0715318537099,133.99299140982288,3,0.7000000000000001,0.7000000000000001,0.7000000000000001,0.9066666666666664,0.4657142857142858,0.49999999999999994,-0.8660254037844387,0.7638886127905428,-0.6453481132295501
CLCB112020,105.12,9.87,0.88,2020-05-25,11.3,1137.5,1.1375,103.0715318537099,133.99299140982288,3,0.62,0.62,0.62,0.6833333333333331,0.2842857142857144,0.49999999999999994,-0.8660254037844387,0.5877852522924732,-0.8090169943749473
CLCB112020,105.12,9.87,0.88,2020-06-11,0.4,296.362,0.296362,103.0715318537099,133.99299140982288,3,-0.13,-0.13,-0.13,0.6333333333333332,0.5385714285714287,1.2246467991473532e-16,-1.0,0.3294084822245304,-0.9441875088341993
CLCB112021,105.12,9.87,1.56,2021-01-17,9.89,9192.0,9.192,103.0715318537099,133.99299140982288,3,1.73,1.73,1.73,1.5966666666666667,1.3342857142857145,0.49999999999999994,0.8660254037844387,0.288482432880609,0.9574851883550393
CLCB112021,105.12,9.87,1.56,2021-02-28,8.3,6251.0,6.251,103.0715318537099,133.99299140982288,3,0.8200000000000001,0.8200000000000001,0.8200000000000001,0.4333333333333331,0.28285714285714303,0.8660254037844386,0.5000000000000001,0.8498170915275278,0.5270777086423722
CLCB112021,105.12,9.87,1.56,2021-03-15,14.2,714.0,0.714,103.0715318537099,133.99299140982288,3,1.24,1.24,1.24,0.7399999999999999,0.3342857142857145,1.0,6.123233995736766e-17,0.9562348265919056,0.29260033563334836
CLCB112021,105.12,9.87,1.0,2021-03-29,17.7,1124.0,1.124,103.0715318537099,133.99299140982288,3,0.93,0.93,0.93,0.41333333333333316,0.08428571428571449,1.0,6.123233995736766e-17,0.9984354211555643,0.055916990100603484
CLCB112021,105.12,9.87,1.0,2021-04-14,7.3,1368.0,1.368,103.0715318537099,133.99299140982288,3,1.11,1.11,1.11,0.8433333333333334,0.38285714285714306,0.8660254037844387,-0.4999999999999998,0.9760105506323683,-0.21772323039653177
CLCB112021,105.12,9.87,1.0,2021-04-28,3.0,836.0,0.836,103.0715318537099,133.99299140982288,3,0.89,0.89,0.89,0.18999999999999995,-0.06285714285714263,0.8660254037844387,-0.4999999999999998,0.895839290734909,-0.4443781781046132
CLCB112021,105.12,9.87,1.0,2021-05-14,0.7,324.0,0.324,103.0715318537099,133.99299140982288,3,0.93,0.93,0.93,1.0599999999999998,0.585714285714286,0.49999999999999994,-0.8660254037844387,0.7412220108485958,-0.6712599575675313
CLCB112022,105.12,9.87,0.64,2022-01-17,4.0,2214.1651213639257,,103.0715318537099,133.99299140982288,3,0.89,0.89,0.89,0.8166666666666665,0.7942857142857147,0.49999999999999994,0.8660254037844387,0.288482432880609,0.9574851883550393
CLCB112022,105.12,9.87,0.64,2022-02-28,2.7,1494.5614569206498,,103.0715318537099,133.99299140982288,3,0.41000000000000003,0.41000000000000003,0.41000000000000003,0.21999999999999997,0.5628571428571433,0.8660254037844386,0.5000000000000001,0.8498170915275278,0.5270777086423722
CLCB112022,105.12,9.87,0.06,2022-03-15,2.4,1328.4990728183552,,103.0715318537099,133.99299140982288,3,0.1,0.1,0.1,0.019999999999999924,0.20285714285714326,1.0,6.123233995736766e-17,0.9562348265919056,0.29260033563334836
CLCB112022,105.12,9.87,0.06,2022-03-29,2.1,1162.436688716061,,103.0715318537099,133.99299140982288,3,0.02,0.02,0.02,-0.07000000000000008,0.31428571428571467,1.0,6.123233995736766e-17,0.9984354211555643,0.055916990100603484
CLCB112022,105.12,9.87,0.06,2022-04-14,1.2,664.2495364091776,,103.0715318537099,133.99299140982288,3,0.12,0.12,0.12,0.1333333333333331,0.3128571428571432,0.8660254037844387,-0.4999999999999998,0.9760105506323683,-0.21772323039653177
CLCB112022,105.12,9.87,0.06,2022-04-28,1.2,664.2495364091776,,103.0715318537099,133.99299140982288,3,0.1,0.1,0.1,-0.013333333333333558,0.25000000000000033,0.8660254037844387,-0.4999999999999998,0.895839290734909,-0.4443781781046132
CLCB112022,105.12,9.87,0.06,2022-05-14,0.9,498.18715230688326,,103.0715318537099,133.99299140982288,3,0.28,0.28,0.28,0.23666666666666644,0.19428571428571462,0.49999999999999994,-0.8660254037844387,0.7412220108485958,-0.6712599575675313
CLCB122019,105.38,9.78,0.88,2019-03-04,29.5,18532.0,18.532,114.94360439278746,149.4266857106237,3,0.79,0.79,0.79,0.4799999999999997,0.36000000000000015,1.0,6.123233995736766e-17,0.8840675099433636,0.4673592171580022
CLCB122019,105.38,9.78,0.88,2019-03-20,31.9,1862.0,1.862,114.94360439278746,149.4266857106237,3,0.9,0.9,0.9,0.4799999999999997,0.29000000000000015,1.0,6.123233995736766e-17,0.9778483415056568,0.20931464596304847
CLCB122019,105.38,9.78,0.88,2019-04-08,21.8,12451.0,12.451,114.94360439278746,149.4266857106237,3,1.04,1.04,1.04,1.0033333333333332,0.812857142857143,0.8660254037844387,-0.4999999999999998,0.9932568492674143,-0.11593459959550041
CLCB122019,105.38,9.78,0.88,2019-05-16,16.1,126.0,0.126,114.94360439278746,149.4266857106237,3,0.53,0.53,0.53,0.3033333333333332,0.32857142857142874,0.49999999999999994,-0.8660254037844387,0.717676913675962,-0.6963762255968722
CLCB122019,105.38,9.78,0.88,2019-06-06,17.2,1125.0,1.125,114.94360439278746,149.4266857106237,3,1.08,1.08,1.08,1.0666666666666667,0.7600000000000001,1.2246467991473532e-16,-1.0,0.42500033996955416,-0.9051931898913974
CLCB122019,105.38,9.78,0.88,2019-06-19,12.3,9624.0,9.624,114.94360439278746,149.4266857106237,3,1.15,1.15,1.15,1.0,0.6800000000000003,1.2246467991473532e-16,-1.0,0.21352091543979612,-0.9769384927771817
CLCB122019,105.38,9.78,0.88,2019-09-16,25.0,1665.0,1.665,114.94360439278746,149.4266857106237,3,3.33,3.33,3.33,3.17,2.9285714285714293,-1.0,-1.8369701987210297e-16,-0.9679377830240642,-0.25119006388481957
CLCB122020,105.34,9.68,0.88,2020-03-09,2.14,942.97,0.94297,125.19712214745832,162.7562587916958,3,0.35000000000000003,0.35000000000000003,0.35000000000000003,0.04999999999999979,0.0385714285714287,1.0,6.123233995736766e-17,0.9275416835791966,0.37371971479046906
CLCB122020,105.34,9.68,0.62,2020-03-24,3.3,957.15,0.95715,125.19712214745832,162.7562587916958,3,0.07,0.07,0.07,0.20999999999999977,0.052857142857142984,1.0,6.123233995736766e-17,0.9922222094179323,0.12447926388678915
CLCB122020,105.34,9.68,0.62,2020-04-29,9.1,6367.75,6.36775,125.19712214745832,162.7562587916958,3,0.28,0.28,0.28,0.6066666666666665,0.6642857142857145,0.8660254037844387,-0.4999999999999998,0.8800122039735357,-0.47495107206704995
CLCB122020,105.34,9.68,0.62,2020-05-11,3.49,2233.35,2.2333499999999997,125.19712214745832,162.7562587916958,3,0.7000000000000001,0.7000000000000001,0.7000000000000001,0.9066666666666664,0.4657142857142858,0.49999999999999994,-0.8660254037844387,0.7638886127905428,-0.6453481132295501
CLCB122020,105.34,9.68,0.62,2020-05-25,5.12,458.0,0.458,125.19712214745832,162.7562587916958,3,0.62,0.62,0.62,0.6833333333333331,0.2842857142857144,0.49999999999999994,-0.8660254037844387,0.5877852522924732,-0.8090169943749473
CLCB122020,105.34,9.68,0.62,2020-06-11,1.2,882.75,0.88275,125.19712214745832,162.7562587916958,3,-0.13,-0.13,-0.13,0.6333333333333332,0.5385714285714287,1.2246467991473532e-16,-1.0,0.3294084822245304,-0.9441875088341993
CLCB122021,105.34,9.68,1.0,2021-01-17,0.5,59.6,0.0596,125.19712214745832,162.7562587916958,3,1.73,1.73,1.73,1.5966666666666667,1.3342857142857145,0.49999999999999994,0.8660254037844387,0.288482432880609,0.9574851883550393
CLCB122021,105.34,9.68,1.0,2021-02-28,14.9,1256.0,1.256,125.19712214745832,162.7562587916958,3,0.8200000000000001,0.8200000000000001,0.8200000000000001,0.4333333333333331,0.28285714285714303,0.8660254037844386,0.5000000000000001,0.8498170915275278,0.5270777086423722
CLCB122021,105.34,9.68,1.0,2021-03-15,3.4,2841.0,2.841,125.19712214745832,162.7562587916958,3,1.24,1.24,1.24,0.7399999999999999,0.3342857142857145,1.0,6.123233995736766e-17,0.9562348265919056,0.29260033563334836
CLCB122021,105.34,9.68,1.0,2021-03-29,4.0,2867.0,2.867,125.19712214745832,162.7562587916958,3,0.93,0.93,0.93,0.41333333333333316,0.08428571428571449,1.0,6.123233995736766e-17,0.9984354211555643,0.055916990100603484
CLCB122021,105.34,9.68,0.73,2021-04-14,2.3,415.0,0.415,125.19712214745832,162.7562587916958,3,1.11,1.11,1.11,0.8433333333333334,0.38285714285714306,0.8660254037844387,-0.4999999999999998,0.9760105506323683,-0.21772323039653177
CLCB122021,105.34,9.68,0.73,2021-04-28,0.3,68.4,0.0684,125.19712214745832,162.7562587916958,3,0.89,0.89,0.89,0.18999999999999995,-0.06285714285714263,0.8660254037844387,-0.4999999999999998,0.895839290734909,-0.4443781781046132
CLCB122021,105.34,9.68,0.73,2021-05-14,0.2,52.4,0.052399999999999995,125.19712214745832,162.7562587916958,3,0.93,0.93,0.93,1.0599999999999998,0.585714285714286,0.49999999999999994,-0.8660254037844387,0.7412220108485958,-0.6712599575675313
CLCB122022,105.34,9.68,0.06,2022-01-17,0.8,442.83302427278517,,125.19712214745832,162.7562587916958,3,0.89,0.89,0.89,0.8166666666666665,0.7942857142857147,0.49999999999999994,0.8660254037844387,0.288482432880609,0.9574851883550393
CLCB122022,105.34,9.68,0.06,2022-02-28,0.4,221.41651213639258,,125.19712214745832,162.7562587916958,3,0.41000000000000003,0.41000000000000003,0.41000000000000003,0.21999999999999997,0.5628571428571433,0.8660254037844386,0.5000000000000001,0.8498170915275278,0.5270777086423722
CLCB122022,105.34,9.68,0.52,2022-03-15,0.5,276.7706401704907,,125.19712214745832,162.7562587916958,3,0.1,0.1,0.1,0.019999999999999924,0.20285714285714326,1.0,6.123233995736766e-17,0.9562348265919056,0.29260033563334836
CLCB122022,105.34,9.68,0.52,2022-03-29,0.2,110.70825606819629,,125.19712214745832,162.7562587916958,3,0.02,0.02,0.02,-0.07000000000000008,0.31428571428571467,1.0,6.123233995736766e-17,0.9984354211555643,0.055916990100603484
CLCB122022,105.34,9.68,0.52,2022-04-14,0.2,110.70825606819629,,125.19712214745832,162.7562587916958,3,0.12,0.12,0.12,0.1333333333333331,0.3128571428571432,0.8660254037844387,-0.4999999999999998,0.9760105506323683,-0.21772323039653177
CLCB122022,105.34,9.68,0.52,2022-04-28,0.2,110.70825606819629,,125.19712214745832,162.7562587916958,3,0.1,0.1,0.1,-0.013333333333333558,0.25000000000000033,0.8660254037844387,-0.4999999999999998,0.895839290734909,-0.4443781781046132
CLCB122022,105.34,9.68,0.52,2022-05-14,0.1,55.354128034098146,,125.19712214745832,162.7562587916958,3,0.28,0.28,0.28,0.23666666666666644,0.19428571428571462,0.49999999999999994,-0.8660254037844387,0.7412220108485958,-0.6712599575675313
CLCB132019,105.17,9.53,0.62,2019-03-04,21.5,17215.0,17.215,140.6667343431181,182.86675464605352,4,0.68,0.68,0.68,0.2999999999999997,0.3857142857142858,1.0,6.123233995736766e-17,0.8840675099433636,0.4673592171580022
CLCB132019,105.17,9.53,0.62,2019-03-20,2.6,1558.0,1.558,140.6667343431181,182.86675464605352,4,0.72,0.72,0.72,0.2899999999999997,0.24142857142857158,1.0,6.123233995736766e-17,0.9778483415056568,0.20931464596304847
CLCB132019,105.17,9.53,0.62,2019-04-08,18.2,11842.0,11.842,140.6667343431181,182.86675464605352,4,1.05,1.05,1.05,0.9099999999999998,0.7257142857142859,0.8660254037844387,-0.4999999999999998,0.9932568492674143,-0.11593459959550041
CLCB132019,105.17,9.53,0.62,2019-04-16,2.7,1284.0,1.284,140.6667343431181,182.86675464605352,4,0.24,0.24,0.24,0.1333333333333332,0.542857142857143,0.8660254037844387,-0.4999999999999998,0.9679377830240642,-0.25119006388481935
CLCB132019,105.17,9.53,0.62,2019-05-16,17.0,1125.0,1.125,140.6667343431181,182.86675464605352,4,0.44,0.44,0.44,0.19999999999999982,0.38000000000000017,0.49999999999999994,-0.8660254037844387,0.717676913675962,-0.6963762255968722
CLCB132019,105.17,9.53,0.62,2019-06-06,16.3,1655.0,1.655,140.6667343431181,182.86675464605352,4,1.08,1.08,1.08,0.98,0.6300000000000001,1.2246467991473532e-16,-1.0,0.42500033996955416,-0.9051931898913974
CLCB132019,105.17,9.53,0.62,2019-06-19,13.8,452.0,0.452,140.6667343431181,182.86675464605352,4,1.12,1.12,1.12,0.8366666666666666,0.5571428571428573,1.2246467991473532e-16,-1.0,0.21352091543979612,-0.9769384927771817
CLCB132020,105.18,9.94,0.62,2020-03-09,0.1,53.175,0.053175,95.07172520012172,123.59324276015823,2,0.61,0.61,0.61,0.17333333333333312,0.03428571428571442,1.0,6.123233995736766e-17,0.9275416835791966,0.37371971479046906
CLCB132020,105.18,9.94,0.62,2020-03-24,0.4,157.398,0.15739799999999998,95.07172520012172,123.59324276015823,2,0.86,0.86,0.86,0.19999999999999982,0.0942857142857144,1.0,6.123233995736766e-17,0.9922222094179323,0.12447926388678915
CLCB132020,105.18,9.94,0.08,2020-04-29,0.37,117.694,0.11769400000000001,95.07172520012172,123.59324276015823,2,0.09,0.09,0.09,0.4599999999999997,0.6314285714285716,0.8660254037844387,-0.4999999999999998,0.8800122039735357,-0.47495107206704995
CLCB132020,105.18,9.94,0.08,2020-05-11,0.29,29.155,0.029155,95.07172520012172,123.59324276015823,2,0.35000000000000003,0.35000000000000003,0.35000000000000003,0.8333333333333331,0.5642857142857144,0.49999999999999994,-0.8660254037844387,0.7638886127905428,-0.6453481132295501
CLCB132020,105.18,9.94,0.08,2020-05-25,0.35,126.22,0.12622,95.07172520012172,123.59324276015823,2,0.42,0.42,0.42,0.6766666666666664,0.40857142857142875,0.49999999999999994,-0.8660254037844387,0.5877852522924732,-0.8090169943749473
CLCB132020,105.18,9.94,0.08,2020-06-11,0.26,187.176,0.18717599999999998,95.07172520012172,123.59324276015823,2,-0.47000000000000003,-0.47000000000000003,-0.47000000000000003,0.3066666666666665,0.5300000000000001,1.2246467991473532e-16,-1.0,0.3294084822245304,-0.9441875088341993
CLCB132021,105.24,9.69,0.73,2021-01-17,2.9,228.0,0.228,123.03987813130983,159.95184157070278,3,1.73,1.73,1.73,1.5966666666666667,1.3342857142857145,0.49999999999999994,0.8660254037844387,0.288482432880609,0.9574851883550393
CLCB132022,105.15,9.85,0.52,2022-01-17,7.3,4040.8513464891644,,105.13391349127738,136.67408753866061,3,0.89,0.89,0.89,0.8166666666666665,0.7942857142857147,0.49999999999999994,0.8660254037844387,0.288482432880609,0.9574851883550393
CLCB132022,105.15,9.85,0.52,2022-02-28,7.5,4151.55960255736,,105.13391349127738,136.67408753866061,3,0.41000000000000003,0.41000000000000003,0.41000000000000003,0.21999999999999997,0.5628571428571433,0.8660254037844386,0.5000000000000001,0.8498170915275278,0.5270777086423722
CLCB132022,105.15,9.85,1.62,2022-03-15,7.5,4151.55960255736,,105.13391349127738,136.67408753866061,3,0.1,0.1,0.1,0.019999999999999924,0.20285714285714326,1.0,6.123233995736766e-17,0.9562348265919056,0.29260033563334836
CLCB132022,105.15,9.85,1.62,2022-03-29,3.2,1771.3320970911407,,105.13391349127738,136.67408753866061,3,0.02,0.02,0.02,-0.07000000000000008,0.31428571428571467,1.0,6.123233995736766e-17,0.9984354211555643,0.055916990100603484
CLCB132022,105.15,9.85,1.62,2022-04-14,4.9,2712.352273670809,,105.13391349127738,136.67408753866061,3,0.12,0.12,0.12,0.1333333333333331,0.3128571428571432,0.8660254037844387,-0.4999999999999998,0.9760105506323683,-0.21772323039653177
CLCB132022,105.15,9.85,1.62,2022-04-28,4.1,2269.5192493980235,,105.13391349127738,136.67408753866061,3,0.1,0.1,0.1,-0.013333333333333558,0.25000000000000033,0.8660254037844387,-0.4999999999999998,0.895839290734909,-0.4443781781046132
CLCB132022,105.15,9.85,1.62,2022-05-14,2.8,1549.9155849547478,,105.13391349127738,136.67408753866061,3,0.28,0.28,0.28,0.23666666666666644,0.19428571428571462,0.49999999999999994,-0.8660254037844387,0.7412220108485958,-0.6712599575675313
CLCB142019,105.24,9.73,0.08,2019-03-04,1.0,35.0,0.035,118.59841563801736,154.17794032942257,3,0.79,0.79,0.79,0.4799999999999997,0.36000000000000015,1.0,6.123233995736766e-17,0.8840675099433636,0.4673592171580022
CLCB142019,105.24,9.73,0.08,2019-03-20,14.9,46.0,0.046,118.59841563801736,154.17794032942257,3,0.9,0.9,0.9,0.4799999999999997,0.29000000000000015,1.0,6.123233995736766e-17,0.9778483415056568,0.20931464596304847
CLCB142019,105.24,9.73,0.08,2019-04-08,5.4,184.0,0.184,118.59841563801736,154.17794032942257,3,1.04,1.04,1.04,1.0033333333333332,0.812857142857143,0.8660254037844387,-0.4999999999999998,0.9932568492674143,-0.11593459959550041
CLCB142019,105.24,9.73,0.08,2019-04-16,8.9,1495.0,1.495,118.59841563801736,154.17794032942257,3,0.39,0.39,0.39,0.10333333333333318,0.4285714285714287,0.8660254037844387,-0.4999999999999998,0.9679377830240642,-0.25119006388481935
CLCB142019,105.24,9.73,0.08,2019-05-16,0.4,86.21,0.08621,118.59841563801736,154.17794032942257,3,0.53,0.53,0.53,0.3033333333333332,0.32857142857142874,0.49999999999999994,-0.8660254037844387,0.717676913675962,-0.6963762255968722
CLCB142019,105.24,9.73,0.08,2019-06-06,1.0,184.5,0.1845,118.59841563801736,154.17794032942257,3,1.08,1.08,1.08,1.0666666666666667,0.7600000000000001,1.2246467991473532e-16,-1.0,0.42500033996955416,-0.9051931898913974
CLCB142019,105.24,9.73,0.08,2019-06-19,0.1,42.12,0.04212,118.59841563801736,154.17794032942257,3,1.15,1.15,1.15,1.0,0.6800000000000003,1.2246467991473532e-16,-1.0,0.21352091543979612,-0.9769384927771817
CLCB142020,105.18,9.89,0.08,2020-03-09,0.2,81.535,0.081535,100.63146806549634,130.82090848514525,3,0.35000000000000003,0.35000000000000003,0.35000000000000003,0.04999999999999979,0.0385714285714287,1.0,6.123233995736766e-17,0.9275416835791966,0.37371971479046906
CLCB142020,105.18,9.89,0.08,2020-03-24,0.2,95.6,0.09559999999999999,100.63146806549634,130.82090848514525,3,0.07,0.07,0.07,0.20999999999999977,0.052857142857142984,1.0,6.123233995736766e-17,0.9922222094179323,0.12447926388678915
CLCB142020,105.18,9.89,0.08,2020-04-29,0.5,86.498,0.086498,100.63146806549634,130.82090848514525,3,0.28,0.28,0.28,0.6066666666666665,0.6642857142857145,0.8660254037844387,-0.4999999999999998,0.8800122039735357,-0.47495107206704995
CLCB142020,105.18,9.89,0.47,2020-05-11,0.4,187.885,0.187885,100.63146806549634,130.82090848514525,3,0.7000000000000001,0.7000000000000001,0.7000000000000001,0.9066666666666664,0.4657142857142858,0.49999999999999994,-0.8660254037844387,0.7638886127905428,-0.6453481132295501
CLCB142020,105.18,9.89,0.47,2020-05-25,0.28,112.22,0.11222,100.63146806549634,130.82090848514525,3,0.62,0.62,0.62,0.6833333333333331,0.2842857142857144,0.49999999999999994,-0.8660254037844387,0.5877852522924732,-0.8090169943749473
CLCB142020,105.18,9.89,0.47,2020-06-11,0.18,134.71,0.13471,100.63146806549634,130.82090848514525,3,-0.13,-0.13,-0.13,0.6333333333333332,0.5385714285714287,1.2246467991473532e-16,-1.0,0.3294084822245304,-0.9441875088341993
CLCB142021,105.11,9.86,0.73,2021-01-17,15.6,1481.0,1.481,104.25696251819204,135.53405127364965,3,1.73,1.73,1.73,1.5966666666666667,1.3342857142857145,0.49999999999999994,0.8660254037844387,0.288482432880609,0.9574851883550393
CLCB142022,105.24,9.69,1.62,2022-01-17,7.5,4151.55960255736,,123.03987813130983,159.95184157070278,3,0.89,0.89,0.89,0.8166666666666665,0.7942857142857147,0.49999999999999994,0.8660254037844387,0.288482432880609,0.9574851883550393
CLCB152019,105.54,9.67,0.47,2019-03-04,0.050944710000000004,28.2,0.0282,131.11737250181392,170.4525842523581,3,0.79,0.79,0.79,0.4799999999999997,0.36000000000000015,1.0,6.123233995736766e-17,0.8840675099433636,0.4673592171580022
CLCB152019,105.54,9.67,0.47,2019-03-20,0.0436281825,24.15,0.024149999999999998,131.11737250181392,170.4525842523581,3,0.9,0.9,0.9,0.4799999999999997,0.29000000000000015,1.0,6.123233995736766e-17,0.9778483415056568,0.20931464596304847
CLCB152019,105.54,9.67,0.47,2019-04-08,0.1,31.25,0.03125,131.11737250181392,170.4525842523581,3,1.04,1.04,1.04,1.0033333333333332,0.812857142857143,0.8660254037844387,-0.4999999999999998,0.9932568492674143,-0.11593459959550041
CLCB152019,105.54,9.67,0.47,2019-04-16,0.1,21.6,0.0216,131.11737250181392,170.4525842523581,3,0.39,0.39,0.39,0.10333333333333318,0.4285714285714287,0.8660254037844387,-0.4999999999999998,0.9679377830240642,-0.25119006388481935
CLCB152019,105.54,9.67,0.47,2019-05-16,0.1,26.54,0.026539999999999998,131.11737250181392,170.4525842523581,3,0.53,0.53,0.53,0.3033333333333332,0.32857142857142874,0.49999999999999994,-0.8660254037844387,0.717676913675962,-0.6963762255968722
CLCB152019,105.54,9.67,0.47,2019-06-06,0.1,3.21,0.00321,131.11737250181392,170.4525842523581,3,1.08,1.08,1.08,1.0666666666666667,0.7600000000000001,1.2246467991473532e-16,-1.0,0.42500033996955416,-0.9051931898913974
CLCB152019,105.54,9.67,0.47,2019-06-19,0.1,25.84,0.02584,131.11737250181392,170.4525842523581,3,1.15,1.15,1.15,1.0,0.6800000000000003,1.2246467991473532e-16,-1.0,0.21352091543979612,-0.9769384927771817
CLCB152020,105.24,9.92,0.47,2020-03-09,0.1,6.265,0.006265,97.5093543739143,126.7621606860886,3,0.35000000000000003,0.35000000000000003,0.35000000000000003,0.04999999999999979,0.0385714285714287,1.0,6.123233995736766e-17,0.9275416835791966,0.37371971479046906
CLCB152020,105.24,9.92,0.47,2020-03-24,0.2,75.154,0.075154,97.5093543739143,126.7621606860886,3,0.07,0.07,0.07,0.20999999999999977,0.052857142857142984,1.0,6.123233995736766e-17,0.9922222094179323,0.12447926388678915
CLCB152020,105.24,9.92,0.47,2020-04-29,0.19,55.32,0.05532,97.5093543739143,126.7621606860886,3,0.28,0.28,0.28,0.6066666666666665,0.6642857142857145,0.8660254037844387,-0.4999999999999998,0.8800122039735357,-0.47495107206704995
CLCB152020,105.24,9.92,0.47,2020-05-11,0.18,67.355,0.067355,97.5093543739143,126.7621606860886,3,0.7000000000000001,0.7000000000000001,0.7000000000000001,0.9066666666666664,0.4657142857142858,0.49999999999999994,-0.8660254037844387,0.7638886127905428,-0.6453481132295501
CLCB152020,105.24,9.92,0.14,2020-05-25,0.19,69.482,0.069482,97.5093543739143,126.7621606860886,3,0.62,0.62,0.62,0.6833333333333331,0.2842857142857144,0.49999999999999994,-0.8660254037844387,0.5877852522924732,-0.8090169943749473
CLCB152020,105.24,9.92,0.14,2020-06-11,0.19,134.71,0.13471,97.5093543739143,126.7621606860886,3,-0.13,-0.13,-0.13,0.6333333333333332,0.5385714285714287,1.2246467991473532e-16,-1.0,0.3294084822245304,-0.9441875088341993
CLCB152021,105.0,9.76,0.73,2021-01-17,5.16,713.0,0.713,116.7780849233029,151.81151040029377,3,1.73,1.73,1.73,1.5966666666666667,1.3342857142857145,0.49999999999999994,0.8660254037844387,0.288482432880609,0.9574851883550393
CLCB152022,105.11,9.86,1.62,2022-01-17,9.0,4981.871523068832,,104.25696251819204,135.53405127364965,3,0.89,0.89,0.89,0.8166666666666665,0.7942857142857147,0.49999999999999994,0.8660254037844387,0.288482432880609,0.9574851883550393
CLCB162021,105.21,9.85,0.73,2021-01-17,0.11,19.4,0.019399999999999997,105.12708368631353,136.66520879220758,3,1.73,1.73,1.73,1.5966666666666667,1.3342857142857145,0.49999999999999994,0.8660254037844387,0.288482432880609,0.9574851883550393
CLCB162022,105.0,9.76,0.95,2022-01-17,19.8,10960.117350751432,,116.7780849233029,151.81151040029377,3,0.89,0.89,0.89,0.8166666666666665,0.7942857142857147,0.49999999999999994,0.8660254037844387,0.288482432880609,0.9574851883550393
CLCB172022,105.21,9.85,0.95,2022-01-17,0.1,55.354128034098146,,105.12708368631353,136.66520879220758,3,0.89,0.89,0.89,0.8166666666666665,0.7942857142857147,0.49999999999999994,0.8660254037844387,0.288482432880609,0.9574851883550393
DAUTI012019,106.32,11.32,0.77,2019-03-04,0.014904037500000002,8.25,0.00825,137.325187691095,178.52274399842352,4,0.68,0.68,0.68,0.2999999999999997,0.3857142857142858,1.0,6.123233995736766e-17,0.8840675099433636,0.4673592171580022
DAUTI012019,106.32,11.32,0.77,2019-03-20,0.022256696000000003,12.32,0.012320000000000001,137.325187691095,178.52274399842352,4,0.72,0.72,0.72,0.2899999999999997,0.24142857142857158,1.0,6.123233995736766e-17,0.9778483415056568,0.20931464596304847
DAUTI012019,106.32,11.32,0.77,2019-04-03,0.027315036,15.12,0.01512,137.325187691095,178.52274399842352,4,0.66,0.66,0.66,0.4766666666666665,0.44142857142857156,0.8660254037844387,-0.4999999999999998,0.9995462806873573,-0.030120304846908114
DAUTI012019,106.32,11.32,0.77,2019-04-16,0.0038298860000000002,2.12,0.00212,137.325187691095,178.52274399842352,4,0.24,0.24,0.24,0.1333333333333332,0.542857142857143,0.8660254037844387,-0.4999999999999998,0.9679377830240642,-0.25119006388481935
DAUTI012019,106.32,11.32,0.77,2019-05-06,4.5,0.94,0.00094,137.325187691095,178.52274399842352,4,0.93,0.93,0.93,0.6233333333333332,0.4585714285714287,0.49999999999999994,-0.8660254037844387,0.8263541987239096,-0.5631507242749186
DAUTI012019,106.32,11.32,0.77,2019-05-16,0.027567953,15.26,0.01526,137.325187691095,178.52274399842352,4,0.44,0.44,0.44,0.19999999999999982,0.38000000000000017,0.49999999999999994,-0.8660254037844387,0.717676913675962,-0.6963762255968722
DAUTI012019,106.32,11.32,0.77,2019-06-01,0.0022220565,1.23,0.00123,137.325187691095,178.52274399842352,4,0.42,0.42,0.42,0.19666666666666655,0.21571428571428583,1.2246467991473532e-16,-1.0,0.5012418134457758,-0.865307254363206
DAUTI012019,106.32,11.32,0.77,2019-06-15,0.027531822,15.24,0.01524,137.325187691095,178.52274399842352,4,0.46,0.46,0.46,0.30999999999999983,0.522857142857143,1.2246467991473532e-16,-1.0,0.28023067519921585,-0.9599326896597447
DAUTI022019,106.25,11.37,0.77,2019-03-04,0.0027459560000000004,1.52,0.00152,133.02325802122627,172.93023542759417,3,0.79,0.79,0.79,0.4799999999999997,0.36000000000000015,1.0,6.123233995736766e-17,0.8840675099433636,0.4673592171580022
DAUTI022019,106.25,11.37,0.77,2019-03-20,0.027477625500000005,15.21,0.015210000000000001,133.02325802122627,172.93023542759417,3,0.9,0.9,0.9,0.4799999999999997,0.29000000000000015,1.0,6.123233995736766e-17,0.9778483415056568,0.20931464596304847
DAUTI022019,106.25,11.37,0.77,2019-04-03,0.0038298860000000002,2.12,0.00212,133.02325802122627,172.93023542759417,3,0.68,0.68,0.68,0.5566666666666665,0.43142857142857155,0.8660254037844387,-0.4999999999999998,0.9995462806873573,-0.030120304846908114
DAUTI022019,106.25,11.37,0.51,2019-04-16,0.0408822265,22.63,0.022629999999999997,133.02325802122627,172.93023542759417,3,0.39,0.39,0.39,0.10333333333333318,0.4285714285714287,0.8660254037844387,-0.4999999999999998,0.9679377830240642,-0.25119006388481935
DAUTI022019,106.25,11.37,0.51,2019-05-06,5.15,1.25,0.00125,133.02325802122627,172.93023542759417,3,0.9500000000000001,0.9500000000000001,0.9500000000000001,0.7733333333333331,0.5557142857142858,0.49999999999999994,-0.8660254037844387,0.8263541987239096,-0.5631507242749186
DAUTI022019,106.25,11.37,0.51,2019-05-16,0.024532949000000002,13.58,0.01358,133.02325802122627,172.93023542759417,3,0.53,0.53,0.53,0.3033333333333332,0.32857142857142874,0.49999999999999994,-0.8660254037844387,0.717676913675962,-0.6963762255968722
DAUTI022019,106.25,11.37,0.51,2019-06-01,0.022094106500000002,12.23,0.012230000000000001,133.02325802122627,172.93023542759417,3,0.63,0.63,0.63,0.27999999999999986,0.20857142857142869,1.2246467991473532e-16,-1.0,0.5012418134457758,-0.865307254363206
DAUTI022019,106.25,11.37,0.51,2019-06-15,0.0022762530000000002,1.26,0.00126,133.02325802122627,172.93023542759417,3,0.63,0.63,0.63,0.3766666666666665,0.442857142857143,1.2246467991473532e-16,-1.0,0.28023067519921585,-0.9599326896597447
DAUTI032019,106.2,11.44,0.51,2019-03-04,0.0112186755,6.21,0.00621,132.30639311684752,171.99831105190177,3,0.79,0.79,0.79,0.4799999999999997,0.36000000000000015,1.0,6.123233995736766e-17,0.8840675099433636,0.4673592171580022
DAUTI032019,106.2,11.44,0.51,2019-03-20,0.016764784,9.28,0.00928,132.30639311684752,171.99831105190177,3,0.9,0.9,0.9,0.4799999999999997,0.29000000000000015,1.0,6.123233995736766e-17,0.9778483415056568,0.20931464596304847
DAUTI032019,106.2,11.44,0.51,2019-04-03,0.0220579755,12.21,0.01221,132.30639311684752,171.99831105190177,3,0.68,0.68,0.68,0.5566666666666665,0.43142857142857155,0.8660254037844387,-0.4999999999999998,0.9995462806873573,-0.030120304846908114
DAUTI032019,106.2,11.44,0.51,2019-04-16,0.0262491715,14.53,0.01453,132.30639311684752,171.99831105190177,3,0.39,0.39,0.39,0.10333333333333318,0.4285714285714287,0.8660254037844387,-0.4999999999999998,0.9679377830240642,-0.25119006388481935
DAUTI032019,106.2,11.44,0.51,2019-05-06,4.5,0.67,0.00067,132.30639311684752,171.99831105190177,3,0.9500000000000001,0.9500000000000001,0.9500000000000001,0.7733333333333331,0.5557142857142858,0.49999999999999994,-0.8660254037844387,0.8263541987239096,-0.5631507242749186
DAUTI032019,106.2,11.44,0.51,2019-05-16,0.039960886,22.12,0.02212,132.30639311684752,171.99831105190177,3,0.53,0.53,0.53,0.3033333333333332,0.32857142857142874,0.49999999999999994,-0.8660254037844387,0.717676913675962,-0.6963762255968722
DAUTI032019,106.2,11.44,0.51,2019-06-01,0.014723382500000003,8.15,0.008150000000000001,132.30639311684752,171.99831105190177,3,0.63,0.63,0.63,0.27999999999999986,0.20857142857142869,1.2246467991473532e-16,-1.0,0.5012418134457758,-0.865307254363206
DAUTI032019,106.2,11.44,0.51,2019-06-15,0.017071897500000002,9.45,0.00945,132.30639311684752,171.99831105190177,3,0.63,0.63,0.63,0.3766666666666665,0.442857142857143,1.2246467991473532e-16,-1.0,0.28023067519921585,-0.9599326896597447
DAUTI042019,106.62,10.99,0.51,2019-03-04,0.0023846460000000002,1.32,0.00132,158.6154914671189,206.20013890725457,4,0.68,0.68,0.68,0.2999999999999997,0.3857142857142858,1.0,6.123233995736766e-17,0.8840675099433636,0.4673592171580022
DAUTI042019,106.62,10.99,0.51,2019-03-20,0.0206849975,11.45,0.01145,158.6154914671189,206.20013890725457,4,0.72,0.72,0.72,0.2899999999999997,0.24142857142857158,1.0,6.123233995736766e-17,0.9778483415056568,0.20931464596304847
DAUTI042019,106.62,10.99,0.51,2019-04-03,0.0038298860000000002,2.12,0.00212,158.6154914671189,206.20013890725457,4,0.66,0.66,0.66,0.4766666666666665,0.44142857142857156,0.8660254037844387,-0.4999999999999998,0.9995462806873573,-0.030120304846908114
DAUTI042019,106.62,10.99,0.82,2019-04-16,0.0047512265000000005,2.63,0.00263,158.6154914671189,206.20013890725457,4,0.24,0.24,0.24,0.1333333333333332,0.542857142857143,0.8660254037844387,-0.4999999999999998,0.9679377830240642,-0.25119006388481935
DAUTI042019,106.62,10.99,0.02,2019-05-06,4.15,0.544,0.000544,158.6154914671189,206.20013890725457,4,0.93,0.93,0.93,0.6233333333333332,0.4585714285714287,0.49999999999999994,-0.8660254037844387,0.8263541987239096,-0.5631507242749186
DAUTI042019,106.62,10.99,0.02,2019-05-16,0.029771944000000005,16.48,0.01648,158.6154914671189,206.20013890725457,4,0.44,0.44,0.44,0.19999999999999982,0.38000000000000017,0.49999999999999994,-0.8660254037844387,0.717676913675962,-0.6963762255968722
DAUTI042019,106.62,10.99,0.02,2019-06-01,0.045452798,25.16,0.025160000000000002,158.6154914671189,206.20013890725457,4,0.42,0.42,0.42,0.19666666666666655,0.21571428571428583,1.2246467991473532e-16,-1.0,0.5012418134457758,-0.865307254363206
DAUTI042019,106.62,10.99,0.02,2019-06-15,0.029338371999999998,16.24,0.016239999999999997,158.6154914671189,206.20013890725457,4,0.46,0.46,0.46,0.30999999999999983,0.522857142857143,1.2246467991473532e-16,-1.0,0.28023067519921585,-0.9599326896597447
DAUTI052019,106.62,10.99,0.02,2019-03-04,0.02745956,15.2,0.0152,158.6154914671189,206.20013890725457,4,0.68,0.68,0.68,0.2999999999999997,0.3857142857142858,1.0,6.123233995736766e-17,0.8840675099433636,0.4673592171580022
DAUTI052019,106.62,10.99,0.02,2019-03-20,0.0038660170000000002,2.14,0.00214,158.6154914671189,206.20013890725457,4,0.72,0.72,0.72,0.2899999999999997,0.24142857142857158,1.0,6.123233995736766e-17,0.9778483415056568,0.20931464596304847
DAUTI052019,106.62,10.99,0.02,2019-04-03,0.0459044355,25.41,0.02541,158.6154914671189,206.20013890725457,4,0.66,0.66,0.66,0.4766666666666665,0.44142857142857156,0.8660254037844387,-0.4999999999999998,0.9995462806873573,-0.030120304846908114
DAUTI052019,106.62,10.99,0.4,2019-04-16,0.0332585855,18.41,0.01841,158.6154914671189,206.20013890725457,4,0.24,0.24,0.24,0.1333333333333332,0.542857142857143,0.8660254037844387,-0.4999999999999998,0.9679377830240642,-0.25119006388481935
DAUTI052019,106.62,10.99,0.4,2019-05-06,3.5,0.938,0.0009379999999999999,158.6154914671189,206.20013890725457,4,0.93,0.93,0.93,0.6233333333333332,0.4585714285714287,0.49999999999999994,-0.8660254037844387,0.8263541987239096,-0.5631507242749186
DAUTI052019,106.62,10.99,0.4,2019-05-16,0.0038840825000000002,2.15,0.00215,158.6154914671189,206.20013890725457,4,0.44,0.44,0.44,0.19999999999999982,0.38000000000000017,0.49999999999999994,-0.8660254037844387,0.717676913675962,-0.6963762255968722
DAUTI052019,106.62,10.99,0.4,2019-06-01,0.03470382550000001,19.21,0.01921,158.6154914671189,206.20013890725457,4,0.42,0.42,0.42,0.19666666666666655,0.21571428571428583,1.2246467991473532e-16,-1.0,0.5012418134457758,-0.865307254363206
DAUTI052019,106.62,10.99,0.4,2019-06-15,0.0022220565,1.23,0.00123,158.6154914671189,206.20013890725457,4,0.46,0.46,0.46,0.30999999999999983,0.522857142857143,1.2246467991473532e-16,-1.0,0.28023067519921585,-0.9599326896597447
DAUTI062019,106.65,10.1,0.4,2019-03-04,0.2,54.2,0.054200000000000005,178.25887332266672,231.73653531946673,5,0.49,0.49,0.49,0.16666666666666638,0.4642857142857144,1.0,6.123233995736766e-17,0.8840675099433636,0.4673592171580022
DAUTI062019,106.65,10.1,0.4,2019-03-20,0.3,65.2,0.06520000000000001,178.25887332266672,231.73653531946673,5,0.46,0.46,0.46,0.1599999999999997,0.2714285714285715,1.0,6.123233995736766e-17,0.9778483415056568,0.20931464596304847
DAUTI062019,106.65,10.1,0.17,2019-04-03,0.3,42.54,0.04254,178.25887332266672,231.73653531946673,5,0.5700000000000001,0.5700000000000001,0.5700000000000001,0.37999999999999984,0.5014285714285716,0.8660254037844387,-0.4999999999999998,0.9995462806873573,-0.030120304846908114
DAUTI062019,106.65,10.1,0.17,2019-04-16,0.2,4.2,0.004200000000000001,178.25887332266672,231.73653531946673,5,0.1,0.1,0.1,0.28999999999999987,0.6785714285714287,0.8660254037844387,-0.4999999999999998,0.9679377830240642,-0.25119006388481935
DAUTI062019,106.65,10.1,0.17,2019-05-06,5.1,0.774,0.0007740000000000001,178.25887332266672,231.73653531946673,5,0.77,0.77,0.77,0.5066666666666665,0.38142857142857156,0.49999999999999994,-0.8660254037844387,0.8263541987239096,-0.5631507242749186
DAUTI062019,106.65,10.1,0.17,2019-05-16,0.1,26.23,0.02623,178.25887332266672,231.73653531946673,5,0.29,0.29,0.29,0.09333333333333316,0.46714285714285725,0.49999999999999994,-0.8660254037844387,0.717676913675962,-0.6963762255968722
DAUTI062019,106.65,10.1,0.17,2019-06-01,0.0038660170000000002,2.14,0.00214,178.25887332266672,231.73653531946673,5,0.25,0.25,0.25,0.15333333333333318,0.28142857142857153,1.2246467991473532e-16,-1.0,0.5012418134457758,-0.865307254363206
DAUTI062019,106.65,10.1,0.17,2019-06-15,0.0220579755,12.21,0.01221,178.25887332266672,231.73653531946673,5,0.4,0.4,0.4,0.2833333333333332,0.6200000000000001,1.2246467991473532e-16,-1.0,0.28023067519921585,-0.9599326896597447
DAUTI072019,106.65,10.1,0.17,2019-03-04,0.047873575,26.5,0.0265,178.25887332266672,231.73653531946673,5,0.49,0.49,0.49,0.16666666666666638,0.4642857142857144,1.0,6.123233995736766e-17,0.8840675099433636,0.4673592171580022
DAUTI072019,106.65,10.1,0.46,2019-03-20,0.3,58.4,0.0584,178.25887332266672,231.73653531946673,5,0.46,0.46,0.46,0.1599999999999997,0.2714285714285715,1.0,6.123233995736766e-17,0.9778483415056568,0.20931464596304847
DAUTI072019,106.65,10.1,0.46,2019-04-03,0.3,38.45,0.038450000000000005,178.25887332266672,231.73653531946673,5,0.5700000000000001,0.5700000000000001,0.5700000000000001,0.37999999999999984,0.5014285714285716,0.8660254037844387,-0.4999999999999998,0.9995462806873573,-0.030120304846908114
DAUTI072019,106.65,10.1,0.46,2019-04-16,0.2,45.26,0.045259999999999995,178.25887332266672,231.73653531946673,5,0.1,0.1,0.1,0.28999999999999987,0.6785714285714287,0.8660254037844387,-0.4999999999999998,0.9679377830240642,-0.25119006388481935
DAUTI072019,106.65,10.1,0.46,2019-05-06,4.5,0.814,0.0008139999999999999,178.25887332266672,231.73653531946673,5,0.77,0.77,0.77,0.5066666666666665,0.38142857142857156,0.49999999999999994,-0.8660254037844387,0.8263541987239096,-0.5631507242749186
DAUTI072019,106.65,10.1,0.46,2019-05-16,0.1,32.56,0.032560000000000006,178.25887332266672,231.73653531946673,5,0.29,0.29,0.29,0.09333333333333316,0.46714285714285725,0.49999999999999994,-0.8660254037844387,0.717676913675962,-0.6963762255968722
DAUTI072019,106.65,10.1,0.46,2019-06-01,0.041857763500000006,23.17,0.023170000000000003,178.25887332266672,231.73653531946673,5,0.25,0.25,0.25,0.15333333333333318,0.28142857142857153,1.2246467991473532e-16,-1.0,0.5012418134457758,-0.865307254363206
DAUTI072019,106.65,10.1,0.46,2019-06-15,0.029284175500000006,16.21,0.016210000000000002,178.25887332266672,231.73653531946673,5,0.4,0.4,0.4,0.2833333333333332,0.6200000000000001,1.2246467991473532e-16,-1.0,0.28023067519921585,-0.9599326896597447
DAUTI082019,106.69,10.89,0.39,2019-03-04,1.3,135.6,0.1356,165.13572313384446,214.6764400739978,4,0.68,0.68,0.68,0.2999999999999997,0.3857142857142858,1.0,6.123233995736766e-17,0.8840675099433636,0.4673592171580022
DAUTI082019,106.69,10.89,0.39,2019-03-20,1.6,25.8,0.0258,165.13572313384446,214.6764400739978,4,0.72,0.72,0.72,0.2899999999999997,0.24142857142857158,1.0,6.123233995736766e-17,0.9778483415056568,0.20931464596304847
DAUTI082019,106.69,10.89,0.39,2019-04-03,1.6,238.4,0.2384,165.13572313384446,214.6764400739978,4,0.66,0.66,0.66,0.4766666666666665,0.44142857142857156,0.8660254037844387,-0.4999999999999998,0.9995462806873573,-0.030120304846908114
DAUTI082019,106.69,10.89,0.39,2019-04-16,0.6,13.25,0.01325,165.13572313384446,214.6764400739978,4,0.24,0.24,0.24,0.1333333333333332,0.542857142857143,0.8660254037844387,-0.4999999999999998,0.9679377830240642,-0.25119006388481935
DAUTI082019,106.69,10.89,0.39,2019-05-06,4.0,1.168,0.001168,165.13572313384446,214.6764400739978,4,0.93,0.93,0.93,0.6233333333333332,0.4585714285714287,0.49999999999999994,-0.8660254037844387,0.8263541987239096,-0.5631507242749186
DAUTI082019,106.69,10.89,0.39,2019-05-16,0.2,56.23,0.056229999999999995,165.13572313384446,214.6764400739978,4,0.44,0.44,0.44,0.19999999999999982,0.38000000000000017,0.49999999999999994,-0.8660254037844387,0.717676913675962,-0.6963762255968722
DAUTI082019,106.69,10.89,0.39,2019-06-01,0.2,42.12,0.04212,165.13572313384446,214.6764400739978,4,0.42,0.42,0.42,0.19666666666666655,0.21571428571428583,1.2246467991473532e-16,-1.0,0.5012418134457758,-0.865307254363206
DAUTI082019,106.69,10.89,0.27,2019-06-15,0.1,25.12,0.02512,165.13572313384446,214.6764400739978,4,0.46,0.46,0.46,0.30999999999999983,0.522857142857143,1.2246467991473532e-16,-1.0,0.28023067519921585,-0.9599326896597447
DAUTI092019,106.69,10.89,0.27,2019-03-04,1.1,116.2,0.1162,165.13572313384446,214.6764400739978,4,0.68,0.68,0.68,0.2999999999999997,0.3857142857142858,1.0,6.123233995736766e-17,0.8840675099433636,0.4673592171580022
DAUTI092019,106.69,10.89,0.27,2019-03-20,0.9,114.5,0.1145,165.13572313384446,214.6764400739978,4,0.72,0.72,0.72,0.2899999999999997,0.24142857142857158,1.0,6.123233995736766e-17,0.9778483415056568,0.20931464596304847
DAUTI092019,106.69,10.89,0.27,2019-04-03,0.9,129.2,0.12919999999999998,165.13572313384446,214.6764400739978,4,0.66,0.66,0.66,0.4766666666666665,0.44142857142857156,0.8660254037844387,-0.4999999999999998,0.9995462806873573,-0.030120304846908114
DAUTI092019,106.69,10.89,0.27,2019-04-16,0.7,125.64,0.12564,165.13572313384446,214.6764400739978,4,0.24,0.24,0.24,0.1333333333333332,0.542857142857143,0.8660254037844387,-0.4999999999999998,0.9679377830240642,-0.25119006388481935
DAUTI092019,106.69,10.89,0.27,2019-05-06,4.25,0.95,0.00095,165.13572313384446,214.6764400739978,4,0.93,0.93,0.93,0.6233333333333332,0.4585714285714287,0.49999999999999994,-0.8660254037844387,0.8263541987239096,-0.5631507242749186
DAUTI092019,106.69,10.89,0.27,2019-05-16,0.2,6.12,0.0061200000000000004,165.13572313384446,214.6764400739978,4,0.44,0.44,0.44,0.19999999999999982,0.38000000000000017,0.49999999999999994,-0.8660254037844387,0.717676913675962,-0.6963762255968722
DAUTI092019,106.69,10.89,0.49,2019-06-01,0.2,3.15,0.00315,165.13572313384446,214.6764400739978,4,0.42,0.42,0.42,0.19666666666666655,0.21571428571428583,1.2246467991473532e-16,-1.0,0.5012418134457758,-0.865307254363206
DAUTI092019,106.69,10.89,0.49,2019-06-15,0.1,2.31,0.00231,165.13572313384446,214.6764400739978,4,0.46,0.46,0.46,0.30999999999999983,0.522857142857143,1.2246467991473532e-16,-1.0,0.28023067519921585,-0.9599326896597447
DAUTI102019,106.26,11.08,0.49,2019-03-04,0.0256710755,14.21,0.01421,121.98792582392113,158.58430357109748,3,0.79,0.79,0.79,0.4799999999999997,0.36000000000000015,1.0,6.123233995736766e-17,0.8840675099433636,0.4673592171580022
DAUTI102019,106.26,11.08,0.49,2019-03-20,0.026429826500000003,14.63,0.01463,121.98792582392113,158.58430357109748,3,0.9,0.9,0.9,0.4799999999999997,0.29000000000000015,1.0,6.123233995736766e-17,0.9778483415056568,0.20931464596304847
DAUTI102019,106.26,11.08,0.49,2019-04-03,0.0513963475,28.45,0.02845,121.98792582392113,158.58430357109748,3,0.68,0.68,0.68,0.5566666666666665,0.43142857142857155,0.8660254037844387,-0.4999999999999998,0.9995462806873573,-0.030120304846908114
DAUTI102019,106.26,11.08,0.49,2019-04-16,0.0275860185,15.27,0.015269999999999999,121.98792582392113,158.58430357109748,3,0.39,0.39,0.39,0.10333333333333318,0.4285714285714287,0.8660254037844387,-0.4999999999999998,0.9679377830240642,-0.25119006388481935
DAUTI102019,106.26,11.08,0.49,2019-05-06,5.5,1.575,0.001575,121.98792582392113,158.58430357109748,3,0.9500000000000001,0.9500000000000001,0.9500000000000001,0.7733333333333331,0.5557142857142858,0.49999999999999994,-0.8660254037844387,0.8263541987239096,-0.5631507242749186
DAUTI102019,106.26,11.08,0.41,2019-05-16,0.027676346,15.32,0.01532,121.98792582392113,158.58430357109748,3,0.53,0.53,0.53,0.3033333333333332,0.32857142857142874,0.49999999999999994,-0.8660254037844387,0.717676913675962,-0.6963762255968722
DAUTI102019,106.26,11.08,0.41,2019-06-01,0.029338371999999998,16.24,0.016239999999999997,121.98792582392113,158.58430357109748,3,0.63,0.63,0.63,0.27999999999999986,0.20857142857142869,1.2246467991473532e-16,-1.0,0.5012418134457758,-0.865307254363206
DAUTI102019,106.26,11.08,0.41,2019-06-15,0.029284175500000006,16.21,0.016210000000000002,121.98792582392113,158.58430357109748,3,0.63,0.63,0.63,0.3766666666666665,0.442857142857143,1.2246467991473532e-16,-1.0,0.28023067519921585,-0.9599326896597447
DAUTI112019,106.26,11.08,0.41,2019-03-04,0.0023846460000000002,1.32,0.00132,121.98792582392113,158.58430357109748,3,0.79,0.79,0.79,0.4799999999999997,0.36000000000000015,1.0,6.123233995736766e-17,0.8840675099433636,0.4673592171580022
DAUTI112019,106.26,11.08,0.41,2019-03-20,0.028218311,15.62,0.015619999999999998,121.98792582392113,158.58430357109748,3,0.9,0.9,0.9,0.4799999999999997,0.29000000000000015,1.0,6.123233995736766e-17,0.9778483415056568,0.20931464596304847
DAUTI112019,106.26,11.08,0.41,2019-04-03,0.0047692920000000005,2.64,0.00264,121.98792582392113,158.58430357109748,3,0.68,0.68,0.68,0.5566666666666665,0.43142857142857155,0.8660254037844387,-0.4999999999999998,0.9995462806873573,-0.030120304846908114
DAUTI112019,106.26,11.08,0.41,2019-04-16,0.0030169385,1.67,0.0016699999999999998,121.98792582392113,158.58430357109748,3,0.39,0.39,0.39,0.10333333333333318,0.4285714285714287,0.8660254037844387,-0.4999999999999998,0.9679377830240642,-0.25119006388481935
DAUTI112019,106.26,11.08,0.3,2019-05-06,4.2,0.175,0.000175,121.98792582392113,158.58430357109748,3,0.9500000000000001,0.9500000000000001,0.9500000000000001,0.7733333333333331,0.5557142857142858,0.49999999999999994,-0.8660254037844387,0.8263541987239096,-0.5631507242749186
DAUTI112019,106.26,11.08,0.3,2019-05-16,0.0027459560000000004,1.52,0.00152,121.98792582392113,158.58430357109748,3,0.53,0.53,0.53,0.3033333333333332,0.32857142857142874,0.49999999999999994,-0.8660254037844387,0.717676913675962,-0.6963762255968722
DAUTI112019,106.26,11.08,0.3,2019-06-01,0.027748607999999998,15.36,0.015359999999999999,121.98792582392113,158.58430357109748,3,0.63,0.63,0.63,0.27999999999999986,0.20857142857142869,1.2246467991473532e-16,-1.0,0.5012418134457758,-0.865307254363206
DAUTI112019,106.26,11.08,0.3,2019-06-15,0.025797534,14.28,0.01428,121.98792582392113,158.58430357109748,3,0.63,0.63,0.63,0.3766666666666665,0.442857142857143,1.2246467991473532e-16,-1.0,0.28023067519921585,-0.9599326896597447
DAUTI122019,106.39,10.56,0.3,2019-03-04,1.2,125.0,0.125,134.66637748062095,175.06629072480723,4,0.68,0.68,0.68,0.2999999999999997,0.3857142857142858,1.0,6.123233995736766e-17,0.8840675099433636,0.4673592171580022
DAUTI122019,106.39,10.56,0.3,2019-03-20,1.7,224.8,0.2248,134.66637748062095,175.06629072480723,4,0.72,0.72,0.72,0.2899999999999997,0.24142857142857158,1.0,6.123233995736766e-17,0.9778483415056568,0.20931464596304847
DAUTI122019,106.39,10.56,0.3,2019-04-03,1.7,23.4,0.023399999999999997,134.66637748062095,175.06629072480723,4,0.66,0.66,0.66,0.4766666666666665,0.44142857142857156,0.8660254037844387,-0.4999999999999998,0.9995462806873573,-0.030120304846908114
DAUTI122019,106.39,10.56,0.8,2019-04-16,1.6,264.2,0.2642,134.66637748062095,175.06629072480723,4,0.24,0.24,0.24,0.1333333333333332,0.542857142857143,0.8660254037844387,-0.4999999999999998,0.9679377830240642,-0.25119006388481935
DAUTI122019,106.39,10.56,0.8,2019-05-06,4.55,0.133,0.000133,134.66637748062095,175.06629072480723,4,0.93,0.93,0.93,0.6233333333333332,0.4585714285714287,0.49999999999999994,-0.8660254037844387,0.8263541987239096,-0.5631507242749186
DAUTI122019,106.39,10.56,0.8,2019-05-16,0.7,96.12,0.09612000000000001,134.66637748062095,175.06629072480723,4,0.44,0.44,0.44,0.19999999999999982,0.38000000000000017,0.49999999999999994,-0.8660254037844387,0.717676913675962,-0.6963762255968722
DAUTI122019,106.39,10.56,0.8,2019-06-01,0.5,75.26,0.07526000000000001,134.66637748062095,175.06629072480723,4,0.42,0.42,0.42,0.19666666666666655,0.21571428571428583,1.2246467991473532e-16,-1.0,0.5012418134457758,-0.865307254363206
DAUTI122019,106.39,10.56,0.8,2019-06-15,0.2,36.54,0.036539999999999996,134.66637748062095,175.06629072480723,4,0.46,0.46,0.46,0.30999999999999983,0.522857142857143,1.2246467991473532e-16,-1.0,0.28023067519921585,-0.9599326896597447
DAUTI132019,106.39,10.56,0.8,2019-03-04,1.0,18.2,0.0182,134.66637748062095,175.06629072480723,4,0.68,0.68,0.68,0.2999999999999997,0.3857142857142858,1.0,6.123233995736766e-17,0.8840675099433636,0.4673592171580022
DAUTI132019,106.39,10.56,0.8,2019-03-20,1.4,187.6,0.1876,134.66637748062095,175.06629072480723,4,0.72,0.72,0.72,0.2899999999999997,0.24142857142857158,1.0,6.123233995736766e-17,0.9778483415056568,0.20931464596304847
DAUTI132019,106.39,10.56,0.36,2019-04-03,1.4,157.8,0.15780000000000002,134.66637748062095,175.06629072480723,4,0.66,0.66,0.66,0.4766666666666665,0.44142857142857156,0.8660254037844387,-0.4999999999999998,0.9995462806873573,-0.030120304846908114
DAUTI132019,106.39,10.56,0.36,2019-04-16,1.6,238.4,0.2384,134.66637748062095,175.06629072480723,4,0.24,0.24,0.24,0.1333333333333332,0.542857142857143,0.8660254037844387,-0.4999999999999998,0.9679377830240642,-0.25119006388481935
DAUTI132019,106.39,10.56,0.36,2019-05-06,4.8,0.135,0.000135,134.66637748062095,175.06629072480723,4,0.93,0.93,0.93,0.6233333333333332,0.4585714285714287,0.49999999999999994,-0.8660254037844387,0.8263541987239096,-0.5631507242749186
DAUTI132019,106.39,10.56,0.36,2019-05-16,0.7,11.0,0.011,134.66637748062095,175.06629072480723,4,0.44,0.44,0.44,0.19999999999999982,0.38000000000000017,0.49999999999999994,-0.8660254037844387,0.717676913675962,-0.6963762255968722
DAUTI132019,106.39,10.56,0.36,2019-06-01,0.5,63.48,0.06348,134.66637748062095,175.06629072480723,4,0.42,0.42,0.42,0.19666666666666655,0.21571428571428583,1.2246467991473532e-16,-1.0,0.5012418134457758,-0.865307254363206
DAUTI132019,106.39,10.56,0.36,2019-06-15,0.2,4.21,0.00421,134.66637748062095,175.06629072480723,4,0.46,0.46,0.46,0.30999999999999983,0.522857142857143,1.2246467991473532e-16,-1.0,0.28023067519921585,-0.9599326896597447
DAUTI142019,106.69,10.56,0.36,2019-03-04,7.2,162.0,0.162,166.94533991058188,217.02894188375646,4,0.68,0.68,0.68,0.2999999999999997,0.3857142857142858,1.0,6.123233995736766e-17,0.8840675099433636,0.4673592171580022
DAUTI142019,106.69,10.56,0.48,2019-03-20,8.5,241.5,0.2415,166.94533991058188,217.02894188375646,4,0.72,0.72,0.72,0.2899999999999997,0.24142857142857158,1.0,6.123233995736766e-17,0.9778483415056568,0.20931464596304847
DAUTI142019,106.69,10.56,0.48,2019-04-03,8.5,2115.5,2.1155,166.94533991058188,217.02894188375646,4,0.66,0.66,0.66,0.4766666666666665,0.44142857142857156,0.8660254037844387,-0.4999999999999998,0.9995462806873573,-0.030120304846908114
DAUTI142019,106.69,10.56,0.48,2019-04-16,6.6,1924.0,1.924,166.94533991058188,217.02894188375646,4,0.24,0.24,0.24,0.1333333333333332,0.542857142857143,0.8660254037844387,-0.4999999999999998,0.9679377830240642,-0.25119006388481935
DAUTI142019,106.69,10.56,0.48,2019-05-06,5.1,0.513,0.000513,166.94533991058188,217.02894188375646,4,0.93,0.93,0.93,0.6233333333333332,0.4585714285714287,0.49999999999999994,-0.8660254037844387,0.8263541987239096,-0.5631507242749186
DAUTI142019,106.69,10.56,0.48,2019-05-16,3.1,162.8,0.1628,166.94533991058188,217.02894188375646,4,0.44,0.44,0.44,0.19999999999999982,0.38000000000000017,0.49999999999999994,-0.8660254037844387,0.717676913675962,-0.6963762255968722
DAUTI142019,106.69,10.56,0.48,2019-06-01,4.2,1125.4,1.1254000000000002,166.94533991058188,217.02894188375646,4,0.42,0.42,0.42,0.19666666666666655,0.21571428571428583,1.2246467991473532e-16,-1.0,0.5012418134457758,-0.865307254363206
DAUTI142019,106.69,10.56,0.48,2019-06-15,3.6,915.6,0.9156,166.94533991058188,217.02894188375646,4,0.46,0.46,0.46,0.30999999999999983,0.522857142857143,1.2246467991473532e-16,-1.0,0.28023067519921585,-0.9599326896597447
DAUTI152019,106.69,10.56,0.4,2019-03-04,7.1,1552.0,1.552,166.94533991058188,217.02894188375646,4,0.68,0.68,0.68,0.2999999999999997,0.3857142857142858,1.0,6.123233995736766e-17,0.8840675099433636,0.4673592171580022
DAUTI152019,106.69,10.56,0.4,2019-03-20,7.1,1625.0,1.625,166.94533991058188,217.02894188375646,4,0.72,0.72,0.72,0.2899999999999997,0.24142857142857158,1.0,6.123233995736766e-17,0.9778483415056568,0.20931464596304847
DAUTI152019,106.69,10.56,0.4,2019-04-03,7.1,214.7,0.2147,166.94533991058188,217.02894188375646,4,0.66,0.66,0.66,0.4766666666666665,0.44142857142857156,0.8660254037844387,-0.4999999999999998,0.9995462806873573,-0.030120304846908114
DAUTI152019,106.69,10.56,0.4,2019-04-16,6.6,183.0,0.183,166.94533991058188,217.02894188375646,4,0.24,0.24,0.24,0.1333333333333332,0.542857142857143,0.8660254037844387,-0.4999999999999998,0.9679377830240642,-0.25119006388481935
DAUTI152019,106.69,10.56,0.4,2019-05-06,5.0,1.238,0.001238,166.94533991058188,217.02894188375646,4,0.93,0.93,0.93,0.6233333333333332,0.4585714285714287,0.49999999999999994,-0.8660254037844387,0.8263541987239096,-0.5631507242749186
DAUTI152019,106.69,10.56,0.4,2019-05-16,3.0,958.6,0.9586,166.94533991058188,217.02894188375646,4,0.44,0.44,0.44,0.19999999999999982,0.38000000000000017,0.49999999999999994,-0.8660254037844387,0.717676913675962,-0.6963762255968722
DAUTI152019,106.69,10.56,0.4,2019-06-01,4.2,169.8,0.1698,166.94533991058188,217.02894188375646,4,0.42,0.42,0.42,0.19666666666666655,0.21571428571428583,1.2246467991473532e-16,-1.0,0.5012418134457758,-0.865307254363206
DAUTI152019,106.69,10.56,0.52,2019-06-15,3.5,869.4,0.8694,166.94533991058188,217.02894188375646,4,0.46,0.46,0.46,0.30999999999999983,0.522857142857143,1.2246467991473532e-16,-1.0,0.28023067519921585,-0.9599326896597447
DAUTI162019,106.06,11.46,0.52,2019-03-04,0.016475736,9.12,0.00912,121.09929745175305,157.42908668727895,3,0.79,0.79,0.79,0.4799999999999997,0.36000000000000015,1.0,6.123233995736766e-17,0.8840675099433636,0.4673592171580022
DAUTI162019,106.06,11.46,0.52,2019-03-20,0.029338371999999998,16.24,0.016239999999999997,121.09929745175305,157.42908668727895,3,0.9,0.9,0.9,0.4799999999999997,0.29000000000000015,1.0,6.123233995736766e-17,0.9778483415056568,0.20931464596304847
DAUTI162019,106.06,11.46,0.52,2019-04-03,0.0045886370000000004,2.54,0.00254,121.09929745175305,157.42908668727895,3,0.68,0.68,0.68,0.5566666666666665,0.43142857142857155,0.8660254037844387,-0.4999999999999998,0.9995462806873573,-0.030120304846908114
DAUTI162019,106.06,11.46,0.52,2019-04-16,0.032734686000000006,18.12,0.01812,121.09929745175305,157.42908668727895,3,0.39,0.39,0.39,0.10333333333333318,0.4285714285714287,0.8660254037844387,-0.4999999999999998,0.9679377830240642,-0.25119006388481935
DAUTI162019,106.06,11.46,0.52,2019-05-06,3.85,0.188,0.000188,121.09929745175305,157.42908668727895,3,0.9500000000000001,0.9500000000000001,0.9500000000000001,0.7733333333333331,0.5557142857142858,0.49999999999999994,-0.8660254037844387,0.8263541987239096,-0.5631507242749186
DAUTI162019,106.06,11.46,0.52,2019-05-16,0.0021859255,1.21,0.00121,121.09929745175305,157.42908668727895,3,0.53,0.53,0.53,0.3033333333333332,0.32857142857142874,0.49999999999999994,-0.8660254037844387,0.717676913675962,-0.6963762255968722
DAUTI162019,106.06,11.46,0.17,2019-06-01,0.021931517,12.14,0.01214,121.09929745175305,157.42908668727895,3,0.63,0.63,0.63,0.27999999999999986,0.20857142857142869,1.2246467991473532e-16,-1.0,0.5012418134457758,-0.865307254363206
DAUTI162019,106.06,11.46,0.17,2019-06-15,0.027477625500000005,15.21,0.015210000000000001,121.09929745175305,157.42908668727895,3,0.63,0.63,0.63,0.3766666666666665,0.442857142857143,1.2246467991473532e-16,-1.0,0.28023067519921585,-0.9599326896597447
DAUTI172019,106.19,11.32,0.17,2019-03-04,0.0027278905000000003,1.51,0.00151,124.62998833133861,162.0189848307402,3,0.79,0.79,0.79,0.4799999999999997,0.36000000000000015,1.0,6.123233995736766e-17,0.8840675099433636,0.4673592171580022
DAUTI172019,106.19,11.32,0.17,2019-03-20,0.032734686000000006,18.12,0.01812,124.62998833133861,162.0189848307402,3,0.9,0.9,0.9,0.4799999999999997,0.29000000000000015,1.0,6.123233995736766e-17,0.9778483415056568,0.20931464596304847
DAUTI172019,106.19,11.32,0.17,2019-04-03,0.045380536,25.12,0.02512,124.62998833133861,162.0189848307402,3,0.68,0.68,0.68,0.5566666666666665,0.43142857142857155,0.8660254037844387,-0.4999999999999998,0.9995462806873573,-0.030120304846908114
DAUTI172019,106.19,11.32,0.17,2019-04-16,0.030241646999999997,16.74,0.016739999999999998,124.62998833133861,162.0189848307402,3,0.39,0.39,0.39,0.10333333333333318,0.4285714285714287,0.8660254037844387,-0.4999999999999998,0.9679377830240642,-0.25119006388481935
DAUTI172019,106.19,11.32,0.17,2019-05-06,2.5,0.21,0.00020999999999999998,124.62998833133861,162.0189848307402,3,0.9500000000000001,0.9500000000000001,0.9500000000000001,0.7733333333333331,0.5557142857142858,0.49999999999999994,-0.8660254037844387,0.8263541987239096,-0.5631507242749186
DAUTI172019,106.19,11.32,0.26,2019-05-16,0.029284175500000006,16.21,0.016210000000000002,124.62998833133861,162.0189848307402,3,0.53,0.53,0.53,0.3033333333333332,0.32857142857142874,0.49999999999999994,-0.8660254037844387,0.717676913675962,-0.6963762255968722
DAUTI172019,106.19,11.32,0.26,2019-06-01,0.027604084,15.28,0.01528,124.62998833133861,162.0189848307402,3,0.63,0.63,0.63,0.27999999999999986,0.20857142857142869,1.2246467991473532e-16,-1.0,0.5012418134457758,-0.865307254363206
DAUTI172019,106.19,11.32,0.26,2019-06-15,0.024460687000000002,13.54,0.01354,124.62998833133861,162.0189848307402,3,0.63,0.63,0.63,0.3766666666666665,0.442857142857143,1.2246467991473532e-16,-1.0,0.28023067519921585,-0.9599326896597447
DAUTI182019,106.2,11.42,0.26,2019-03-04,0.027477625500000005,15.21,0.015210000000000001,131.11744593915208,170.45267972089772,3,0.79,0.79,0.79,0.4799999999999997,0.36000000000000015,1.0,6.123233995736766e-17,0.8840675099433636,0.4673592171580022
DAUTI182019,106.2,11.42,0.26,2019-03-20,0.020992110999999997,11.62,0.011619999999999998,131.11744593915208,170.45267972089772,3,0.9,0.9,0.9,0.4799999999999997,0.29000000000000015,1.0,6.123233995736766e-17,0.9778483415056568,0.20931464596304847
DAUTI182019,106.2,11.42,0.26,2019-04-03,0.022816726500000002,12.63,0.01263,131.11744593915208,170.45267972089772,3,0.68,0.68,0.68,0.5566666666666665,0.43142857142857155,0.8660254037844387,-0.4999999999999998,0.9995462806873573,-0.030120304846908114
DAUTI182019,106.2,11.42,0.37,2019-04-16,0.027513756500000004,15.23,0.01523,131.11744593915208,170.45267972089772,3,0.39,0.39,0.39,0.10333333333333318,0.4285714285714287,0.8660254037844387,-0.4999999999999998,0.9679377830240642,-0.25119006388481935
DAUTI182019,106.2,11.42,0.37,2019-05-06,3.9,0.276,0.00027600000000000004,131.11744593915208,170.45267972089772,3,0.9500000000000001,0.9500000000000001,0.9500000000000001,0.7733333333333331,0.5557142857142858,0.49999999999999994,-0.8660254037844387,0.8263541987239096,-0.5631507242749186
DAUTI182019,106.2,11.42,0.37,2019-05-16,0.0041731305,2.31,0.00231,131.11744593915208,170.45267972089772,3,0.53,0.53,0.53,0.3033333333333332,0.32857142857142874,0.49999999999999994,-0.8660254037844387,0.717676913675962,-0.6963762255968722
DAUTI182019,106.2,11.42,0.37,2019-06-01,0.04377270650000001,24.23,0.02423,131.11744593915208,170.45267972089772,3,0.63,0.63,0.63,0.27999999999999986,0.20857142857142869,1.2246467991473532e-16,-1.0,0.5012418134457758,-0.865307254363206
DAUTI182019,106.2,11.42,0.37,2019-06-15,0.0022581875,1.25,0.00125,131.11744593915208,170.45267972089772,3,0.63,0.63,0.63,0.3766666666666665,0.442857142857143,1.2246467991473532e-16,-1.0,0.28023067519921585,-0.9599326896597447
DAUTI192019,106.31,11.22,0.37,2019-03-04,0.022762530000000003,12.6,0.0126,131.9799249197721,171.57390239570373,3,0.79,0.79,0.79,0.4799999999999997,0.36000000000000015,1.0,6.123233995736766e-17,0.8840675099433636,0.4673592171580022
DAUTI192019,106.31,11.22,0.59,2019-03-20,0.2,45.9,0.045899999999999996,131.9799249197721,171.57390239570373,3,0.9,0.9,0.9,0.4799999999999997,0.29000000000000015,1.0,6.123233995736766e-17,0.9778483415056568,0.20931464596304847
DAUTI192019,106.31,11.22,0.59,2019-04-03,0.2,31.21,0.03121,131.9799249197721,171.57390239570373,3,0.68,0.68,0.68,0.5566666666666665,0.43142857142857155,0.8660254037844387,-0.4999999999999998,0.9995462806873573,-0.030120304846908114
DAUTI192019,106.31,11.22,0.59,2019-04-16,0.046392204000000006,25.68,0.02568,131.9799249197721,171.57390239570373,3,0.39,0.39,0.39,0.10333333333333318,0.4285714285714287,0.8660254037844387,-0.4999999999999998,0.9679377830240642,-0.25119006388481935
DAUTI192019,106.31,11.22,0.59,2019-05-06,4.25,0.151,0.00015099999999999998,131.9799249197721,171.57390239570373,3,0.9500000000000001,0.9500000000000001,0.9500000000000001,0.7733333333333331,0.5557142857142858,0.49999999999999994,-0.8660254037844387,0.8263541987239096,-0.5631507242749186
DAUTI192019,106.31,11.22,0.59,2019-05-16,0.0329334065,18.23,0.01823,131.9799249197721,171.57390239570373,3,0.53,0.53,0.53,0.3033333333333332,0.32857142857142874,0.49999999999999994,-0.8660254037844387,0.717676913675962,-0.6963762255968722
DAUTI192019,106.31,11.22,0.59,2019-06-01,0.035227725,19.5,0.0195,131.9799249197721,171.57390239570373,3,0.63,0.63,0.63,0.27999999999999986,0.20857142857142869,1.2246467991473532e-16,-1.0,0.5012418134457758,-0.865307254363206
DAUTI192019,106.31,11.22,0.4,2019-06-15,0.0029446765,1.63,0.00163,131.9799249197721,171.57390239570373,3,0.63,0.63,0.63,0.3766666666666665,0.442857142857143,1.2246467991473532e-16,-1.0,0.28023067519921585,-0.9599326896597447
DAUTI192021,106.24,11.55,0.26,2021-03-27,0.0,0.0,0.0,142.80572633822132,185.64744423968773,4,0.24,0.24,0.24,-0.1533333333333335,0.02285714285714305,1.0,6.123233995736766e-17,0.995918996147179,0.09025161003104117
DAUTI202019,106.31,11.05,0.4,2019-03-04,0.014669185999999999,8.12,0.008119999999999999,126.48386482353077,164.42902427059,3,0.79,0.79,0.79,0.4799999999999997,0.36000000000000015,1.0,6.123233995736766e-17,0.8840675099433636,0.4673592171580022
DAUTI202019,106.31,11.05,0.4,2019-03-20,0.0033421175000000005,1.85,0.00185,126.48386482353077,164.42902427059,3,0.9,0.9,0.9,0.4799999999999997,0.29000000000000015,1.0,6.123233995736766e-17,0.9778483415056568,0.20931464596304847
DAUTI202019,106.31,11.05,0.4,2019-04-03,0.04357398600000001,24.12,0.024120000000000003,126.48386482353077,164.42902427059,3,0.68,0.68,0.68,0.5566666666666665,0.43142857142857155,0.8660254037844387,-0.4999999999999998,0.9995462806873573,-0.030120304846908114
DAUTI202019,106.31,11.05,0.4,2019-04-16,0.2,18.2,0.0182,126.48386482353077,164.42902427059,3,0.39,0.39,0.39,0.10333333333333318,0.4285714285714287,0.8660254037844387,-0.4999999999999998,0.9679377830240642,-0.25119006388481935
DAUTI202019,106.31,11.05,0.4,2019-05-06,4.55,1.21,0.00121,126.48386482353077,164.42902427059,3,0.9500000000000001,0.9500000000000001,0.9500000000000001,0.7733333333333331,0.5557142857142858,0.49999999999999994,-0.8660254037844387,0.8263541987239096,-0.5631507242749186
DAUTI202019,106.31,11.05,0.4,2019-05-16,0.1,25.32,0.02532,126.48386482353077,164.42902427059,3,0.53,0.53,0.53,0.3033333333333332,0.32857142857142874,0.49999999999999994,-0.8660254037844387,0.717676913675962,-0.6963762255968722
DAUTI202019,106.31,11.05,0.4,2019-06-01,0.1,2.21,0.00221,126.48386482353077,164.42902427059,3,0.63,0.63,0.63,0.27999999999999986,0.20857142857142869,1.2246467991473532e-16,-1.0,0.5012418134457758,-0.865307254363206
DAUTI202019,106.31,11.05,0.4,2019-06-15,0.1,25.12,0.02512,126.48386482353077,164.42902427059,3,0.63,0.63,0.63,0.3766666666666665,0.442857142857143,1.2246467991473532e-16,-1.0,0.28023067519921585,-0.9599326896597447
DAUTI202021,106.23,11.39,0.08,2021-03-27,0.0,0.0,0.0,132.20897449116762,171.8716668385179,3,0.43,0.43,0.43,-0.006666666666666821,-0.041428571428571245,1.0,6.123233995736766e-17,0.995918996147179,0.09025161003104117
DAUTI212019,106.39,10.98,0.4,2019-03-04,0.0029266110000000004,1.62,0.0016200000000000001,133.607803905536,173.6901450771968,3,0.79,0.79,0.79,0.4799999999999997,0.36000000000000015,1.0,6.123233995736766e-17,0.8840675099433636,0.4673592171580022
DAUTI212019,106.39,10.98,0.4,2019-03-20,0.1,15.41,0.01541,133.607803905536,173.6901450771968,3,0.9,0.9,0.9,0.4799999999999997,0.29000000000000015,1.0,6.123233995736766e-17,0.9778483415056568,0.20931464596304847
DAUTI212019,106.39,10.98,0.4,2019-04-03,0.1,14.85,0.01485,133.607803905536,173.6901450771968,3,0.68,0.68,0.68,0.5566666666666665,0.43142857142857155,0.8660254037844387,-0.4999999999999998,0.9995462806873573,-0.030120304846908114
DAUTI212019,106.39,10.98,-0.07,2019-04-16,0.3,2.75,0.00275,133.607803905536,173.6901450771968,3,0.39,0.39,0.39,0.10333333333333318,0.4285714285714287,0.8660254037844387,-0.4999999999999998,0.9679377830240642,-0.25119006388481935
DAUTI212019,106.39,10.98,-0.07,2019-05-06,4.25,2.1,0.0021000000000000003,133.607803905536,173.6901450771968,3,0.9500000000000001,0.9500000000000001,0.9500000000000001,0.7733333333333331,0.5557142857142858,0.49999999999999994,-0.8660254037844387,0.8263541987239096,-0.5631507242749186
DAUTI212019,106.39,10.98,-0.07,2019-05-16,0.2,4.21,0.00421,133.607803905536,173.6901450771968,3,0.53,0.53,0.53,0.3033333333333332,0.32857142857142874,0.49999999999999994,-0.8660254037844387,0.717676913675962,-0.6963762255968722
DAUTI212019,106.39,10.98,-0.07,2019-06-01,0.1,26.58,0.02658,133.607803905536,173.6901450771968,3,0.63,0.63,0.63,0.27999999999999986,0.20857142857142869,1.2246467991473532e-16,-1.0,0.5012418134457758,-0.865307254363206
DAUTI212019,106.39,10.98,-0.07,2019-06-15,0.1,31.2,0.0312,133.607803905536,173.6901450771968,3,0.63,0.63,0.63,0.3766666666666665,0.442857142857143,1.2246467991473532e-16,-1.0,0.28023067519921585,-0.9599326896597447
DAUTI212021,106.15,11.28,0.08,2021-03-27,0.0,0.0,0.0,118.71134356388268,154.32474663304748,3,0.43,0.43,0.43,-0.006666666666666821,-0.041428571428571245,1.0,6.123233995736766e-17,0.995918996147179,0.09025161003104117
DAUTI222019,106.11,11.39,-0.07,2019-03-04,0.016475736,9.12,0.00912,121.04993014943207,157.36490919426168,3,0.79,0.79,0.79,0.4799999999999997,0.36000000000000015,1.0,6.123233995736766e-17,0.8840675099433636,0.4673592171580022
DAUTI222019,106.11,11.39,0.19,2019-03-20,0.016475736,9.12,0.00912,121.04993014943207,157.36490919426168,3,0.9,0.9,0.9,0.4799999999999997,0.29000000000000015,1.0,6.123233995736766e-17,0.9778483415056568,0.20931464596304847
DAUTI222019,106.11,11.39,0.19,2019-04-03,0.002023336,1.12,0.0011200000000000001,121.04993014943207,157.36490919426168,3,0.68,0.68,0.68,0.5566666666666665,0.43142857142857155,0.8660254037844387,-0.4999999999999998,0.9995462806873573,-0.030120304846908114
DAUTI222019,106.11,11.39,0.19,2019-04-16,0.021895386,12.12,0.012119999999999999,121.04993014943207,157.36490919426168,3,0.39,0.39,0.39,0.10333333333333318,0.4285714285714287,0.8660254037844387,-0.4999999999999998,0.9679377830240642,-0.25119006388481935
DAUTI222019,106.11,11.39,0.19,2019-05-06,5.15,0.27,0.00027,121.04993014943207,157.36490919426168,3,0.9500000000000001,0.9500000000000001,0.9500000000000001,0.7733333333333331,0.5557142857142858,0.49999999999999994,-0.8660254037844387,0.8263541987239096,-0.5631507242749186
DAUTI222019,106.11,11.39,0.19,2019-05-16,0.029320306500000004,16.23,0.01623,121.04993014943207,157.36490919426168,3,0.53,0.53,0.53,0.3033333333333332,0.32857142857142874,0.49999999999999994,-0.8660254037844387,0.717676913675962,-0.6963762255968722
DAUTI222019,106.11,11.39,0.19,2019-06-01,0.027477625500000005,15.21,0.015210000000000001,121.04993014943207,157.36490919426168,3,0.63,0.63,0.63,0.27999999999999986,0.20857142857142869,1.2246467991473532e-16,-1.0,0.5012418134457758,-0.865307254363206
DAUTI222019,106.11,11.39,0.43,2019-06-15,0.0220579755,12.21,0.01221,121.04993014943207,157.36490919426168,3,0.63,0.63,0.63,0.3766666666666665,0.442857142857143,1.2246467991473532e-16,-1.0,0.28023067519921585,-0.9599326896597447
DAUTI222021,106.05,11.31,0.08,2021-03-27,0.0,0.0,0.0,110.78420772034403,144.01947003644725,3,0.43,0.43,0.43,-0.006666666666666821,-0.041428571428571245,1.0,6.123233995736766e-17,0.995918996147179,0.09025161003104117
DAUTI232019,106.08,11.31,0.43,2019-03-04,0.02926611,16.2,0.0162,113.59945409110821,147.67929031844068,3,0.79,0.79,0.79,0.4799999999999997,0.36000000000000015,1.0,6.123233995736766e-17,0.8840675099433636,0.4673592171580022
DAUTI232019,106.08,11.31,0.43,2019-03-20,0.02926611,16.2,0.0162,113.59945409110821,147.67929031844068,3,0.9,0.9,0.9,0.4799999999999997,0.29000000000000015,1.0,6.123233995736766e-17,0.9778483415056568,0.20931464596304847
DAUTI232019,106.08,11.31,0.43,2019-04-03,0.027351167000000003,15.14,0.01514,113.59945409110821,147.67929031844068,3,0.68,0.68,0.68,0.5566666666666665,0.43142857142857155,0.8660254037844387,-0.4999999999999998,0.9995462806873573,-0.030120304846908114
DAUTI232019,106.08,11.31,0.43,2019-04-16,0.02601432,14.4,0.0144,113.59945409110821,147.67929031844068,3,0.39,0.39,0.39,0.10333333333333318,0.4285714285714287,0.8660254037844387,-0.4999999999999998,0.9679377830240642,-0.25119006388481935
DAUTI232019,106.08,11.31,0.43,2019-05-06,4.2,1.374,0.001374,113.59945409110821,147.67929031844068,3,0.9500000000000001,0.9500000000000001,0.9500000000000001,0.7733333333333331,0.5557142857142858,0.49999999999999994,-0.8660254037844387,0.8263541987239096,-0.5631507242749186
DAUTI232019,106.08,11.31,0.43,2019-05-16,0.0038298860000000002,2.12,0.00212,113.59945409110821,147.67929031844068,3,0.53,0.53,0.53,0.3033333333333332,0.32857142857142874,0.49999999999999994,-0.8660254037844387,0.717676913675962,-0.6963762255968722
DAUTI232019,106.08,11.31,0.43,2019-06-01,0.047187086,26.12,0.02612,113.59945409110821,147.67929031844068,3,0.63,0.63,0.63,0.27999999999999986,0.20857142857142869,1.2246467991473532e-16,-1.0,0.5012418134457758,-0.865307254363206
DAUTI232019,106.08,11.31,0.43,2019-06-15,0.02745956,15.2,0.0152,113.59945409110821,147.67929031844068,3,0.63,0.63,0.63,0.3766666666666665,0.442857142857143,1.2246467991473532e-16,-1.0,0.28023067519921585,-0.9599326896597447
DAUTI232021,106.3,11.26,0.08,2021-03-27,0.0,0.0,0.0,132.62357619141127,172.41064904883467,3,0.43,0.43,0.43,-0.006666666666666821,-0.041428571428571245,1.0,6.123233995736766e-17,0.995918996147179,0.09025161003104117
DAUTI242019,106.09,11.24,0.43,2019-03-04,0.013025225500000001,7.21,0.00721,110.86770010704295,144.12801013915583,3,0.79,0.79,0.79,0.4799999999999997,0.36000000000000015,1.0,6.123233995736766e-17,0.8840675099433636,0.4673592171580022
DAUTI242019,106.09,11.24,0.43,2019-03-20,0.013025225500000001,7.21,0.00721,110.86770010704295,144.12801013915583,3,0.9,0.9,0.9,0.4799999999999997,0.29000000000000015,1.0,6.123233995736766e-17,0.9778483415056568,0.20931464596304847
DAUTI242019,106.09,11.24,0.43,2019-04-03,0.026411761,14.62,0.01462,110.86770010704295,144.12801013915583,3,0.68,0.68,0.68,0.5566666666666665,0.43142857142857155,0.8660254037844387,-0.4999999999999998,0.9995462806873573,-0.030120304846908114
DAUTI242019,106.09,11.24,0.26,2019-04-16,0.002818218,1.56,0.00156,110.86770010704295,144.12801013915583,3,0.39,0.39,0.39,0.10333333333333318,0.4285714285714287,0.8660254037844387,-0.4999999999999998,0.9679377830240642,-0.25119006388481935
DAUTI242019,106.09,11.24,0.26,2019-05-06,4.2,0.3,0.0003,110.86770010704295,144.12801013915583,3,0.9500000000000001,0.9500000000000001,0.9500000000000001,0.7733333333333331,0.5557142857142858,0.49999999999999994,-0.8660254037844387,0.8263541987239096,-0.5631507242749186
DAUTI242019,106.09,11.24,0.26,2019-05-16,0.040719636999999996,22.54,0.022539999999999998,110.86770010704295,144.12801013915583,3,0.53,0.53,0.53,0.3033333333333332,0.32857142857142874,0.49999999999999994,-0.8660254037844387,0.717676913675962,-0.6963762255968722
DAUTI242019,106.09,11.24,0.26,2019-06-01,0.026194975000000002,14.5,0.0145,110.86770010704295,144.12801013915583,3,0.63,0.63,0.63,0.27999999999999986,0.20857142857142869,1.2246467991473532e-16,-1.0,0.5012418134457758,-0.865307254363206
DAUTI242019,106.09,11.24,0.26,2019-06-15,0.004462178500000001,2.47,0.0024700000000000004,110.86770010704295,144.12801013915583,3,0.63,0.63,0.63,0.3766666666666665,0.442857142857143,1.2246467991473532e-16,-1.0,0.28023067519921585,-0.9599326896597447
DAUTI242021,106.41,11.11,0.08,2021-03-27,0.0,0.0,0.0,138.6657259197865,180.26544369572244,4,0.24,0.24,0.24,-0.1533333333333335,0.02285714285714305,1.0,6.123233995736766e-17,0.995918996147179,0.09025161003104117
DAUTI252021,106.31,11.04,0.08,2021-03-27,0.0,0.0,0.0,126.24127813724199,164.1136615784146,3,0.43,0.43,0.43,-0.006666666666666821,-0.041428571428571245,1.0,6.123233995736766e-17,0.995918996147179,0.09025161003104117
DAUTI262021,106.42,10.96,0.47,2021-03-27,0.0,0.0,0.0,136.53337975144305,177.49339367687597,4,0.24,0.24,0.24,-0.1533333333333335,0.02285714285714305,1.0,6.123233995736766e-17,0.995918996147179,0.09025161003104117
DAUTI272021,106.59,10.92,0.47,2021-03-27,0.0,0.0,0.0,154.49532646441983,200.8439244037458,4,0.24,0.24,0.24,-0.1533333333333335,0.02285714285714305,1.0,6.123233995736766e-17,0.995918996147179,0.09025161003104117
DAUTI282021,106.44,11.5,0.47,2021-03-27,0.0,0.0,0.0,158.14851141266936,205.59306483647018,4,0.24,0.24,0.24,-0.1533333333333335,0.02285714285714305,1.0,6.123233995736766e-17,0.995918996147179,0.09025161003104117
MOXN012021,105.64,10.08,0.97,2021-01-27,0.039021480000000004,21.6,0.0216,94.02308621621256,122.23001208107634,2,0.81,0.81,0.81,0.5566666666666665,0.5485714285714287,0.49999999999999994,0.8660254037844387,0.4482293417404106,0.893918596519257
MOXN012021,105.64,10.08,0.97,2021-02-16,0.027278905,15.1,0.015099999999999999,94.02308621621256,122.23001208107634,2,1.08,1.08,1.08,1.3233333333333333,1.025714285714286,0.8660254037844386,0.5000000000000001,0.7236440382959124,0.6901733882429719
MOXN012021,105.64,10.08,0.97,2021-02-26,0.0037937550000000007,2.1,0.0021000000000000003,94.02308621621256,122.23001208107634,2,0.61,0.61,0.61,0.30666666666666653,0.21000000000000016,0.8660254037844386,0.5000000000000001,0.8311706263658079,0.5560174366570446
MOXN012021,105.64,10.08,0.5,2021-03-14,0.04715095500000001,26.1,0.0261,94.02308621621256,122.23001208107634,2,1.24,1.24,1.24,0.7399999999999999,0.3342857142857145,1.0,6.123233995736766e-17,0.9510565162951535,0.30901699437494745
MOXN012021,105.64,10.08,0.5,2021-03-28,0.042453925,23.5,0.0235,94.02308621621256,122.23001208107634,2,0.93,0.93,0.93,0.41333333333333316,0.08428571428571449,1.0,6.123233995736766e-17,0.9973249731081555,0.07309512989807777
MOXN012021,105.64,10.08,0.5,2021-04-11,0.0397441,22.0,0.022,94.02308621621256,122.23001208107634,2,0.9400000000000001,0.9400000000000001,0.9400000000000001,0.32333333333333325,0.01571428571428592,0.8660254037844387,-0.4999999999999998,0.9859481499638304,-0.16705162550211924
MOXN012021,105.64,10.08,0.5,2021-04-26,0.04480244,24.8,0.0248,94.02308621621256,122.23001208107634,2,0.48,0.48,0.48,-0.0333333333333334,-0.14285714285714263,0.8660254037844387,-0.4999999999999998,0.9106046300942162,-0.4132786077829042
MOXN012021,105.64,10.08,0.5,2021-05-12,0.053293225,29.5,0.0295,94.02308621621256,122.23001208107634,2,1.04,1.04,1.04,0.8766666666666666,0.43571428571428594,0.49999999999999994,-0.8660254037844387,0.7638886127905428,-0.6453481132295501
MOXN012021,105.64,10.08,0.5,2021-05-26,0.05275126,29.2,0.0292,94.02308621621256,122.23001208107634,2,0.9,0.9,0.9,0.09999999999999987,-0.1114285714285712,0.49999999999999994,-0.8660254037844387,0.5877852522924732,-0.8090169943749473
MOXN012021,105.64,10.08,0.5,2021-06-11,0.047331609999999996,26.2,0.026199999999999998,94.02308621621256,122.23001208107634,2,0.75,0.75,0.75,0.6833333333333332,0.25142857142857167,1.2246467991473532e-16,-1.0,0.3456123126707335,-0.9383773917408641
MOXN012021,105.64,10.08,0.5,2021-06-24,0.025833665000000002,14.3,0.0143,94.02308621621256,122.23001208107634,2,1.1,1.1,1.1,0.47333333333333316,0.1671428571428574,1.2246467991473532e-16,-1.0,0.12874817745258132,-0.99167731989929
MOXN012021,105.64,10.08,0.5,2021-07-09,0.04480244,24.8,0.0248,94.02308621621256,122.23001208107634,2,0.99,0.99,0.99,0.6,0.2742857142857146,-0.4999999999999997,-0.8660254037844388,-0.12874817745258066,-0.99167731989929
MOXN022021,105.66,9.99,0.5,2021-01-27,0.0048776850000000005,2.7,0.0027,103.71547073322637,134.8301119531943,3,0.75,0.75,0.75,0.4533333333333332,0.5814285714285716,0.49999999999999994,0.8660254037844387,0.4482293417404106,0.893918596519257
MOXN022021,105.66,9.99,0.5,2021-02-16,0.02709825,15.0,0.015,103.71547073322637,134.8301119531943,3,1.32,1.32,1.32,1.2733333333333332,0.8914285714285717,0.8660254037844386,0.5000000000000001,0.7236440382959124,0.6901733882429719
MOXN022021,105.66,9.99,0.5,2021-02-26,0.03432445,19.0,0.019,103.71547073322637,134.8301119531943,3,0.4,0.4,0.4,0.24333333333333318,0.2100000000000002,0.8660254037844386,0.5000000000000001,0.8311706263658079,0.5560174366570446
MOXN022021,105.66,9.99,0.53,2021-03-14,0.0397441,22.0,0.022,103.71547073322637,134.8301119531943,3,1.02,1.02,1.02,0.4633333333333332,0.17857142857142877,1.0,6.123233995736766e-17,0.9510565162951535,0.30901699437494745
MOXN022021,105.66,9.99,0.53,2021-03-28,0.0397441,22.0,0.022,103.71547073322637,134.8301119531943,3,0.5700000000000001,0.5700000000000001,0.5700000000000001,0.20333333333333317,-0.01714285714285696,1.0,6.123233995736766e-17,0.9973249731081555,0.07309512989807777
MOXN022021,105.66,9.99,0.53,2021-04-11,0.0397441,22.0,0.022,103.71547073322637,134.8301119531943,3,0.52,0.52,0.52,0.11333333333333327,-0.05857142857142837,0.8660254037844387,-0.4999999999999998,0.9859481499638304,-0.16705162550211924
MOXN022021,105.66,9.99,0.53,2021-04-26,0.0469703,26.0,0.026,103.71547073322637,134.8301119531943,3,0.17,0.17,0.17,-0.17333333333333342,-0.17857142857142835,0.8660254037844387,-0.4999999999999998,0.9106046300942162,-0.4132786077829042
MOXN022021,105.66,9.99,0.53,2021-05-12,0.052389950000000005,29.0,0.029,103.71547073322637,134.8301119531943,3,1.05,1.05,1.05,0.6166666666666666,0.2785714285714288,0.49999999999999994,-0.8660254037844387,0.7638886127905428,-0.6453481132295501
MOXN022021,105.66,9.99,0.53,2021-05-26,0.056003050000000006,31.0,0.031,103.71547073322637,134.8301119531943,3,0.35000000000000003,0.35000000000000003,0.35000000000000003,-0.09000000000000015,-0.2014285714285712,0.49999999999999994,-0.8660254037844387,0.5877852522924732,-0.8090169943749473
MOXN022021,105.66,9.99,0.53,2021-06-11,0.052389950000000005,29.0,0.029,103.71547073322637,134.8301119531943,3,0.78,0.78,0.78,0.48333333333333317,0.10857142857142883,1.2246467991473532e-16,-1.0,0.3456123126707335,-0.9383773917408641
MOXN022021,105.66,9.99,0.53,2021-06-24,0.0036131,2.0,0.002,103.71547073322637,134.8301119531943,3,0.75,0.75,0.75,0.2733333333333332,0.007142857142857387,1.2246467991473532e-16,-1.0,0.12874817745258132,-0.99167731989929
MOXN022021,105.66,9.99,0.53,2021-07-09,0.040286065,22.3,0.0223,103.71547073322637,134.8301119531943,3,0.9,0.9,0.9,0.3199999999999999,0.155714285714286,-0.4999999999999997,-0.8660254037844388,-0.12874817745258066,-0.99167731989929
MOXN032021,105.63,9.93,0.53,2021-01-27,0.047331609999999996,26.2,0.026199999999999998,107.99649822468585,140.3954476920916,3,0.75,0.75,0.75,0.4533333333333332,0.5814285714285716,0.49999999999999994,0.8660254037844387,0.4482293417404106,0.893918596519257
MOXN032021,105.63,9.93,0.53,2021-02-16,0.02709825,15.0,0.015,107.99649822468585,140.3954476920916,3,1.32,1.32,1.32,1.2733333333333332,0.8914285714285717,0.8660254037844386,0.5000000000000001,0.7236440382959124,0.6901733882429719
MOXN032021,105.63,9.93,0.53,2021-02-26,0.03793755000000001,21.0,0.021,107.99649822468585,140.3954476920916,3,0.4,0.4,0.4,0.24333333333333318,0.2100000000000002,0.8660254037844386,0.5000000000000001,0.8311706263658079,0.5560174366570446
MOXN032021,105.63,9.93,0.5,2021-03-14,0.03793755000000001,21.0,0.021,107.99649822468585,140.3954476920916,3,1.02,1.02,1.02,0.4633333333333332,0.17857142857142877,1.0,6.123233995736766e-17,0.9510565162951535,0.30901699437494745
MOXN032021,105.63,9.93,0.5,2021-03-28,0.0397441,22.0,0.022,107.99649822468585,140.3954476920916,3,0.5700000000000001,0.5700000000000001,0.5700000000000001,0.20333333333333317,-0.01714285714285696,1.0,6.123233995736766e-17,0.9973249731081555,0.07309512989807777
MOXN032021,105.63,9.93,0.5,2021-04-11,0.0397441,22.0,0.022,107.99649822468585,140.3954476920916,3,0.52,0.52,0.52,0.11333333333333327,-0.05857142857142837,0.8660254037844387,-0.4999999999999998,0.9859481499638304,-0.16705162550211924
MOXN032021,105.63,9.93,0.5,2021-04-26,0.0469703,26.0,0.026,107.99649822468585,140.3954476920916,3,0.17,0.17,0.17,-0.17333333333333342,-0.17857142857142835,0.8660254037844387,-0.4999999999999998,0.9106046300942162,-0.4132786077829042
MOXN032021,105.63,9.93,0.5,2021-05-12,0.05202864,28.8,0.0288,107.99649822468585,140.3954476920916,3,1.05,1.05,1.05,0.6166666666666666,0.2785714285714288,0.49999999999999994,-0.8660254037844387,0.7638886127905428,-0.6453481132295501
MOXN032021,105.63,9.93,0.5,2021-05-26,0.057628945,31.9,0.0319,107.99649822468585,140.3954476920916,3,0.35000000000000003,0.35000000000000003,0.35000000000000003,-0.09000000000000015,-0.2014285714285712,0.49999999999999994,-0.8660254037844387,0.5877852522924732,-0.8090169943749473
MOXN032021,105.63,9.93,0.5,2021-06-11,0.053654535,29.7,0.0297,107.99649822468585,140.3954476920916,3,0.78,0.78,0.78,0.48333333333333317,0.10857142857142883,1.2246467991473532e-16,-1.0,0.3456123126707335,-0.9383773917408641
MOXN032021,105.63,9.93,0.5,2021-06-24,0.044621785000000004,24.7,0.0247,107.99649822468585,140.3954476920916,3,0.75,0.75,0.75,0.2733333333333332,0.007142857142857387,1.2246467991473532e-16,-1.0,0.12874817745258132,-0.99167731989929
MOXN032021,105.63,9.93,0.5,2021-07-09,0.04480244,24.8,0.0248,107.99649822468585,140.3954476920916,3,0.9,0.9,0.9,0.3199999999999999,0.155714285714286,-0.4999999999999997,-0.8660254037844388,-0.12874817745258066,-0.99167731989929
MOXN042021,105.57,9.93,0.5,2021-01-27,0.0048776850000000005,2.7,0.0027,105.17458462588797,136.72696001365438,3,0.75,0.75,0.75,0.4533333333333332,0.5814285714285716,0.49999999999999994,0.8660254037844387,0.4482293417404106,0.893918596519257
MOXN042021,105.57,9.93,0.5,2021-02-16,0.0036131,2.0,0.002,105.17458462588797,136.72696001365438,3,1.32,1.32,1.32,1.2733333333333332,0.8914285714285717,0.8660254037844386,0.5000000000000001,0.7236440382959124,0.6901733882429719
MOXN042021,105.57,9.93,0.5,2021-02-26,0.0036131,2.0,0.002,105.17458462588797,136.72696001365438,3,0.4,0.4,0.4,0.24333333333333318,0.2100000000000002,0.8660254037844386,0.5000000000000001,0.8311706263658079,0.5560174366570446
MOXN042021,105.57,9.93,0.0,2021-03-14,0.0469703,26.0,0.026,105.17458462588797,136.72696001365438,3,1.02,1.02,1.02,0.4633333333333332,0.17857142857142877,1.0,6.123233995736766e-17,0.9510565162951535,0.30901699437494745
MOXN042021,105.57,9.93,0.0,2021-03-28,0.04155065,23.0,0.023,105.17458462588797,136.72696001365438,3,0.5700000000000001,0.5700000000000001,0.5700000000000001,0.20333333333333317,-0.01714285714285696,1.0,6.123233995736766e-17,0.9973249731081555,0.07309512989807777
MOXN042021,105.57,9.93,0.0,2021-04-11,0.043357200000000005,24.0,0.024,105.17458462588797,136.72696001365438,3,0.52,0.52,0.52,0.11333333333333327,-0.05857142857142837,0.8660254037844387,-0.4999999999999998,0.9859481499638304,-0.16705162550211924
MOXN042021,105.57,9.93,0.0,2021-04-26,0.052389950000000005,29.0,0.029,105.17458462588797,136.72696001365438,3,0.17,0.17,0.17,-0.17333333333333342,-0.17857142857142835,0.8660254037844387,-0.4999999999999998,0.9106046300942162,-0.4132786077829042
MOXN042021,105.57,9.93,0.0,2021-05-12,0.05889353000000001,32.6,0.032600000000000004,105.17458462588797,136.72696001365438,3,1.05,1.05,1.05,0.6166666666666666,0.2785714285714288,0.49999999999999994,-0.8660254037844387,0.7638886127905428,-0.6453481132295501
MOXN042021,105.57,9.93,0.0,2021-05-26,0.05202864,28.8,0.0288,105.17458462588797,136.72696001365438,3,0.35000000000000003,0.35000000000000003,0.35000000000000003,-0.09000000000000015,-0.2014285714285712,0.49999999999999994,-0.8660254037844387,0.5877852522924732,-0.8090169943749473
MOXN042021,105.57,9.93,0.0,2021-06-11,0.04516375,25.0,0.025,105.17458462588797,136.72696001365438,3,0.78,0.78,0.78,0.48333333333333317,0.10857142857142883,1.2246467991473532e-16,-1.0,0.3456123126707335,-0.9383773917408641
MOXN042021,105.57,9.93,0.0,2021-06-24,0.00614227,3.4,0.0034,105.17458462588797,136.72696001365438,3,0.75,0.75,0.75,0.2733333333333332,0.007142857142857387,1.2246467991473532e-16,-1.0,0.12874817745258132,-0.99167731989929
MOXN042021,105.57,9.93,0.0,2021-07-09,0.0409183575,22.65,0.02265,105.17458462588797,136.72696001365438,3,0.9,0.9,0.9,0.3199999999999999,0.155714285714286,-0.4999999999999997,-0.8660254037844388,-0.12874817745258066,-0.99167731989929
MOXN052021,105.56,9.98,0.0,2021-01-27,0.04299589000000001,23.8,0.0238,99.65408643074436,129.55031235996768,3,0.75,0.75,0.75,0.4533333333333332,0.5814285714285716,0.49999999999999994,0.8660254037844387,0.4482293417404106,0.893918596519257
MOXN052021,105.56,9.98,0.0,2021-02-16,0.03432445,19.0,0.019,99.65408643074436,129.55031235996768,3,1.32,1.32,1.32,1.2733333333333332,0.8914285714285717,0.8660254037844386,0.5000000000000001,0.7236440382959124,0.6901733882429719
MOXN052021,105.56,9.98,0.0,2021-02-26,0.0036131,2.0,0.002,99.65408643074436,129.55031235996768,3,0.4,0.4,0.4,0.24333333333333318,0.2100000000000002,0.8660254037844386,0.5000000000000001,0.8311706263658079,0.5560174366570446
MOXN052021,105.56,9.98,0.34,2021-03-14,0.043357200000000005,24.0,0.024,99.65408643074436,129.55031235996768,3,1.02,1.02,1.02,0.4633333333333332,0.17857142857142877,1.0,6.123233995736766e-17,0.9510565162951535,0.30901699437494745
MOXN052021,105.56,9.98,0.34,2021-03-28,0.048776850000000004,27.0,0.027,99.65408643074436,129.55031235996768,3,0.5700000000000001,0.5700000000000001,0.5700000000000001,0.20333333333333317,-0.01714285714285696,1.0,6.123233995736766e-17,0.9973249731081555,0.07309512989807777
MOXN052021,105.56,9.98,0.34,2021-04-11,0.04516375,25.0,0.025,99.65408643074436,129.55031235996768,3,0.52,0.52,0.52,0.11333333333333327,-0.05857142857142837,0.8660254037844387,-0.4999999999999998,0.9859481499638304,-0.16705162550211924
MOXN052021,105.56,9.98,0.34,2021-04-26,0.056003050000000006,31.0,0.031,99.65408643074436,129.55031235996768,3,0.17,0.17,0.17,-0.17333333333333342,-0.17857142857142835,0.8660254037844387,-0.4999999999999998,0.9106046300942162,-0.4132786077829042
MOXN052021,105.56,9.98,0.34,2021-05-12,0.06142270000000001,34.0,0.034,99.65408643074436,129.55031235996768,3,1.05,1.05,1.05,0.6166666666666666,0.2785714285714288,0.49999999999999994,-0.8660254037844387,0.7638886127905428,-0.6453481132295501
MOXN052021,105.56,9.98,0.34,2021-05-26,0.005419650000000001,3.0,0.003,99.65408643074436,129.55031235996768,3,0.35000000000000003,0.35000000000000003,0.35000000000000003,-0.09000000000000015,-0.2014285714285712,0.49999999999999994,-0.8660254037844387,0.5877852522924732,-0.8090169943749473
MOXN052021,105.56,9.98,0.34,2021-06-11,0.005600305,3.1,0.0031,99.65408643074436,129.55031235996768,3,0.78,0.78,0.78,0.48333333333333317,0.10857142857142883,1.2246467991473532e-16,-1.0,0.3456123126707335,-0.9383773917408641
MOXN052021,105.56,9.98,0.34,2021-06-24,0.05979680500000001,33.1,0.033100000000000004,99.65408643074436,129.55031235996768,3,0.75,0.75,0.75,0.2733333333333332,0.007142857142857387,1.2246467991473532e-16,-1.0,0.12874817745258132,-0.99167731989929
MOXN052021,105.56,9.98,0.34,2021-07-09,0.056436622,31.24,0.031239999999999997,99.65408643074436,129.55031235996768,3,0.9,0.9,0.9,0.3199999999999999,0.155714285714286,-0.4999999999999997,-0.8660254037844388,-0.12874817745258066,-0.99167731989929
MOXN062021,105.51,9.88,0.34,2021-01-27,0.045705715,25.3,0.0253,107.92085361620826,140.29710970107075,3,0.75,0.75,0.75,0.4533333333333332,0.5814285714285716,0.49999999999999994,0.8660254037844387,0.4482293417404106,0.893918596519257
MOXN062021,105.51,9.88,0.34,2021-02-16,0.03793755000000001,21.0,0.021,107.92085361620826,140.29710970107075,3,1.32,1.32,1.32,1.2733333333333332,0.8914285714285717,0.8660254037844386,0.5000000000000001,0.7236440382959124,0.6901733882429719
MOXN062021,105.51,9.88,0.34,2021-02-26,0.0036131,2.0,0.002,107.92085361620826,140.29710970107075,3,0.4,0.4,0.4,0.24333333333333318,0.2100000000000002,0.8660254037844386,0.5000000000000001,0.8311706263658079,0.5560174366570446
MOXN062021,105.51,9.88,0.5,2021-03-14,0.048776850000000004,27.0,0.027,107.92085361620826,140.29710970107075,3,1.02,1.02,1.02,0.4633333333333332,0.17857142857142877,1.0,6.123233995736766e-17,0.9510565162951535,0.30901699437494745
MOXN062021,105.51,9.88,0.5,2021-03-28,0.0469703,26.0,0.026,107.92085361620826,140.29710970107075,3,0.5700000000000001,0.5700000000000001,0.5700000000000001,0.20333333333333317,-0.01714285714285696,1.0,6.123233995736766e-17,0.9973249731081555,0.07309512989807777
MOXN062021,105.51,9.88,0.5,2021-04-11,0.0505834,28.0,0.028,107.92085361620826,140.29710970107075,3,0.52,0.52,0.52,0.11333333333333327,-0.05857142857142837,0.8660254037844387,-0.4999999999999998,0.9859481499638304,-0.16705162550211924
MOXN062021,105.51,9.88,0.5,2021-05-12,0.0650358,36.0,0.036,107.92085361620826,140.29710970107075,3,1.05,1.05,1.05,0.6166666666666666,0.2785714285714288,0.49999999999999994,-0.8660254037844387,0.7638886127905428,-0.6453481132295501
MOXN062021,105.51,9.88,0.5,2021-05-26,0.005419650000000001,3.0,0.003,107.92085361620826,140.29710970107075,3,0.35000000000000003,0.35000000000000003,0.35000000000000003,-0.09000000000000015,-0.2014285714285712,0.49999999999999994,-0.8660254037844387,0.5877852522924732,-0.8090169943749473
MOXN062021,105.51,9.88,0.5,2021-06-11,0.043357200000000005,24.0,0.024,107.92085361620826,140.29710970107075,3,0.78,0.78,0.78,0.48333333333333317,0.10857142857142883,1.2246467991473532e-16,-1.0,0.3456123126707335,-0.9383773917408641
MOXN062021,105.51,9.88,0.5,2021-06-24,0.06051942500000001,33.5,0.0335,107.92085361620826,140.29710970107075,3,0.75,0.75,0.75,0.2733333333333332,0.007142857142857387,1.2246467991473532e-16,-1.0,0.12874817745258132,-0.99167731989929
MOXN062021,105.51,9.88,0.5,2021-07-09,0.0804818025,44.55,0.04455,107.92085361620826,140.29710970107075,3,0.9,0.9,0.9,0.3199999999999999,0.155714285714286,-0.4999999999999997,-0.8660254037844388,-0.12874817745258066,-0.99167731989929
MOXN062021,105.51,9.88,0.5,2021-11-26,0.07406855000000001,41.0,0.041,107.92085361620826,140.29710970107075,3,1.79,1.79,1.79,2.03,2.118571428571429,-0.5000000000000004,0.8660254037844384,-0.5667017562911184,0.8239230057575536
MOXN072021,105.46,9.82,0.5,2021-01-27,0.042453925,23.5,0.0235,112.62963789678429,146.4185292658196,3,0.75,0.75,0.75,0.4533333333333332,0.5814285714285716,0.49999999999999994,0.8660254037844387,0.4482293417404106,0.893918596519257
MOXN072021,105.46,9.82,0.5,2021-02-16,0.0036131,2.0,0.002,112.62963789678429,146.4185292658196,3,1.32,1.32,1.32,1.2733333333333332,0.8914285714285717,0.8660254037844386,0.5000000000000001,0.7236440382959124,0.6901733882429719
MOXN072021,105.46,9.82,0.5,2021-02-26,0.052389950000000005,29.0,0.029,112.62963789678429,146.4185292658196,3,0.4,0.4,0.4,0.24333333333333318,0.2100000000000002,0.8660254037844386,0.5000000000000001,0.8311706263658079,0.5560174366570446
MOXN072021,105.46,9.82,0.42,2021-03-14,0.04155065,23.0,0.023,112.62963789678429,146.4185292658196,3,1.02,1.02,1.02,0.4633333333333332,0.17857142857142877,1.0,6.123233995736766e-17,0.9510565162951535,0.30901699437494745
MOXN072021,105.46,9.82,0.42,2021-03-28,0.07768165,43.0,0.043,112.62963789678429,146.4185292658196,3,0.5700000000000001,0.5700000000000001,0.5700000000000001,0.20333333333333317,-0.01714285714285696,1.0,6.123233995736766e-17,0.9973249731081555,0.07309512989807777
MOXN072021,105.46,9.82,0.42,2021-04-11,0.06142270000000001,34.0,0.034,112.62963789678429,146.4185292658196,3,0.52,0.52,0.52,0.11333333333333327,-0.05857142857142837,0.8660254037844387,-0.4999999999999998,0.9859481499638304,-0.16705162550211924
MOXN072021,105.46,9.82,0.42,2021-05-12,0.06142270000000001,34.0,0.034,112.62963789678429,146.4185292658196,3,1.05,1.05,1.05,0.6166666666666666,0.2785714285714288,0.49999999999999994,-0.8660254037844387,0.7638886127905428,-0.6453481132295501
MOXN072021,105.46,9.82,0.42,2021-05-26,0.05961615000000001,33.0,0.033,112.62963789678429,146.4185292658196,3,0.35000000000000003,0.35000000000000003,0.35000000000000003,-0.09000000000000015,-0.2014285714285712,0.49999999999999994,-0.8660254037844387,0.5877852522924732,-0.8090169943749473
MOXN072021,105.46,9.82,0.42,2021-06-11,0.0578096,32.0,0.032,112.62963789678429,146.4185292658196,3,0.78,0.78,0.78,0.48333333333333317,0.10857142857142883,1.2246467991473532e-16,-1.0,0.3456123126707335,-0.9383773917408641
MOXN072021,105.46,9.82,0.42,2021-06-24,0.05961615000000001,33.0,0.033,112.62963789678429,146.4185292658196,3,0.75,0.75,0.75,0.2733333333333332,0.007142857142857387,1.2246467991473532e-16,-1.0,0.12874817745258132,-0.99167731989929
MOXN072021,105.46,9.82,0.42,2021-07-09,0.0080391475,4.45,0.00445,112.62963789678429,146.4185292658196,3,0.9,0.9,0.9,0.3199999999999999,0.155714285714286,-0.4999999999999997,-0.8660254037844388,-0.12874817745258066,-0.99167731989929
MOXN072021,105.46,9.82,0.42,2021-11-26,0.07768165,43.0,0.043,112.62963789678429,146.4185292658196,3,1.79,1.79,1.79,2.03,2.118571428571429,-0.5000000000000004,0.8660254037844384,-0.5667017562911184,0.8239230057575536
MOXN082021,105.37,9.77,0.42,2021-01-27,0.046067025,25.5,0.0255,115.8353801812787,150.5859942356623,3,0.75,0.75,0.75,0.4533333333333332,0.5814285714285716,0.49999999999999994,0.8660254037844387,0.4482293417404106,0.893918596519257
MOXN082021,105.37,9.77,0.42,2021-02-16,0.043357200000000005,24.0,0.024,115.8353801812787,150.5859942356623,3,1.32,1.32,1.32,1.2733333333333332,0.8914285714285717,0.8660254037844386,0.5000000000000001,0.7236440382959124,0.6901733882429719
MOXN082021,105.37,9.77,0.42,2021-02-26,0.03793755000000001,21.0,0.021,115.8353801812787,150.5859942356623,3,0.4,0.4,0.4,0.24333333333333318,0.2100000000000002,0.8660254037844386,0.5000000000000001,0.8311706263658079,0.5560174366570446
MOXN082021,105.37,9.77,0.61,2021-03-14,0.043357200000000005,24.0,0.024,115.8353801812787,150.5859942356623,3,1.02,1.02,1.02,0.4633333333333332,0.17857142857142877,1.0,6.123233995736766e-17,0.9510565162951535,0.30901699437494745
MOXN082021,105.37,9.77,0.61,2021-03-28,0.0650358,36.0,0.036,115.8353801812787,150.5859942356623,3,0.5700000000000001,0.5700000000000001,0.5700000000000001,0.20333333333333317,-0.01714285714285696,1.0,6.123233995736766e-17,0.9973249731081555,0.07309512989807777
MOXN082021,105.37,9.77,0.61,2021-04-11,0.0072262,4.0,0.004,115.8353801812787,150.5859942356623,3,0.52,0.52,0.52,0.11333333333333327,-0.05857142857142837,0.8660254037844387,-0.4999999999999998,0.9859481499638304,-0.16705162550211924
MOXN082021,105.37,9.77,0.61,2021-04-26,0.08129475,45.0,0.045,115.8353801812787,150.5859942356623,3,0.17,0.17,0.17,-0.17333333333333342,-0.17857142857142835,0.8660254037844387,-0.4999999999999998,0.9106046300942162,-0.4132786077829042
MOXN082021,105.37,9.77,0.61,2021-05-12,0.07587510000000001,42.0,0.042,115.8353801812787,150.5859942356623,3,1.05,1.05,1.05,0.6166666666666666,0.2785714285714288,0.49999999999999994,-0.8660254037844387,0.7638886127905428,-0.6453481132295501
MOXN082021,105.37,9.77,0.61,2021-05-26,0.07677837500000001,42.5,0.0425,115.8353801812787,150.5859942356623,3,0.35000000000000003,0.35000000000000003,0.35000000000000003,-0.09000000000000015,-0.2014285714285712,0.49999999999999994,-0.8660254037844387,0.5877852522924732,-0.8090169943749473
MOXN082021,105.37,9.77,0.61,2021-06-11,0.06322925000000001,35.0,0.035,115.8353801812787,150.5859942356623,3,0.78,0.78,0.78,0.48333333333333317,0.10857142857142883,1.2246467991473532e-16,-1.0,0.3456123126707335,-0.9383773917408641
MOXN082021,105.37,9.77,0.61,2021-06-24,0.06575842000000001,36.4,0.0364,115.8353801812787,150.5859942356623,3,0.75,0.75,0.75,0.2733333333333332,0.007142857142857387,1.2246467991473532e-16,-1.0,0.12874817745258132,-0.99167731989929
MOXN082021,105.37,9.77,0.61,2021-07-09,0.0712322665,39.43,0.03943,115.8353801812787,150.5859942356623,3,0.9,0.9,0.9,0.3199999999999999,0.155714285714286,-0.4999999999999997,-0.8660254037844388,-0.12874817745258066,-0.99167731989929
MOXN092021,105.48,9.89,0.61,2021-01-27,0.05347388000000001,29.6,0.0296,105.81308671191343,137.55701272548745,3,0.75,0.75,0.75,0.4533333333333332,0.5814285714285716,0.49999999999999994,0.8660254037844387,0.4482293417404106,0.893918596519257
MOXN092021,105.48,9.89,0.61,2021-02-16,0.0036131,2.0,0.002,105.81308671191343,137.55701272548745,3,1.32,1.32,1.32,1.2733333333333332,0.8914285714285717,0.8660254037844386,0.5000000000000001,0.7236440382959124,0.6901733882429719
MOXN092021,105.48,9.89,0.61,2021-02-26,0.03793755000000001,21.0,0.021,105.81308671191343,137.55701272548745,3,0.4,0.4,0.4,0.24333333333333318,0.2100000000000002,0.8660254037844386,0.5000000000000001,0.8311706263658079,0.5560174366570446
MOXN092021,105.48,9.89,1.48,2021-03-14,0.0469703,26.0,0.026,105.81308671191343,137.55701272548745,3,1.02,1.02,1.02,0.4633333333333332,0.17857142857142877,1.0,6.123233995736766e-17,0.9510565162951535,0.30901699437494745
MOXN092021,105.48,9.89,1.48,2021-03-28,0.06142270000000001,34.0,0.034,105.81308671191343,137.55701272548745,3,0.5700000000000001,0.5700000000000001,0.5700000000000001,0.20333333333333317,-0.01714285714285696,1.0,6.123233995736766e-17,0.9973249731081555,0.07309512989807777
MOXN092021,105.48,9.89,1.48,2021-04-11,0.005419650000000001,3.0,0.003,105.81308671191343,137.55701272548745,3,0.52,0.52,0.52,0.11333333333333327,-0.05857142857142837,0.8660254037844387,-0.4999999999999998,0.9859481499638304,-0.16705162550211924
MOXN092021,105.48,9.89,1.48,2021-05-12,0.07768165,43.0,0.043,105.81308671191343,137.55701272548745,3,1.05,1.05,1.05,0.6166666666666666,0.2785714285714288,0.49999999999999994,-0.8660254037844387,0.7638886127905428,-0.6453481132295501
MOXN092021,105.48,9.89,1.48,2021-05-26,0.048776850000000004,27.0,0.027,105.81308671191343,137.55701272548745,3,0.35000000000000003,0.35000000000000003,0.35000000000000003,-0.09000000000000015,-0.2014285714285712,0.49999999999999994,-0.8660254037844387,0.5877852522924732,-0.8090169943749473
MOXN092021,105.48,9.89,1.48,2021-06-11,0.048776850000000004,27.0,0.027,105.81308671191343,137.55701272548745,3,0.78,0.78,0.78,0.48333333333333317,0.10857142857142883,1.2246467991473532e-16,-1.0,0.3456123126707335,-0.9383773917408641
MOXN092021,105.48,9.89,1.48,2021-06-24,0.0578096,32.0,0.032,105.81308671191343,137.55701272548745,3,0.75,0.75,0.75,0.2733333333333332,0.007142857142857387,1.2246467991473532e-16,-1.0,0.12874817745258132,-0.99167731989929
MOXN092021,105.48,9.89,1.48,2021-07-09,0.050890513500000005,28.17,0.02817,105.81308671191343,137.55701272548745,3,0.9,0.9,0.9,0.3199999999999999,0.155714285714286,-0.4999999999999997,-0.8660254037844388,-0.12874817745258066,-0.99167731989929
MOXN092021,105.48,9.89,1.48,2021-11-26,0.056003050000000006,31.0,0.031,105.81308671191343,137.55701272548745,3,1.79,1.79,1.79,2.03,2.118571428571429,-0.5000000000000004,0.8660254037844384,-0.5667017562911184,0.8239230057575536
MOXN102021,105.56,10.06,1.48,2021-01-27,0.03576969000000001,19.8,0.0198,91.63693377079144,119.12801390202888,2,0.81,0.81,0.81,0.5566666666666665,0.5485714285714287,0.49999999999999994,0.8660254037844387,0.4482293417404106,0.893918596519257
MOXN102021,105.56,10.06,1.48,2021-02-16,0.02709825,15.0,0.015,91.63693377079144,119.12801390202888,2,1.08,1.08,1.08,1.3233333333333333,1.025714285714286,0.8660254037844386,0.5000000000000001,0.7236440382959124,0.6901733882429719
MOXN102021,105.56,10.06,1.48,2021-02-26,0.0325179,18.0,0.018,91.63693377079144,119.12801390202888,2,0.61,0.61,0.61,0.30666666666666653,0.21000000000000016,0.8660254037844386,0.5000000000000001,0.8311706263658079,0.5560174366570446
MOXN102021,105.56,10.06,1.0,2021-03-14,0.04516375,25.0,0.025,91.63693377079144,119.12801390202888,2,1.24,1.24,1.24,0.7399999999999999,0.3342857142857145,1.0,6.123233995736766e-17,0.9510565162951535,0.30901699437494745
MOXN102021,105.56,10.06,1.0,2021-03-28,0.0397441,22.0,0.022,91.63693377079144,119.12801390202888,2,0.93,0.93,0.93,0.41333333333333316,0.08428571428571449,1.0,6.123233995736766e-17,0.9973249731081555,0.07309512989807777
MOXN102021,105.56,10.06,1.0,2021-04-11,0.0397441,22.0,0.022,91.63693377079144,119.12801390202888,2,0.9400000000000001,0.9400000000000001,0.9400000000000001,0.32333333333333325,0.01571428571428592,0.8660254037844387,-0.4999999999999998,0.9859481499638304,-0.16705162550211924
MOXN102021,105.56,10.06,1.0,2021-05-12,0.0469703,26.0,0.026,91.63693377079144,119.12801390202888,2,1.04,1.04,1.04,0.8766666666666666,0.43571428571428594,0.49999999999999994,-0.8660254037844387,0.7638886127905428,-0.6453481132295501
MOXN102021,105.56,10.06,1.0,2021-05-26,0.0505834,28.0,0.028,91.63693377079144,119.12801390202888,2,0.9,0.9,0.9,0.09999999999999987,-0.1114285714285712,0.49999999999999994,-0.8660254037844387,0.5877852522924732,-0.8090169943749473
MOXN102021,105.56,10.06,1.0,2021-06-11,0.0505834,28.0,0.028,91.63693377079144,119.12801390202888,2,0.75,0.75,0.75,0.6833333333333332,0.25142857142857167,1.2246467991473532e-16,-1.0,0.3456123126707335,-0.9383773917408641
MOXN102021,105.56,10.06,1.0,2021-06-24,0.0289048,16.0,0.016,91.63693377079144,119.12801390202888,2,1.1,1.1,1.1,0.47333333333333316,0.1671428571428574,1.2246467991473532e-16,-1.0,0.12874817745258132,-0.99167731989929
MOXN102021,105.56,10.06,1.0,2021-07-09,0.042634580000000005,23.6,0.023600000000000003,91.63693377079144,119.12801390202888,2,0.99,0.99,0.99,0.6,0.2742857142857146,-0.4999999999999997,-0.8660254037844388,-0.12874817745258066,-0.99167731989929
MOXN102021,105.56,10.06,1.0,2021-11-26,0.0397441,22.0,0.022,91.63693377079144,119.12801390202888,2,1.81,1.81,1.81,1.9266666666666667,2.055714285714286,-0.5000000000000004,0.8660254037844384,-0.5667017562911184,0.8239230057575536
MOXN112021,105.62,10.12,1.0,2021-01-27,0.03396314,18.8,0.0188,89.09444504020627,115.82277855226815,2,0.81,0.81,0.81,0.5566666666666665,0.5485714285714287,0.49999999999999994,0.8660254037844387,0.4482293417404106,0.893918596519257
MOXN112021,105.62,10.12,1.0,2021-02-16,0.02709825,15.0,0.015,89.09444504020627,115.82277855226815,2,1.08,1.08,1.08,1.3233333333333333,1.025714285714286,0.8660254037844386,0.5000000000000001,0.7236440382959124,0.6901733882429719
MOXN112021,105.62,10.12,1.0,2021-02-26,0.03432445,19.0,0.019,89.09444504020627,115.82277855226815,2,0.61,0.61,0.61,0.30666666666666653,0.21000000000000016,0.8660254037844386,0.5000000000000001,0.8311706263658079,0.5560174366570446
MOXN112021,105.62,10.12,0.45,2021-03-14,0.0036131,2.0,0.002,89.09444504020627,115.82277855226815,2,1.24,1.24,1.24,0.7399999999999999,0.3342857142857145,1.0,6.123233995736766e-17,0.9510565162951535,0.30901699437494745
MOXN112021,105.62,10.12,0.45,2021-03-28,0.03793755000000001,21.0,0.021,89.09444504020627,115.82277855226815,2,0.93,0.93,0.93,0.41333333333333316,0.08428571428571449,1.0,6.123233995736766e-17,0.9973249731081555,0.07309512989807777
MOXN112021,105.62,10.12,0.45,2021-04-11,0.052389950000000005,29.0,0.029,89.09444504020627,115.82277855226815,2,0.9400000000000001,0.9400000000000001,0.9400000000000001,0.32333333333333325,0.01571428571428592,0.8660254037844387,-0.4999999999999998,0.9859481499638304,-0.16705162550211924
MOXN112021,105.62,10.12,0.45,2021-05-12,0.043357200000000005,24.0,0.024,89.09444504020627,115.82277855226815,2,1.04,1.04,1.04,0.8766666666666666,0.43571428571428594,0.49999999999999994,-0.8660254037844387,0.7638886127905428,-0.6453481132295501
MOXN112021,105.62,10.12,0.45,2021-05-26,0.043357200000000005,24.0,0.024,89.09444504020627,115.82277855226815,2,0.9,0.9,0.9,0.09999999999999987,-0.1114285714285712,0.49999999999999994,-0.8660254037844387,0.5877852522924732,-0.8090169943749473
MOXN112021,105.62,10.12,0.45,2021-06-11,0.030711350000000005,17.0,0.017,89.09444504020627,115.82277855226815,2,0.75,0.75,0.75,0.6833333333333332,0.25142857142857167,1.2246467991473532e-16,-1.0,0.3456123126707335,-0.9383773917408641
MOXN112021,105.62,10.12,0.45,2021-06-24,0.021678600000000003,12.0,0.012,89.09444504020627,115.82277855226815,2,1.1,1.1,1.1,0.47333333333333316,0.1671428571428574,1.2246467991473532e-16,-1.0,0.12874817745258132,-0.99167731989929
MOXN112021,105.62,10.12,0.45,2021-07-09,0.032409507000000004,17.94,0.01794,89.09444504020627,115.82277855226815,2,0.99,0.99,0.99,0.6,0.2742857142857146,-0.4999999999999997,-0.8660254037844388,-0.12874817745258066,-0.99167731989929
MOXN112021,105.62,10.12,0.45,2021-11-26,0.052389950000000005,29.0,0.029,89.09444504020627,115.82277855226815,2,1.81,1.81,1.81,1.9266666666666667,2.055714285714286,-0.5000000000000004,0.8660254037844384,-0.5667017562911184,0.8239230057575536
MOXN122021,105.69,9.99,0.45,2021-01-27,0.0036131,2.0,0.002,105.41083933553759,137.03409113619887,3,0.75,0.75,0.75,0.4533333333333332,0.5814285714285716,0.49999999999999994,0.8660254037844387,0.4482293417404106,0.893918596519257
MOXN122021,105.69,9.99,0.45,2021-02-16,0.02709825,15.0,0.015,105.41083933553759,137.03409113619887,3,1.32,1.32,1.32,1.2733333333333332,0.8914285714285717,0.8660254037844386,0.5000000000000001,0.7236440382959124,0.6901733882429719
MOXN122021,105.69,9.99,0.45,2021-02-26,0.0325179,18.0,0.018,105.41083933553759,137.03409113619887,3,0.4,0.4,0.4,0.24333333333333318,0.2100000000000002,0.8660254037844386,0.5000000000000001,0.8311706263658079,0.5560174366570446
MOXN122021,105.69,9.99,0.94,2021-03-14,0.0036131,2.0,0.002,105.41083933553759,137.03409113619887,3,1.02,1.02,1.02,0.4633333333333332,0.17857142857142877,1.0,6.123233995736766e-17,0.9510565162951535,0.30901699437494745
MOXN122021,105.69,9.99,0.94,2021-03-28,0.006088073500000001,3.37,0.00337,105.41083933553759,137.03409113619887,3,0.5700000000000001,0.5700000000000001,0.5700000000000001,0.20333333333333317,-0.01714285714285696,1.0,6.123233995736766e-17,0.9973249731081555,0.07309512989807777
MOXN122021,105.69,9.99,0.94,2021-04-11,0.005419650000000001,3.0,0.003,105.41083933553759,137.03409113619887,3,0.52,0.52,0.52,0.11333333333333327,-0.05857142857142837,0.8660254037844387,-0.4999999999999998,0.9859481499638304,-0.16705162550211924
MOXN122021,105.69,9.99,0.94,2021-04-26,0.039563445,21.9,0.0219,105.41083933553759,137.03409113619887,3,0.17,0.17,0.17,-0.17333333333333342,-0.17857142857142835,0.8660254037844387,-0.4999999999999998,0.9106046300942162,-0.4132786077829042
MOXN122021,105.69,9.99,0.94,2021-05-12,0.050764055,28.1,0.0281,105.41083933553759,137.03409113619887,3,1.05,1.05,1.05,0.6166666666666666,0.2785714285714288,0.49999999999999994,-0.8660254037844387,0.7638886127905428,-0.6453481132295501
MOXN122021,105.69,9.99,0.94,2021-05-26,0.0578096,32.0,0.032,105.41083933553759,137.03409113619887,3,0.35000000000000003,0.35000000000000003,0.35000000000000003,-0.09000000000000015,-0.2014285714285712,0.49999999999999994,-0.8660254037844387,0.5877852522924732,-0.8090169943749473
MOXN122021,105.69,9.99,0.94,2021-06-11,0.043176545,23.9,0.023899999999999998,105.41083933553759,137.03409113619887,3,0.78,0.78,0.78,0.48333333333333317,0.10857142857142883,1.2246467991473532e-16,-1.0,0.3456123126707335,-0.9383773917408641
MOXN122021,105.69,9.99,0.94,2021-06-24,0.04010541,22.2,0.0222,105.41083933553759,137.03409113619887,3,0.75,0.75,0.75,0.2733333333333332,0.007142857142857387,1.2246467991473532e-16,-1.0,0.12874817745258132,-0.99167731989929
MOXN122021,105.69,9.99,0.94,2021-07-09,0.033511502500000005,18.55,0.01855,105.41083933553759,137.03409113619887,3,0.9,0.9,0.9,0.3199999999999999,0.155714285714286,-0.4999999999999997,-0.8660254037844388,-0.12874817745258066,-0.99167731989929
MOXN132021,105.46,9.78,0.94,2021-01-14,0.043357200000000005,24.0,0.024,116.91770891893002,151.99302159460902,3,1.4100000000000001,1.4100000000000001,1.4100000000000001,1.1899999999999997,1.0671428571428574,0.49999999999999994,0.8660254037844387,0.2386727660059501,0.9711000518829505
MOXN132021,105.46,9.78,0.94,2021-01-27,0.04010541,22.2,0.0222,116.91770891893002,151.99302159460902,3,0.75,0.75,0.75,0.4533333333333332,0.5814285714285716,0.49999999999999994,0.8660254037844387,0.4482293417404106,0.893918596519257
MOXN132021,105.46,9.78,0.94,2021-02-16,0.02709825,15.0,0.015,116.91770891893002,151.99302159460902,3,1.32,1.32,1.32,1.2733333333333332,0.8914285714285717,0.8660254037844386,0.5000000000000001,0.7236440382959124,0.6901733882429719
MOXN132021,105.46,9.78,0.94,2021-02-26,0.0325179,18.0,0.018,116.91770891893002,151.99302159460902,3,0.4,0.4,0.4,0.24333333333333318,0.2100000000000002,0.8660254037844386,0.5000000000000001,0.8311706263658079,0.5560174366570446
MOXN132021,105.46,9.78,0.94,2021-03-14,0.03793755000000001,21.0,0.021,116.91770891893002,151.99302159460902,3,1.02,1.02,1.02,0.4633333333333332,0.17857142857142877,1.0,6.123233995736766e-17,0.9510565162951535,0.30901699437494745
MOXN132021,105.46,9.78,0.94,2021-03-28,0.04516375,25.0,0.025,116.91770891893002,151.99302159460902,3,0.5700000000000001,0.5700000000000001,0.5700000000000001,0.20333333333333317,-0.01714285714285696,1.0,6.123233995736766e-17,0.9973249731081555,0.07309512989807777
MOXN132021,105.46,9.78,0.94,2021-04-26,0.0578096,32.0,0.032,116.91770891893002,151.99302159460902,3,0.17,0.17,0.17,-0.17333333333333342,-0.17857142857142835,0.8660254037844387,-0.4999999999999998,0.9106046300942162,-0.4132786077829042
MOXN132021,105.46,9.78,0.77,2021-05-12,0.06051942500000001,33.5,0.0335,116.91770891893002,151.99302159460902,3,1.05,1.05,1.05,0.6166666666666666,0.2785714285714288,0.49999999999999994,-0.8660254037844387,0.7638886127905428,-0.6453481132295501
MOXN132021,105.46,9.78,0.77,2021-05-26,0.06395187000000001,35.4,0.0354,116.91770891893002,151.99302159460902,3,0.35000000000000003,0.35000000000000003,0.35000000000000003,-0.09000000000000015,-0.2014285714285712,0.49999999999999994,-0.8660254037844387,0.5877852522924732,-0.8090169943749473
MOXN132021,105.46,9.78,0.77,2021-06-11,0.04805423,26.6,0.026600000000000002,116.91770891893002,151.99302159460902,3,0.78,0.78,0.78,0.48333333333333317,0.10857142857142883,1.2246467991473532e-16,-1.0,0.3456123126707335,-0.9383773917408641
MOXN132021,105.46,9.78,0.77,2021-06-24,0.05618370500000001,31.1,0.031100000000000003,116.91770891893002,151.99302159460902,3,0.75,0.75,0.75,0.2733333333333332,0.007142857142857387,1.2246467991473532e-16,-1.0,0.12874817745258132,-0.99167731989929
MOXN132021,105.46,9.78,0.77,2021-07-09,0.04480244,24.8,0.0248,116.91770891893002,151.99302159460902,3,0.9,0.9,0.9,0.3199999999999999,0.155714285714286,-0.4999999999999997,-0.8660254037844388,-0.12874817745258066,-0.99167731989929
NMT0012021,105.99,10.02,1.36,2021-01-27,0.08617243500000002,47.7,0.047700000000000006,123.50833086267951,160.56083012148338,3,0.75,0.75,0.75,0.4533333333333332,0.5814285714285716,0.49999999999999994,0.8660254037844387,0.4482293417404106,0.893918596519257
NMT0012021,105.99,10.02,1.36,2021-02-16,0.072081345,39.9,0.0399,123.50833086267951,160.56083012148338,3,1.32,1.32,1.32,1.2733333333333332,0.8914285714285717,0.8660254037844386,0.5000000000000001,0.7236440382959124,0.6901733882429719
NMT0012021,105.99,10.02,1.36,2021-03-14,0.08508850500000001,47.1,0.0471,123.50833086267951,160.56083012148338,3,1.02,1.02,1.02,0.4633333333333332,0.17857142857142877,1.0,6.123233995736766e-17,0.9510565162951535,0.30901699437494745
NMT0012021,105.99,10.02,1.36,2021-03-29,0.06178401000000001,34.2,0.0342,123.50833086267951,160.56083012148338,3,0.93,0.93,0.93,0.41333333333333316,0.08428571428571449,1.0,6.123233995736766e-17,0.9984354211555643,0.055916990100603484
NMT0012021,105.99,10.02,1.36,2021-05-13,0.04426047500000001,24.5,0.0245,123.50833086267951,160.56083012148338,3,1.04,1.04,1.04,0.8766666666666666,0.43571428571428594,0.49999999999999994,-0.8660254037844387,0.7526668275320085,-0.6584015846980488
NMT0012021,105.99,10.02,1.36,2021-05-26,0.04516375,25.0,0.025,123.50833086267951,160.56083012148338,3,0.35000000000000003,0.35000000000000003,0.35000000000000003,-0.09000000000000015,-0.2014285714285712,0.49999999999999994,-0.8660254037844387,0.5877852522924732,-0.8090169943749473
NMT0012021,105.99,10.02,1.36,2021-06-11,0.058351564999999994,32.3,0.032299999999999995,123.50833086267951,160.56083012148338,3,0.78,0.78,0.78,0.48333333333333317,0.10857142857142883,1.2246467991473532e-16,-1.0,0.3456123126707335,-0.9383773917408641
NMT0012021,105.99,10.02,1.36,2021-06-24,0.001987205,1.1,0.0011,123.50833086267951,160.56083012148338,3,0.75,0.75,0.75,0.2733333333333332,0.007142857142857387,1.2246467991473532e-16,-1.0,0.12874817745258132,-0.99167731989929
NMT0022021,106.11,10.1,0.67,2021-01-27,0.0252917,14.0,0.014,127.64070592178031,165.9329176983144,3,0.75,0.75,0.75,0.4533333333333332,0.5814285714285716,0.49999999999999994,0.8660254037844387,0.4482293417404106,0.893918596519257
NMT0022021,106.11,10.1,0.67,2021-02-16,0.13765911,76.2,0.0762,127.64070592178031,165.9329176983144,3,1.32,1.32,1.32,1.2733333333333332,0.8914285714285717,0.8660254037844386,0.5000000000000001,0.7236440382959124,0.6901733882429719
NMT0022021,106.11,10.1,0.67,2021-02-26,0.12356802000000001,68.4,0.0684,127.64070592178031,165.9329176983144,3,0.4,0.4,0.4,0.24333333333333318,0.2100000000000002,0.8660254037844386,0.5000000000000001,0.8311706263658079,0.5560174366570446
NMT0022021,106.11,10.1,0.67,2021-03-14,0.21497945,119.0,0.119,127.64070592178031,165.9329176983144,3,1.02,1.02,1.02,0.4633333333333332,0.17857142857142877,1.0,6.123233995736766e-17,0.9510565162951535,0.30901699437494745
NMT0022021,106.11,10.1,0.67,2021-03-29,0.07966885500000001,44.1,0.0441,127.64070592178031,165.9329176983144,3,0.93,0.93,0.93,0.41333333333333316,0.08428571428571449,1.0,6.123233995736766e-17,0.9984354211555643,0.055916990100603484
NMT0022021,106.11,10.1,0.67,2021-04-11,0.22220565,123.0,0.123,127.64070592178031,165.9329176983144,3,0.52,0.52,0.52,0.11333333333333327,-0.05857142857142837,0.8660254037844387,-0.4999999999999998,0.9859481499638304,-0.16705162550211924
NMT0022021,106.11,10.1,0.67,2021-04-27,0.20414015000000002,113.0,0.113,127.64070592178031,165.9329176983144,3,0.48,0.48,0.48,-0.0333333333333334,-0.14285714285714263,0.8660254037844387,-0.4999999999999998,0.9033558023246845,-0.4288919379124835
NMT0022021,106.11,10.1,0.67,2021-05-26,0.22039910000000001,122.0,0.122,127.64070592178031,165.9329176983144,3,0.35000000000000003,0.35000000000000003,0.35000000000000003,-0.09000000000000015,-0.2014285714285712,0.49999999999999994,-0.8660254037844387,0.5877852522924732,-0.8090169943749473
NMT0022021,106.11,10.1,0.67,2021-06-11,0.24027115000000002,133.0,0.133,127.64070592178031,165.9329176983144,3,0.78,0.78,0.78,0.48333333333333317,0.10857142857142883,1.2246467991473532e-16,-1.0,0.3456123126707335,-0.9383773917408641
NMT0022021,106.11,10.1,0.67,2021-06-24,0.00180655,1.0,0.001,127.64070592178031,165.9329176983144,3,0.75,0.75,0.75,0.2733333333333332,0.007142857142857387,1.2246467991473532e-16,-1.0,0.12874817745258132,-0.99167731989929
NMT0022021,106.11,10.1,1.36,2021-07-08,0.0072262,4.0,0.004,127.64070592178031,165.9329176983144,3,0.6000000000000001,0.6000000000000001,0.6000000000000001,0.1266666666666665,0.08857142857142884,-0.4999999999999997,-0.8660254037844388,-0.11165900712169444,-0.9937465804361781
NMT0022021,106.11,10.1,0.67,2021-07-08,0.16457670500000002,91.1,0.0911,127.64070592178031,165.9329176983144,3,0.6000000000000001,0.6000000000000001,0.6000000000000001,0.1266666666666665,0.08857142857142884,-0.4999999999999997,-0.8660254037844388,-0.11165900712169444,-0.9937465804361781
NMT0032021,106.02,9.87,0.67,2021-01-27,0.0469703,26.0,0.026,137.84960763406423,179.2044899242835,4,0.48,0.48,0.48,0.43666666666666654,0.7014285714285716,0.49999999999999994,0.8660254037844387,0.4482293417404106,0.893918596519257
NMT0032021,106.02,9.87,0.76,2021-02-16,0.0252917,14.0,0.014,137.84960763406423,179.2044899242835,4,1.35,1.35,1.35,1.133333333333333,0.7414285714285717,0.8660254037844386,0.5000000000000001,0.7236440382959124,0.6901733882429719
NMT0032021,106.02,9.87,0.76,2021-02-26,0.02348515,13.0,0.013,137.84960763406423,179.2044899242835,4,0.29,0.29,0.29,0.17666666666666653,0.2700000000000002,0.8660254037844386,0.5000000000000001,0.8311706263658079,0.5560174366570446
NMT0032021,106.02,9.87,0.76,2021-03-14,0.34505105,191.0,0.191,137.84960763406423,179.2044899242835,4,0.74,0.74,0.74,0.21999999999999986,0.10857142857142876,1.0,6.123233995736766e-17,0.9510565162951535,0.30901699437494745
NMT0032021,106.02,9.87,0.76,2021-03-29,0.052389950000000005,29.0,0.029,137.84960763406423,179.2044899242835,4,0.5700000000000001,0.5700000000000001,0.5700000000000001,0.20333333333333317,-0.01714285714285696,1.0,6.123233995736766e-17,0.9984354211555643,0.055916990100603484
NMT0032021,106.02,9.87,0.76,2021-04-11,0.2818218,156.0,0.156,137.84960763406423,179.2044899242835,4,0.30000000000000004,0.30000000000000004,0.30000000000000004,-0.05000000000000008,-0.022857142857142663,0.8660254037844387,-0.4999999999999998,0.9859481499638304,-0.16705162550211924
NMT0032021,106.02,9.87,0.76,2021-05-13,0.04426047500000001,24.5,0.0245,137.84960763406423,179.2044899242835,4,1.05,1.05,1.05,0.6166666666666666,0.2785714285714288,0.49999999999999994,-0.8660254037844387,0.7526668275320085,-0.6584015846980488
NMT0032021,106.02,9.87,0.76,2021-06-11,0.00397441,2.2,0.0022,137.84960763406423,179.2044899242835,4,0.78,0.78,0.78,0.19666666666666652,-0.03285714285714259,1.2246467991473532e-16,-1.0,0.3456123126707335,-0.9383773917408641
NMT0032021,106.02,9.87,0.76,2021-06-24,0.02782087,15.4,0.0154,137.84960763406423,179.2044899242835,4,0.43,0.43,0.43,0.1466666666666665,-0.08285714285714262,1.2246467991473532e-16,-1.0,0.12874817745258132,-0.99167731989929
NMT0032021,106.02,9.87,0.76,2021-07-08,0.050041435,27.7,0.0277,137.84960763406423,179.2044899242835,4,0.30000000000000004,0.30000000000000004,0.30000000000000004,0.026666666666666516,0.09428571428571454,-0.4999999999999997,-0.8660254037844388,-0.11165900712169444,-0.9937465804361781
NMT0042021,106.21,10.0,0.76,2021-01-27,1.0405728,576.0,0.576,143.1074295170211,186.03965837212743,4,0.48,0.48,0.48,0.43666666666666654,0.7014285714285716,0.49999999999999994,0.8660254037844387,0.4482293417404106,0.893918596519257
NMT0042021,106.21,10.0,0.76,2021-02-16,0.02348515,13.0,0.013,143.1074295170211,186.03965837212743,4,1.35,1.35,1.35,1.133333333333333,0.7414285714285717,0.8660254037844386,0.5000000000000001,0.7236440382959124,0.6901733882429719
NMT0042021,106.21,10.0,0.76,2021-02-26,0.2059467,114.0,0.114,143.1074295170211,186.03965837212743,4,0.29,0.29,0.29,0.17666666666666653,0.2700000000000002,0.8660254037844386,0.5000000000000001,0.8311706263658079,0.5560174366570446
NMT0042021,106.21,10.0,0.73,2021-03-14,0.1698157,94.0,0.094,143.1074295170211,186.03965837212743,4,0.74,0.74,0.74,0.21999999999999986,0.10857142857142876,1.0,6.123233995736766e-17,0.9510565162951535,0.30901699437494745
NMT0042021,106.21,10.0,0.73,2021-03-29,0.169996355,94.1,0.09409999999999999,143.1074295170211,186.03965837212743,4,0.5700000000000001,0.5700000000000001,0.5700000000000001,0.20333333333333317,-0.01714285714285696,1.0,6.123233995736766e-17,0.9984354211555643,0.055916990100603484
NMT0042021,106.21,10.0,0.73,2021-04-11,0.00180655,1.0,0.001,143.1074295170211,186.03965837212743,4,0.30000000000000004,0.30000000000000004,0.30000000000000004,-0.05000000000000008,-0.022857142857142663,0.8660254037844387,-0.4999999999999998,0.9859481499638304,-0.16705162550211924
NMT0042021,106.21,10.0,0.73,2021-04-27,0.28724145,159.0,0.159,143.1074295170211,186.03965837212743,4,0.17,0.17,0.17,-0.17333333333333342,-0.17857142857142835,0.8660254037844387,-0.4999999999999998,0.9033558023246845,-0.4288919379124835
NMT0042021,106.21,10.0,0.73,2021-05-13,0.09863763,54.6,0.0546,143.1074295170211,186.03965837212743,4,1.05,1.05,1.05,0.6166666666666666,0.2785714285714288,0.49999999999999994,-0.8660254037844387,0.7526668275320085,-0.6584015846980488
NMT0042021,106.21,10.0,0.73,2021-05-26,0.07045545,39.0,0.039,143.1074295170211,186.03965837212743,4,0.07,0.07,0.07,-0.1966666666666668,-0.21714285714285692,0.49999999999999994,-0.8660254037844387,0.5877852522924732,-0.8090169943749473
NMT0042021,106.21,10.0,0.73,2021-06-11,0.056003050000000006,31.0,0.031,143.1074295170211,186.03965837212743,4,0.78,0.78,0.78,0.19666666666666652,-0.03285714285714259,1.2246467991473532e-16,-1.0,0.3456123126707335,-0.9383773917408641
NMT0042021,106.21,10.0,0.73,2021-06-24,0.03866017,21.4,0.0214,143.1074295170211,186.03965837212743,4,0.43,0.43,0.43,0.1466666666666665,-0.08285714285714262,1.2246467991473532e-16,-1.0,0.12874817745258132,-0.99167731989929
NMT0042021,106.21,10.0,0.73,2021-07-08,0.04155065,23.0,0.023,143.1074295170211,186.03965837212743,4,0.30000000000000004,0.30000000000000004,0.30000000000000004,0.026666666666666516,0.09428571428571454,-0.4999999999999997,-0.8660254037844388,-0.11165900712169444,-0.9937465804361781
NMT0052021,106.14,9.92,0.73,2021-01-27,0.22220565,123.0,0.123,143.07284384048816,185.99469699263463,4,0.48,0.48,0.48,0.43666666666666654,0.7014285714285716,0.49999999999999994,0.8660254037844387,0.4482293417404106,0.893918596519257
NMT0052021,106.14,9.92,0.73,2021-02-16,0.17577731500000002,97.3,0.0973,143.07284384048816,185.99469699263463,4,1.35,1.35,1.35,1.133333333333333,0.7414285714285717,0.8660254037844386,0.5000000000000001,0.7236440382959124,0.6901733882429719
NMT0052021,106.14,9.92,0.73,2021-02-26,0.17776452,98.4,0.0984,143.07284384048816,185.99469699263463,4,0.29,0.29,0.29,0.17666666666666653,0.2700000000000002,0.8660254037844386,0.5000000000000001,0.8311706263658079,0.5560174366570446
NMT0052021,106.14,9.92,0.68,2021-03-14,0.33782485,187.0,0.187,143.07284384048816,185.99469699263463,4,0.74,0.74,0.74,0.21999999999999986,0.10857142857142876,1.0,6.123233995736766e-17,0.9510565162951535,0.30901699437494745
NMT0052021,106.14,9.92,0.68,2021-03-29,0.13693649,75.8,0.07579999999999999,143.07284384048816,185.99469699263463,4,0.5700000000000001,0.5700000000000001,0.5700000000000001,0.20333333333333317,-0.01714285714285696,1.0,6.123233995736766e-17,0.9984354211555643,0.055916990100603484
NMT0052021,106.14,9.92,0.68,2021-04-11,0.0023123840000000002,1.28,0.00128,143.07284384048816,185.99469699263463,4,0.30000000000000004,0.30000000000000004,0.30000000000000004,-0.05000000000000008,-0.022857142857142663,0.8660254037844387,-0.4999999999999998,0.9859481499638304,-0.16705162550211924
NMT0052021,106.14,9.92,0.68,2021-04-27,0.05979680500000001,33.1,0.033100000000000004,143.07284384048816,185.99469699263463,4,0.17,0.17,0.17,-0.17333333333333342,-0.17857142857142835,0.8660254037844387,-0.4999999999999998,0.9033558023246845,-0.4288919379124835
NMT0052021,106.14,9.92,0.68,2021-05-13,0.3396314,188.0,0.188,143.07284384048816,185.99469699263463,4,1.05,1.05,1.05,0.6166666666666666,0.2785714285714288,0.49999999999999994,-0.8660254037844387,0.7526668275320085,-0.6584015846980488
NMT0052021,106.14,9.92,0.68,2021-05-26,0.39021480000000003,216.0,0.216,143.07284384048816,185.99469699263463,4,0.07,0.07,0.07,-0.1966666666666668,-0.21714285714285692,0.49999999999999994,-0.8660254037844387,0.5877852522924732,-0.8090169943749473
NMT0052021,106.14,9.92,0.68,2021-06-11,0.16837046000000003,93.2,0.0932,143.07284384048816,185.99469699263463,4,0.78,0.78,0.78,0.19666666666666652,-0.03285714285714259,1.2246467991473532e-16,-1.0,0.3456123126707335,-0.9383773917408641
NMT0052021,106.14,9.92,0.68,2021-06-24,0.106767105,59.1,0.0591,143.07284384048816,185.99469699263463,4,0.43,0.43,0.43,0.1466666666666665,-0.08285714285714262,1.2246467991473532e-16,-1.0,0.12874817745258132,-0.99167731989929
NMT0052021,106.14,9.92,0.68,2021-07-08,0.20414015000000002,113.0,0.113,143.07284384048816,185.99469699263463,4,0.30000000000000004,0.30000000000000004,0.30000000000000004,0.026666666666666516,0.09428571428571454,-0.4999999999999997,-0.8660254037844388,-0.11165900712169444,-0.9937465804361781
NMT0062021,106.31,9.99,0.68,2021-01-27,0.49860780000000005,276.0,0.276,152.51002034535165,198.26302644895716,4,0.48,0.48,0.48,0.43666666666666654,0.7014285714285716,0.49999999999999994,0.8660254037844387,0.4482293417404106,0.893918596519257
NMT0062021,106.31,9.99,0.68,2021-02-16,0.70636105,391.0,0.391,152.51002034535165,198.26302644895716,4,1.35,1.35,1.35,1.133333333333333,0.7414285714285717,0.8660254037844386,0.5000000000000001,0.7236440382959124,0.6901733882429719
NMT0062021,106.31,9.99,0.68,2021-02-26,0.49860780000000005,276.0,0.276,152.51002034535165,198.26302644895716,4,0.29,0.29,0.29,0.17666666666666653,0.2700000000000002,0.8660254037844386,0.5000000000000001,0.8311706263658079,0.5560174366570446
NMT0062021,106.31,9.99,1.15,2021-03-14,0.56906325,315.0,0.315,152.51002034535165,198.26302644895716,4,0.74,0.74,0.74,0.21999999999999986,0.10857142857142876,1.0,6.123233995736766e-17,0.9510565162951535,0.30901699437494745
NMT0062021,106.31,9.99,1.15,2021-03-29,0.40286065000000004,223.0,0.223,152.51002034535165,198.26302644895716,4,0.5700000000000001,0.5700000000000001,0.5700000000000001,0.20333333333333317,-0.01714285714285696,1.0,6.123233995736766e-17,0.9984354211555643,0.055916990100603484
NMT0062021,106.31,9.99,1.15,2021-04-11,0.45886370000000004,254.0,0.254,152.51002034535165,198.26302644895716,4,0.30000000000000004,0.30000000000000004,0.30000000000000004,-0.05000000000000008,-0.022857142857142663,0.8660254037844387,-0.4999999999999998,0.9859481499638304,-0.16705162550211924
NMT0062021,106.31,9.99,1.15,2021-04-27,0.47512265000000004,263.0,0.263,152.51002034535165,198.26302644895716,4,0.17,0.17,0.17,-0.17333333333333342,-0.17857142857142835,0.8660254037844387,-0.4999999999999998,0.9033558023246845,-0.4288919379124835
NMT0062021,106.31,9.99,1.15,2021-05-13,0.53293225,295.0,0.295,152.51002034535165,198.26302644895716,4,1.05,1.05,1.05,0.6166666666666666,0.2785714285714288,0.49999999999999994,-0.8660254037844387,0.7526668275320085,-0.6584015846980488
NMT0062021,106.31,9.99,1.15,2021-05-26,0.5762894500000001,319.0,0.319,152.51002034535165,198.26302644895716,4,0.07,0.07,0.07,-0.1966666666666668,-0.21714285714285692,0.49999999999999994,-0.8660254037844387,0.5877852522924732,-0.8090169943749473
NMT0062021,106.31,9.99,1.15,2021-06-11,0.5853222,324.0,0.324,152.51002034535165,198.26302644895716,4,0.78,0.78,0.78,0.19666666666666652,-0.03285714285714259,1.2246467991473532e-16,-1.0,0.3456123126707335,-0.9383773917408641
NMT0062021,106.31,9.99,1.15,2021-06-24,0.030169385,16.7,0.0167,152.51002034535165,198.26302644895716,4,0.43,0.43,0.43,0.1466666666666665,-0.08285714285714262,1.2246467991473532e-16,-1.0,0.12874817745258132,-0.99167731989929
NMT0062021,106.31,9.99,1.15,2021-07-08,0.28724145,159.0,0.159,152.51002034535165,198.26302644895716,4,0.30000000000000004,0.30000000000000004,0.30000000000000004,0.026666666666666516,0.09428571428571454,-0.4999999999999997,-0.8660254037844388,-0.11165900712169444,-0.9937465804361781
NMT0072021,106.28,9.81,1.15,2021-01-27,0.4444113,246.0,0.246,162.6398660424456,211.43182585517928,4,0.48,0.48,0.48,0.43666666666666654,0.7014285714285716,0.49999999999999994,0.8660254037844387,0.4482293417404106,0.893918596519257
NMT0072021,106.28,9.81,1.15,2021-02-16,0.5871287500000001,325.0,0.325,162.6398660424456,211.43182585517928,4,1.35,1.35,1.35,1.133333333333333,0.7414285714285717,0.8660254037844386,0.5000000000000001,0.7236440382959124,0.6901733882429719
NMT0072021,106.28,9.81,1.15,2021-02-26,0.49499470000000007,274.0,0.274,162.6398660424456,211.43182585517928,4,0.29,0.29,0.29,0.17666666666666653,0.2700000000000002,0.8660254037844386,0.5000000000000001,0.8311706263658079,0.5560174366570446
NMT0072021,106.28,9.81,0.91,2021-03-14,0.50402745,279.0,0.279,162.6398660424456,211.43182585517928,4,0.74,0.74,0.74,0.21999999999999986,0.10857142857142876,1.0,6.123233995736766e-17,0.9510565162951535,0.30901699437494745
NMT0072021,106.28,9.81,0.91,2021-03-29,0.47512265000000004,263.0,0.263,162.6398660424456,211.43182585517928,4,0.5700000000000001,0.5700000000000001,0.5700000000000001,0.20333333333333317,-0.01714285714285696,1.0,6.123233995736766e-17,0.9984354211555643,0.055916990100603484
NMT0072021,106.28,9.81,0.91,2021-04-11,0.5094470999999999,282.0,0.282,162.6398660424456,211.43182585517928,4,0.30000000000000004,0.30000000000000004,0.30000000000000004,-0.05000000000000008,-0.022857142857142663,0.8660254037844387,-0.4999999999999998,0.9859481499638304,-0.16705162550211924
NMT0072021,106.28,9.81,0.91,2021-04-27,0.49499470000000007,274.0,0.274,162.6398660424456,211.43182585517928,4,0.17,0.17,0.17,-0.17333333333333342,-0.17857142857142835,0.8660254037844387,-0.4999999999999998,0.9033558023246845,-0.4288919379124835
NMT0072021,106.28,9.81,0.91,2021-05-13,0.63771215,353.0,0.353,162.6398660424456,211.43182585517928,4,1.05,1.05,1.05,0.6166666666666666,0.2785714285714288,0.49999999999999994,-0.8660254037844387,0.7526668275320085,-0.6584015846980488
NMT0072021,106.28,9.81,0.91,2021-05-26,0.5726763500000001,317.0,0.317,162.6398660424456,211.43182585517928,4,0.07,0.07,0.07,-0.1966666666666668,-0.21714285714285692,0.49999999999999994,-0.8660254037844387,0.5877852522924732,-0.8090169943749473
NMT0072021,106.28,9.81,0.91,2021-06-11,0.54015845,299.0,0.299,162.6398660424456,211.43182585517928,4,0.78,0.78,0.78,0.19666666666666652,-0.03285714285714259,1.2246467991473532e-16,-1.0,0.3456123126707335,-0.9383773917408641
NMT0072021,106.28,9.81,0.91,2021-06-24,0.009755370000000001,5.4,0.0054,162.6398660424456,211.43182585517928,4,0.43,0.43,0.43,0.1466666666666665,-0.08285714285714262,1.2246467991473532e-16,-1.0,0.12874817745258132,-0.99167731989929
NMT0072021,106.28,9.81,0.91,2021-07-08,0.24207770000000003,134.0,0.134,162.6398660424456,211.43182585517928,4,0.30000000000000004,0.30000000000000004,0.30000000000000004,0.026666666666666516,0.09428571428571454,-0.4999999999999997,-0.8660254037844388,-0.11165900712169444,-0.9937465804361781
NMT0082021,106.15,9.76,0.91,2021-01-27,0.9773435500000002,541.0,0.541,156.47575709080203,203.41848421804266,4,0.48,0.48,0.48,0.43666666666666654,0.7014285714285716,0.49999999999999994,0.8660254037844387,0.4482293417404106,0.893918596519257
NMT0082021,106.15,9.76,0.91,2021-02-16,0.0469703,26.0,0.026,156.47575709080203,203.41848421804266,4,1.35,1.35,1.35,1.133333333333333,0.7414285714285717,0.8660254037844386,0.5000000000000001,0.7236440382959124,0.6901733882429719
NMT0082021,106.15,9.76,0.91,2021-02-26,0.49860780000000005,276.0,0.276,156.47575709080203,203.41848421804266,4,0.29,0.29,0.29,0.17666666666666653,0.2700000000000002,0.8660254037844386,0.5000000000000001,0.8311706263658079,0.5560174366570446
NMT0082021,106.15,9.76,1.13,2021-03-14,0.8111409500000001,449.0,0.449,156.47575709080203,203.41848421804266,4,0.74,0.74,0.74,0.21999999999999986,0.10857142857142876,1.0,6.123233995736766e-17,0.9510565162951535,0.30901699437494745
NMT0082021,106.15,9.76,1.13,2021-03-29,0.64132525,355.0,0.355,156.47575709080203,203.41848421804266,4,0.5700000000000001,0.5700000000000001,0.5700000000000001,0.20333333333333317,-0.01714285714285696,1.0,6.123233995736766e-17,0.9984354211555643,0.055916990100603484
NMT0082021,106.15,9.76,1.13,2021-04-11,0.57990255,321.0,0.321,156.47575709080203,203.41848421804266,4,0.30000000000000004,0.30000000000000004,0.30000000000000004,-0.05000000000000008,-0.022857142857142663,0.8660254037844387,-0.4999999999999998,0.9859481499638304,-0.16705162550211924
NMT0082021,106.15,9.76,1.13,2021-04-27,0.04155065,23.0,0.023,156.47575709080203,203.41848421804266,4,0.17,0.17,0.17,-0.17333333333333342,-0.17857142857142835,0.8660254037844387,-0.4999999999999998,0.9033558023246845,-0.4288919379124835
NMT0082021,106.15,9.76,1.13,2021-05-13,0.030711350000000005,17.0,0.017,156.47575709080203,203.41848421804266,4,1.05,1.05,1.05,0.6166666666666666,0.2785714285714288,0.49999999999999994,-0.8660254037844387,0.7526668275320085,-0.6584015846980488
NMT0082021,106.15,9.76,1.13,2021-05-26,0.15951836500000002,88.3,0.0883,156.47575709080203,203.41848421804266,4,0.07,0.07,0.07,-0.1966666666666668,-0.21714285714285692,0.49999999999999994,-0.8660254037844387,0.5877852522924732,-0.8090169943749473
NMT0082021,106.15,9.76,1.13,2021-06-11,0.07768165,43.0,0.043,156.47575709080203,203.41848421804266,4,0.78,0.78,0.78,0.19666666666666652,-0.03285714285714259,1.2246467991473532e-16,-1.0,0.3456123126707335,-0.9383773917408641
NMT0082021,106.15,9.76,1.13,2021-06-24,0.02782087,15.4,0.0154,156.47575709080203,203.41848421804266,4,0.43,0.43,0.43,0.1466666666666665,-0.08285714285714262,1.2246467991473532e-16,-1.0,0.12874817745258132,-0.99167731989929
NMT0082021,106.15,9.76,1.13,2021-07-08,0.70274795,389.0,0.389,156.47575709080203,203.41848421804266,4,0.30000000000000004,0.30000000000000004,0.30000000000000004,0.026666666666666516,0.09428571428571454,-0.4999999999999997,-0.8660254037844388,-0.11165900712169444,-0.9937465804361781
NMT0092021,106.26,9.7,1.13,2021-01-27,2.1967648,1216.0,1.216,169.59980943347134,220.47975226351275,4,0.48,0.48,0.48,0.43666666666666654,0.7014285714285716,0.49999999999999994,0.8660254037844387,0.4482293417404106,0.893918596519257
NMT0092021,106.26,9.7,1.13,2021-02-16,0.9231470500000001,511.0,0.511,169.59980943347134,220.47975226351275,4,1.35,1.35,1.35,1.133333333333333,0.7414285714285717,0.8660254037844386,0.5000000000000001,0.7236440382959124,0.6901733882429719
NMT0092021,106.26,9.7,1.13,2021-02-26,0.8888226,492.0,0.492,169.59980943347134,220.47975226351275,4,0.29,0.29,0.29,0.17666666666666653,0.2700000000000002,0.8660254037844386,0.5000000000000001,0.8311706263658079,0.5560174366570446
NMT0092021,106.26,9.7,0.47,2021-03-14,0.1300716,72.0,0.072,169.59980943347134,220.47975226351275,4,0.74,0.74,0.74,0.21999999999999986,0.10857142857142876,1.0,6.123233995736766e-17,0.9510565162951535,0.30901699437494745
NMT0092021,106.26,9.7,0.47,2021-03-29,1.0496055499999999,581.0,0.581,169.59980943347134,220.47975226351275,4,0.5700000000000001,0.5700000000000001,0.5700000000000001,0.20333333333333317,-0.01714285714285696,1.0,6.123233995736766e-17,0.9984354211555643,0.055916990100603484
NMT0092021,106.26,9.7,0.47,2021-04-11,0.87256365,483.0,0.483,169.59980943347134,220.47975226351275,4,0.30000000000000004,0.30000000000000004,0.30000000000000004,-0.05000000000000008,-0.022857142857142663,0.8660254037844387,-0.4999999999999998,0.9859481499638304,-0.16705162550211924
NMT0092021,106.26,9.7,0.47,2021-04-27,0.52931915,293.0,0.293,169.59980943347134,220.47975226351275,4,0.17,0.17,0.17,-0.17333333333333342,-0.17857142857142835,0.8660254037844387,-0.4999999999999998,0.9033558023246845,-0.4288919379124835
NMT0092021,106.26,9.7,0.47,2021-05-13,0.08671440000000001,48.0,0.048,169.59980943347134,220.47975226351275,4,1.05,1.05,1.05,0.6166666666666666,0.2785714285714288,0.49999999999999994,-0.8660254037844387,0.7526668275320085,-0.6584015846980488
NMT0092021,106.26,9.7,0.47,2021-05-26,0.9610846000000001,532.0,0.532,169.59980943347134,220.47975226351275,4,0.07,0.07,0.07,-0.1966666666666668,-0.21714285714285692,0.49999999999999994,-0.8660254037844387,0.5877852522924732,-0.8090169943749473
NMT0092021,106.26,9.7,0.47,2021-06-11,0.6359056,352.0,0.352,169.59980943347134,220.47975226351275,4,0.78,0.78,0.78,0.19666666666666652,-0.03285714285714259,1.2246467991473532e-16,-1.0,0.3456123126707335,-0.9383773917408641
NMT0092021,106.26,9.7,0.47,2021-06-24,0.39021480000000003,216.0,0.216,169.59980943347134,220.47975226351275,4,0.43,0.43,0.43,0.1466666666666665,-0.08285714285714262,1.2246467991473532e-16,-1.0,0.12874817745258132,-0.99167731989929
NMT0092021,106.26,9.7,0.47,2021-07-08,0.47150955000000006,261.0,0.261,169.59980943347134,220.47975226351275,4,0.30000000000000004,0.30000000000000004,0.30000000000000004,0.026666666666666516,0.09428571428571454,-0.4999999999999997,-0.8660254037844388,-0.11165900712169444,-0.9937465804361781
NMT0102021,106.38,9.66,0.47,2021-01-27,1.02431385,567.0,0.567,182.04928541273546,236.6640710365561,5,0.44,0.44,0.44,0.48333333333333317,0.8600000000000002,0.49999999999999994,0.8660254037844387,0.4482293417404106,0.893918596519257
NMT0102021,106.38,9.66,0.47,2021-02-16,0.84004575,465.0,0.465,182.04928541273546,236.6640710365561,5,1.3,1.3,1.3,0.9166666666666665,0.6000000000000002,0.8660254037844386,0.5000000000000001,0.7236440382959124,0.6901733882429719
NMT0102021,106.38,9.66,0.47,2021-02-26,0.94121255,521.0,0.521,182.04928541273546,236.6640710365561,5,0.23,0.23,0.23,0.14999999999999983,0.3914285714285716,0.8660254037844386,0.5000000000000001,0.8311706263658079,0.5560174366570446
NMT0102021,106.38,9.66,1.66,2021-03-14,1.0080549,558.0,0.558,182.04928541273546,236.6640710365561,5,0.46,0.46,0.46,0.05666666666666651,0.1257142857142859,1.0,6.123233995736766e-17,0.9510565162951535,0.30901699437494745
NMT0102021,106.38,9.66,1.66,2021-03-29,0.8237868,456.0,0.456,182.04928541273546,236.6640710365561,5,0.43,0.43,0.43,-0.006666666666666821,-0.041428571428571245,1.0,6.123233995736766e-17,0.9984354211555643,0.055916990100603484
NMT0102021,106.38,9.66,1.66,2021-04-11,0.6756497,374.0,0.374,182.04928541273546,236.6640710365561,5,0.15,0.15,0.15,-0.18333333333333343,0.09285714285714305,0.8660254037844387,-0.4999999999999998,0.9859481499638304,-0.16705162550211924
NMT0102021,106.38,9.66,1.66,2021-04-27,0.7009414,388.0,0.388,182.04928541273546,236.6640710365561,5,-0.08,-0.08,-0.08,-0.2333333333333334,-0.12857142857142834,0.8660254037844387,-0.4999999999999998,0.9033558023246845,-0.4288919379124835
NMT0102021,106.38,9.66,1.66,2021-05-13,0.8996619,498.0,0.498,182.04928541273546,236.6640710365561,5,1.09,1.09,1.09,0.2966666666666665,0.10714285714285736,0.49999999999999994,-0.8660254037844387,0.7526668275320085,-0.6584015846980488
NMT0102021,106.38,9.66,1.66,2021-05-26,0.12826505,71.0,0.071,182.04928541273546,236.6640710365561,5,-0.12,-0.12,-0.12,-0.25000000000000017,-0.1642857142857141,0.49999999999999994,-0.8660254037844387,0.5877852522924732,-0.8090169943749473
NMT0102021,106.38,9.66,1.66,2021-06-11,0.6033877000000001,334.0,0.334,182.04928541273546,236.6640710365561,5,0.49,0.49,0.49,-0.02666666666666682,-0.12142857142857119,1.2246467991473532e-16,-1.0,0.3456123126707335,-0.9383773917408641
NMT0102021,106.38,9.66,1.66,2021-06-24,0.0794882,44.0,0.044,182.04928541273546,236.6640710365561,5,0.24,0.24,0.24,0.009999999999999842,-0.1171428571428569,1.2246467991473532e-16,-1.0,0.12874817745258132,-0.99167731989929
NMT0102021,106.38,9.66,1.66,2021-07-08,0.6575842000000001,364.0,0.364,182.04928541273546,236.6640710365561,5,0.06,0.06,0.06,0.01999999999999985,0.1814285714285717,-0.4999999999999997,-0.8660254037844388,-0.11165900712169444,-0.9937465804361781
NMT0112021,105.42,9.79,0.79,2021-01-27,0.24569080000000004,136.0,0.136,114.76915809854594,149.19990552810972,3,0.75,0.75,0.75,0.4533333333333332,0.5814285714285716,0.49999999999999994,0.8660254037844387,0.4482293417404106,0.893918596519257
NMT0112021,105.42,9.79,0.79,2021-02-16,0.84004575,465.0,0.465,114.76915809854594,149.19990552810972,3,1.32,1.32,1.32,1.2733333333333332,0.8914285714285717,0.8660254037844386,0.5000000000000001,0.7236440382959124,0.6901733882429719
NMT0112021,105.42,9.79,0.79,2021-02-26,0.88340295,489.0,0.489,114.76915809854594,149.19990552810972,3,0.4,0.4,0.4,0.24333333333333318,0.2100000000000002,0.8660254037844386,0.5000000000000001,0.8311706263658079,0.5560174366570446
NMT0112021,105.42,9.79,0.79,2021-03-14,0.1300716,72.0,0.072,114.76915809854594,149.19990552810972,3,1.02,1.02,1.02,0.4633333333333332,0.17857142857142877,1.0,6.123233995736766e-17,0.9510565162951535,0.30901699437494745
NMT0112021,105.42,9.79,0.79,2021-03-29,1.0026352500000002,555.0,0.555,114.76915809854594,149.19990552810972,3,0.93,0.93,0.93,0.41333333333333316,0.08428571428571449,1.0,6.123233995736766e-17,0.9984354211555643,0.055916990100603484
NMT0112021,105.42,9.79,0.79,2021-04-11,0.09574715,53.0,0.053,114.76915809854594,149.19990552810972,3,0.52,0.52,0.52,0.11333333333333327,-0.05857142857142837,0.8660254037844387,-0.4999999999999998,0.9859481499638304,-0.16705162550211924
NMT0112021,105.42,9.79,0.79,2021-04-27,0.7479117,414.0,0.414,114.76915809854594,149.19990552810972,3,0.48,0.48,0.48,-0.0333333333333334,-0.14285714285714263,0.8660254037844387,-0.4999999999999998,0.9033558023246845,-0.4288919379124835
NMT0112021,105.42,9.79,0.79,2021-05-13,1.0152811000000002,562.0,0.562,114.76915809854594,149.19990552810972,3,1.04,1.04,1.04,0.8766666666666666,0.43571428571428594,0.49999999999999994,-0.8660254037844387,0.7526668275320085,-0.6584015846980488
NMT0112021,105.42,9.79,0.79,2021-05-26,1.47233825,815.0,0.815,114.76915809854594,149.19990552810972,3,0.35000000000000003,0.35000000000000003,0.35000000000000003,-0.09000000000000015,-0.2014285714285712,0.49999999999999994,-0.8660254037844387,0.5877852522924732,-0.8090169943749473
NMT0112021,105.42,9.79,0.79,2021-06-11,0.09574715,53.0,0.053,114.76915809854594,149.19990552810972,3,0.78,0.78,0.78,0.48333333333333317,0.10857142857142883,1.2246467991473532e-16,-1.0,0.3456123126707335,-0.9383773917408641
NMT0112021,105.42,9.79,0.79,2021-06-24,0.9845697500000001,545.0,0.545,114.76915809854594,149.19990552810972,3,0.75,0.75,0.75,0.2733333333333332,0.007142857142857387,1.2246467991473532e-16,-1.0,0.12874817745258132,-0.99167731989929
NMT0112021,105.42,9.79,1.0,2021-07-08,0.9954090500000001,551.0,0.551,114.76915809854594,149.19990552810972,3,0.6000000000000001,0.6000000000000001,0.6000000000000001,0.1266666666666665,0.08857142857142884,-0.4999999999999997,-0.8660254037844388,-0.11165900712169444,-0.9937465804361781
NMT0122021,105.92,9.96,1.0,2021-01-27,0.0831013,46.0,0.046,123.10112131233551,160.03145770603618,3,0.75,0.75,0.75,0.4533333333333332,0.5814285714285716,0.49999999999999994,0.8660254037844387,0.4482293417404106,0.893918596519257
NMT0122021,105.92,9.96,1.0,2021-02-26,0.25111045000000004,139.0,0.139,123.10112131233551,160.03145770603618,3,0.4,0.4,0.4,0.24333333333333318,0.2100000000000002,0.8660254037844386,0.5000000000000001,0.8311706263658079,0.5560174366570446
NMT0122021,105.92,9.96,1.0,2021-03-29,0.04191196,23.2,0.0232,123.10112131233551,160.03145770603618,3,0.93,0.93,0.93,0.41333333333333316,0.08428571428571449,1.0,6.123233995736766e-17,0.9984354211555643,0.055916990100603484
NMT0122021,105.92,9.96,1.0,2021-04-27,0.035589035,19.7,0.0197,123.10112131233551,160.03145770603618,3,0.48,0.48,0.48,-0.0333333333333334,-0.14285714285714263,0.8660254037844387,-0.4999999999999998,0.9033558023246845,-0.4288919379124835
NMT0122021,105.92,9.96,1.0,2021-05-13,0.047512265000000005,26.3,0.0263,123.10112131233551,160.03145770603618,3,1.04,1.04,1.04,0.8766666666666666,0.43571428571428594,0.49999999999999994,-0.8660254037844387,0.7526668275320085,-0.6584015846980488
NMT0122021,105.92,9.96,1.0,2021-05-26,0.04480244,24.8,0.0248,123.10112131233551,160.03145770603618,3,0.35000000000000003,0.35000000000000003,0.35000000000000003,-0.09000000000000015,-0.2014285714285712,0.49999999999999994,-0.8660254037844387,0.5877852522924732,-0.8090169943749473
NMT0122021,105.92,9.96,1.0,2021-06-11,0.039021480000000004,21.6,0.0216,123.10112131233551,160.03145770603618,3,0.78,0.78,0.78,0.48333333333333317,0.10857142857142883,1.2246467991473532e-16,-1.0,0.3456123126707335,-0.9383773917408641
NMT0122021,105.92,9.96,1.0,2021-06-24,0.021317290000000003,11.8,0.011800000000000001,123.10112131233551,160.03145770603618,3,0.75,0.75,0.75,0.2733333333333332,0.007142857142857387,1.2246467991473532e-16,-1.0,0.12874817745258132,-0.99167731989929
NMT0122021,105.92,9.96,1.0,2021-07-08,0.030530695,16.9,0.0169,123.10112131233551,160.03145770603618,3,0.6000000000000001,0.6000000000000001,0.6000000000000001,0.1266666666666665,0.08857142857142884,-0.4999999999999997,-0.8660254037844388,-0.11165900712169444,-0.9937465804361781
NMT0132021,106.17,10.16,1.0,2021-01-27,0.49318815000000005,273.0,0.273,129.14843742257642,167.89296864934934,3,0.75,0.75,0.75,0.4533333333333332,0.5814285714285716,0.49999999999999994,0.8660254037844387,0.4482293417404106,0.893918596519257
NMT0132021,106.17,10.16,1.0,2021-02-16,0.026736940000000004,14.8,0.0148,129.14843742257642,167.89296864934934,3,1.32,1.32,1.32,1.2733333333333332,0.8914285714285717,0.8660254037844386,0.5000000000000001,0.7236440382959124,0.6901733882429719
NMT0132021,106.17,10.16,0.97,2021-02-26,0.25472354999999997,141.0,0.141,129.14843742257642,167.89296864934934,3,0.4,0.4,0.4,0.24333333333333318,0.2100000000000002,0.8660254037844386,0.5000000000000001,0.8311706263658079,0.5560174366570446
NMT0132021,106.17,10.16,0.97,2021-03-14,0.043899165000000004,24.3,0.024300000000000002,129.14843742257642,167.89296864934934,3,1.02,1.02,1.02,0.4633333333333332,0.17857142857142877,1.0,6.123233995736766e-17,0.9510565162951535,0.30901699437494745
NMT0132021,106.17,10.16,0.97,2021-03-29,0.041189340000000005,22.8,0.0228,129.14843742257642,167.89296864934934,3,0.93,0.93,0.93,0.41333333333333316,0.08428571428571449,1.0,6.123233995736766e-17,0.9984354211555643,0.055916990100603484
NMT0132021,106.17,10.16,0.97,2021-04-27,0.6901021,382.0,0.382,129.14843742257642,167.89296864934934,3,0.48,0.48,0.48,-0.0333333333333334,-0.14285714285714263,0.8660254037844387,-0.4999999999999998,0.9033558023246845,-0.4288919379124835
NMT0132021,106.17,10.16,0.97,2021-05-13,0.04913816,27.2,0.0272,129.14843742257642,167.89296864934934,3,1.04,1.04,1.04,0.8766666666666666,0.43571428571428594,0.49999999999999994,-0.8660254037844387,0.7526668275320085,-0.6584015846980488
NMT0132021,106.17,10.16,0.97,2021-05-26,0.04407982,24.4,0.024399999999999998,129.14843742257642,167.89296864934934,3,0.35000000000000003,0.35000000000000003,0.35000000000000003,-0.09000000000000015,-0.2014285714285712,0.49999999999999994,-0.8660254037844387,0.5877852522924732,-0.8090169943749473
NMT0132021,106.17,10.16,0.97,2021-06-11,0.038479515,21.3,0.0213,129.14843742257642,167.89296864934934,3,0.78,0.78,0.78,0.48333333333333317,0.10857142857142883,1.2246467991473532e-16,-1.0,0.3456123126707335,-0.9383773917408641
NMT0132021,106.17,10.16,0.97,2021-06-24,0.025111045000000002,13.9,0.013900000000000001,129.14843742257642,167.89296864934934,3,0.75,0.75,0.75,0.2733333333333332,0.007142857142857387,1.2246467991473532e-16,-1.0,0.12874817745258132,-0.99167731989929
NMT0132021,106.17,10.16,0.97,2021-07-08,0.0036131,2.0,0.002,129.14843742257642,167.89296864934934,3,0.6000000000000001,0.6000000000000001,0.6000000000000001,0.1266666666666665,0.08857142857142884,-0.4999999999999997,-0.8660254037844388,-0.11165900712169444,-0.9937465804361781
QLPH012016,105.68,9.3,0.66,2016-02-29,3.6,1949.0,1.949,174.98393064773836,227.47910984205987,5,0.635,0.635,0.635,0.4983333333333333,0.4257142857142858,0.8660254037844386,0.5000000000000001,0.8587639582758029,0.5123714121284237
QLPH012016,105.68,9.3,0.66,2016-03-15,4.6,271.29,0.27129000000000003,174.98393064773836,227.47910984205987,5,0.67,0.67,0.67,0.8700000000000001,0.7628571428571428,1.0,6.123233995736766e-17,0.9611297838723007,0.27609697309746883
QLPH012016,105.68,9.3,0.66,2016-04-02,5.4,3261.4,3.2614,174.98393064773836,227.47910984205987,5,0.43,0.43,0.43,0.4566666666666666,0.5700000000000001,0.8660254037844387,-0.4999999999999998,0.9995462806873573,-0.030120304846908114
QLPH012016,105.68,9.3,0.66,2016-04-15,5.1,3819.0,3.819,174.98393064773836,227.47910984205987,5,0.12,0.12,0.12,0.8066666666666666,0.7828571428571429,0.8660254037844387,-0.4999999999999998,0.9679377830240642,-0.25119006388481935
QLPH012016,105.68,9.3,0.66,2016-05-02,5.6,3574.0,3.574,174.98393064773836,227.47910984205987,5,-0.08,-0.08,-0.08,0.14333333333333334,0.5171428571428571,0.49999999999999994,-0.8660254037844387,0.854322169749827,-0.5197438121555155
QLPH012016,105.68,9.3,0.66,2016-05-16,3.0,1391.2,1.3912,174.98393064773836,227.47910984205987,5,-0.02,-0.02,-0.02,0.27666666666666667,0.5700000000000001,0.49999999999999994,-0.8660254037844387,0.705583610107178,-0.7086266782644596
QLPH012016,105.68,9.3,0.66,2016-06-02,2.2,1195.6,1.1956,174.98393064773836,227.47910984205987,5,0.02,0.02,0.02,0.03999999999999996,0.3142857142857142,1.2246467991473532e-16,-1.0,0.4711595076738638,-0.8820480249558537
QLPH012016,105.68,9.3,0.66,2016-06-15,1.2,795.4,0.7954,174.98393064773836,227.47910984205987,5,-0.02,-0.02,-0.02,0.15,0.5871428571428572,1.2246467991473532e-16,-1.0,0.26366549272800704,-0.9646141756912435
QLPH012017,105.68,9.3,0.64,2017-03-01,11.5,2552.4,2.5524,174.98393064773836,227.47910984205987,5,0.92,0.92,0.92,0.7633333333333331,0.59,1.0,6.123233995736766e-17,0.8587639582758029,0.5123714121284237
QLPH012017,105.68,9.3,0.64,2017-03-16,1.0,13.0,0.013,174.98393064773836,227.47910984205987,5,1.08,1.08,1.08,0.9666666666666665,0.6942857142857142,1.0,6.123233995736766e-17,0.9611297838723007,0.27609697309746883
QLPH012017,105.68,9.3,0.64,2017-04-01,1.9,315.2,0.3152,174.98393064773836,227.47910984205987,5,1.21,1.21,1.21,0.8733333333333332,0.6414285714285715,0.8660254037844387,-0.4999999999999998,0.9999907397361901,0.004303538296244289
QLPH012017,105.68,9.3,0.64,2017-04-15,0.7,265.4,0.26539999999999997,174.98393064773836,227.47910984205987,5,1.1,1.1,1.1,1.0833333333333333,0.8957142857142857,0.8660254037844387,-0.4999999999999998,0.9721181966290613,-0.23449138957040985
QLPH012017,105.68,9.3,0.64,2017-05-01,0.6,263.5,0.2635,174.98393064773836,227.47910984205987,5,1.07,1.07,1.07,0.9099999999999998,0.6171428571428572,0.49999999999999994,-0.8660254037844387,0.8717063187093218,-0.4900286664290592
QLPH012017,105.68,9.3,0.64,2017-05-15,2.0,32.0,0.032,174.98393064773836,227.47910984205987,5,1.11,1.11,1.11,1.0799999999999998,0.7757142857142857,0.49999999999999994,-0.8660254037844387,0.7295575540864875,-0.6839194216246106
QLPH012017,105.68,9.3,0.64,2017-06-01,0.6,112.0,0.112,174.98393064773836,227.47910984205987,5,1.08,1.08,1.08,1.3066666666666666,1.0171428571428571,1.2246467991473532e-16,-1.0,0.5012418134457758,-0.865307254363206
QLPH012017,105.68,9.3,0.64,2017-06-15,0.6,12.0,0.012,174.98393064773836,227.47910984205987,5,1.03,1.03,1.03,1.2,1.0657142857142856,1.2246467991473532e-16,-1.0,0.28023067519921585,-0.9599326896597447
QLPH012019,105.68,9.3,0.64,2019-01-01,1.0,13.46,0.013460000000000001,174.98393064773836,227.47910984205987,5,0.66,0.66,0.66,1.0099999999999998,1.2542857142857144,0.49999999999999994,0.8660254037844387,0.017213356155834685,0.9998518392091162
QLPH012019,105.68,9.3,0.64,2019-01-15,0.8,95.17,0.09517,174.98393064773836,227.47910984205987,5,1.0,1.0,1.0,1.0399999999999998,1.2871428571428574,0.49999999999999994,0.8660254037844387,0.255353295116187,0.9668478136052775
QLPH012019,105.68,9.3,0.64,2019-02-01,1.2,94.36,0.09436,174.98393064773836,227.47910984205987,5,0.62,0.62,0.62,0.7799999999999997,1.1500000000000001,0.8660254037844386,0.5000000000000001,0.5234156073655503,0.8520775211013093
QLPH012019,105.68,9.3,0.64,2019-02-19,3.6,343.81,0.34381,174.98393064773836,227.47910984205987,5,0.58,0.58,0.58,0.26333333333333303,0.29142857142857154,0.8660254037844386,0.5000000000000001,0.7583058084785624,0.6518989958787126
QLPH012019,105.68,9.3,0.64,2019-03-04,3.2,213.0,0.213,174.98393064773836,227.47910984205987,5,0.49,0.49,0.49,0.16666666666666638,0.4642857142857144,1.0,6.123233995736766e-17,0.8840675099433636,0.4673592171580022
QLPH012019,105.68,9.3,0.64,2019-03-20,3.4,222.0,0.222,174.98393064773836,227.47910984205987,5,0.46,0.46,0.46,0.1599999999999997,0.2714285714285715,1.0,6.123233995736766e-17,0.9778483415056568,0.20931464596304847
QLPH012019,105.68,9.3,0.64,2019-04-01,0.8,215.0,0.215,174.98393064773836,227.47910984205987,5,0.42,0.42,0.42,0.3099999999999998,0.7257142857142858,0.8660254037844387,-0.4999999999999998,0.9999907397361901,0.004303538296244289
QLPH012019,105.68,9.3,0.64,2019-04-15,1.6,35.0,0.035,174.98393064773836,227.47910984205987,5,-0.03,-0.03,-0.03,0.5666666666666665,0.8257142857142858,0.8660254037844387,-0.4999999999999998,0.9721181966290613,-0.23449138957040985
QLPH012019,105.68,9.3,0.64,2019-05-01,0.5,123.0,0.123,174.98393064773836,227.47910984205987,5,0.30000000000000004,0.30000000000000004,0.30000000000000004,0.2266666666666665,0.5971428571428572,0.49999999999999994,-0.8660254037844387,0.8717063187093218,-0.4900286664290592
QLPH012019,105.68,9.3,0.64,2019-05-15,1.0,156.2,0.15619999999999998,174.98393064773836,227.47910984205987,5,0.18,0.18,0.18,0.21666666666666648,0.5771428571428573,0.49999999999999994,-0.8660254037844387,0.7295575540864875,-0.6839194216246106
QLPH012020,105.68,9.3,0.64,2020-02-11,14.3,8685.25,8.68525,174.98393064773836,227.47910984205987,5,0.8300000000000001,0.8300000000000001,0.8300000000000001,0.36999999999999966,0.3542857142857144,0.8660254037844386,0.5000000000000001,0.6616346182422783,0.7498264012045686
QLPH012020,105.68,9.3,0.64,2020-02-25,2.6,2681.0,2.681,174.98393064773836,227.47910984205987,5,0.92,0.92,0.92,0.41666666666666635,0.23285714285714296,0.8660254037844386,0.5000000000000001,0.8214765533024142,0.5702422926917871
QLPH012020,105.68,9.3,0.64,2020-03-14,3.5,1861.125,1.861125,174.98393064773836,227.47910984205987,5,1.09,1.09,1.09,0.6133333333333332,0.2685714285714287,1.0,6.123233995736766e-17,0.9562348265919056,0.29260033563334836
QLPH012020,105.68,9.3,0.64,2020-03-26,3.6,234.25,0.23425,174.98393064773836,227.47910984205987,5,0.07,0.07,0.07,0.20999999999999977,0.052857142857142984,1.0,6.123233995736766e-17,0.995918996147179,0.09025161003104117
QLPH012020,105.68,9.3,0.64,2020-05-02,3.45,1878.85,1.87885,174.98393064773836,227.47910984205987,5,0.09,0.09,0.09,0.4599999999999997,0.6314285714285716,0.49999999999999994,-0.8660254037844387,0.854322169749827,-0.5197438121555155
QLPH012020,105.68,9.3,0.64,2020-05-11,3.3,3332.3,3.3323,174.98393064773836,227.47910984205987,5,0.9500000000000001,0.9500000000000001,0.9500000000000001,0.47999999999999976,0.1985714285714287,0.49999999999999994,-0.8660254037844387,0.7638886127905428,-0.6453481132295501
QLPH012020,105.68,9.3,0.64,2020-05-25,2.42,1481.81,1.4818099999999998,174.98393064773836,227.47910984205987,5,0.73,0.73,0.73,0.3333333333333331,-0.008571428571428437,0.49999999999999994,-0.8660254037844387,0.5877852522924732,-0.8090169943749473
QLPH012020,105.68,9.3,0.64,2020-06-09,2.4,141.91,0.14191,174.98393064773836,227.47910984205987,5,0.92,0.92,0.92,0.31666666666666643,-0.09142857142857132,1.2246467991473532e-16,-1.0,0.36171373072976765,-0.9322892131745133
QLPH012020,105.68,9.3,0.64,2020-06-23,2.33,2481.5,2.4815,174.98393064773836,227.47910984205987,5,0.79,0.79,0.79,0.20666666666666642,-0.1514285714285713,1.2246467991473532e-16,-1.0,0.12874817745258132,-0.99167731989929
QLPH012021,105.68,9.3,0.64,2015-07-13,15.1,1125.0,1.125,174.98393064773836,227.47910984205987,5,0.71,0.71,0.71,0.33833333333333326,0.19142857142857167,-0.4999999999999997,-0.8660254037844388,-0.19667288979357622,-0.9804691603616321
QLPH012022,105.68,9.3,0.64,2022-02-17,2.3,1273.1449447842572,,174.98393064773836,227.47910984205987,5,0.63,0.63,0.63,0.47000000000000003,0.5342857142857147,0.8660254037844386,0.5000000000000001,0.7354170229639855,0.6776147890466889
QLPH012022,105.68,9.3,0.64,2022-03-05,1.9,1051.7284326478646,,174.98393064773836,227.47910984205987,5,0.9500000000000001,0.9500000000000001,0.9500000000000001,0.6033333333333334,0.40000000000000036,1.0,6.123233995736766e-17,0.8919813464595485,0.45207220393230435
QLPH012022,105.68,9.3,0.64,2022-03-19,1.9,1051.7284326478646,,174.98393064773836,227.47910984205987,5,0.42,0.42,0.42,0.11333333333333327,0.06428571428571467,1.0,6.123233995736766e-17,0.9741004551724205,0.22611568550828828
QLPH012022,105.68,9.3,0.64,2022-04-03,0.9,498.18715230688326,,174.98393064773836,227.47910984205987,5,0.61,0.61,0.61,0.15999999999999995,0.0457142857142861,0.8660254037844387,-0.4999999999999998,0.9995462806873573,-0.030120304846908114
QLPH012022,105.68,9.3,0.64,2022-04-17,0.3,166.0623841022944,,174.98393064773836,227.47910984205987,5,0.17,0.17,0.17,0.1133333333333331,0.20857142857142894,0.8660254037844387,-0.4999999999999998,0.9634705485641488,-0.2678143051621742
QLPH012022,105.68,9.3,0.64,2022-05-03,0.9,498.18715230688326,,174.98393064773836,227.47910984205987,5,0.9500000000000001,0.9500000000000001,0.9500000000000001,0.2599999999999998,0.09857142857142888,0.49999999999999994,-0.8660254037844387,0.854322169749827,-0.5197438121555155
QLPH012022,105.68,9.3,0.64,2022-05-17,0.5,276.7706401704907,,174.98393064773836,227.47910984205987,5,0.44,0.44,0.44,0.23999999999999977,0.19857142857142887,0.49999999999999994,-0.8660254037844387,0.705583610107178,-0.7086266782644596
QLPH012022,105.68,9.3,0.64,2022-06-01,0.3,166.0623841022944,,174.98393064773836,227.47910984205987,5,1.1,1.1,1.1,0.4733333333333331,0.2800000000000003,1.2246467991473532e-16,-1.0,0.5012418134457758,-0.865307254363206
QLPH012022,105.68,9.3,0.64,2022-06-15,3.2,1771.3320970911407,,174.98393064773836,227.47910984205987,5,0.6900000000000001,0.6900000000000001,0.6900000000000001,0.40999999999999975,0.37285714285714316,1.2246467991473532e-16,-1.0,0.28023067519921585,-0.9599326896597447
QLPH022016,105.53,9.26,0.54,2016-02-29,1.6,918.0,0.918,174.90949559922146,227.38234427898792,5,0.68,0.68,0.68,0.6399999999999999,0.567857142857143,0.8660254037844386,0.5000000000000001,0.8587639582758029,0.5123714121284237
QLPH022016,105.53,9.26,0.54,2016-03-15,1.7,16.78,0.01678,174.90949559922146,227.38234427898792,5,0.67,0.67,0.67,0.8700000000000001,0.7628571428571428,1.0,6.123233995736766e-17,0.9611297838723007,0.27609697309746883
QLPH022016,105.53,9.26,0.54,2016-04-02,1.9,14.275,0.014275,174.90949559922146,227.38234427898792,5,0.43,0.43,0.43,0.4566666666666666,0.5700000000000001,0.8660254037844387,-0.4999999999999998,0.9995462806873573,-0.030120304846908114
QLPH022016,105.53,9.26,0.54,2016-04-15,1.8,921.0,0.921,174.90949559922146,227.38234427898792,5,0.12,0.12,0.12,0.8066666666666666,0.7828571428571429,0.8660254037844387,-0.4999999999999998,0.9679377830240642,-0.25119006388481935
QLPH022016,105.53,9.26,0.54,2016-05-02,2.3,1258.9,1.2589000000000001,174.90949559922146,227.38234427898792,5,-0.08,-0.08,-0.08,0.14333333333333334,0.5171428571428571,0.49999999999999994,-0.8660254037844387,0.854322169749827,-0.5197438121555155
QLPH022016,105.53,9.26,0.54,2016-05-16,2.0,1152.1,1.1521,174.90949559922146,227.38234427898792,5,-0.02,-0.02,-0.02,0.27666666666666667,0.5700000000000001,0.49999999999999994,-0.8660254037844387,0.705583610107178,-0.7086266782644596
QLPH022016,105.53,9.26,0.54,2016-06-02,1.7,1195.5,1.1955,174.90949559922146,227.38234427898792,5,0.02,0.02,0.02,0.03999999999999996,0.3142857142857142,1.2246467991473532e-16,-1.0,0.4711595076738638,-0.8820480249558537
QLPH022016,105.53,9.26,0.54,2016-06-15,1.1,726.3,0.7263,174.90949559922146,227.38234427898792,5,-0.02,-0.02,-0.02,0.15,0.5871428571428572,1.2246467991473532e-16,-1.0,0.26366549272800704,-0.9646141756912435
QLPH022017,105.58,9.28,0.58,2017-03-01,1.2,141.8,0.1418,174.03266927005956,226.24247005107742,5,0.92,0.92,0.92,0.7633333333333331,0.59,1.0,6.123233995736766e-17,0.8587639582758029,0.5123714121284237
QLPH022017,105.58,9.28,0.58,2017-03-16,0.8,112.0,0.112,174.03266927005956,226.24247005107742,5,1.08,1.08,1.08,0.9666666666666665,0.6942857142857142,1.0,6.123233995736766e-17,0.9611297838723007,0.27609697309746883
QLPH022017,105.58,9.28,0.58,2017-04-01,0.9,114.5,0.1145,174.03266927005956,226.24247005107742,5,1.21,1.21,1.21,0.8733333333333332,0.6414285714285715,0.8660254037844387,-0.4999999999999998,0.9999907397361901,0.004303538296244289
QLPH022017,105.58,9.28,0.58,2017-04-15,1.1,278.5,0.2785,174.03266927005956,226.24247005107742,5,1.1,1.1,1.1,1.0833333333333333,0.8957142857142857,0.8660254037844387,-0.4999999999999998,0.9721181966290613,-0.23449138957040985
QLPH022017,105.58,9.28,0.58,2017-05-01,1.2,275.6,0.2756,174.03266927005956,226.24247005107742,5,1.07,1.07,1.07,0.9099999999999998,0.6171428571428572,0.49999999999999994,-0.8660254037844387,0.8717063187093218,-0.4900286664290592
QLPH022017,105.58,9.28,0.58,2017-05-15,0.9,115.0,0.115,174.03266927005956,226.24247005107742,5,1.11,1.11,1.11,1.0799999999999998,0.7757142857142857,0.49999999999999994,-0.8660254037844387,0.7295575540864875,-0.6839194216246106
QLPH022017,105.58,9.28,0.58,2017-06-01,0.3,56.4,0.0564,174.03266927005956,226.24247005107742,5,1.08,1.08,1.08,1.3066666666666666,1.0171428571428571,1.2246467991473532e-16,-1.0,0.5012418134457758,-0.865307254363206
QLPH022017,105.58,9.28,0.58,2017-06-15,0.4,62.4,0.0624,174.03266927005956,226.24247005107742,5,1.03,1.03,1.03,1.2,1.0657142857142856,1.2246467991473532e-16,-1.0,0.28023067519921585,-0.9599326896597447
QLPH022019,105.59,9.28,0.6,2019-01-01,0.9,92.18,0.09218000000000001,174.31073560131108,226.6039562817044,5,0.66,0.66,0.66,1.0099999999999998,1.2542857142857144,0.49999999999999994,0.8660254037844387,0.017213356155834685,0.9998518392091162
QLPH022019,105.59,9.28,0.6,2019-01-15,0.7,89.2,0.0892,174.31073560131108,226.6039562817044,5,1.0,1.0,1.0,1.0399999999999998,1.2871428571428574,0.49999999999999994,0.8660254037844387,0.255353295116187,0.9668478136052775
QLPH022019,105.59,9.28,0.6,2019-02-01,1.8,98.12,0.09812,174.31073560131108,226.6039562817044,5,0.62,0.62,0.62,0.7799999999999997,1.1500000000000001,0.8660254037844386,0.5000000000000001,0.5234156073655503,0.8520775211013093
QLPH022019,105.59,9.28,0.6,2019-02-19,2.8,2226.26,2.2262600000000003,174.31073560131108,226.6039562817044,5,0.58,0.58,0.58,0.26333333333333303,0.29142857142857154,0.8660254037844386,0.5000000000000001,0.7583058084785624,0.6518989958787126
QLPH022019,105.59,9.28,0.6,2019-03-04,1.0,534.0,0.534,174.31073560131108,226.6039562817044,5,0.49,0.49,0.49,0.16666666666666638,0.4642857142857144,1.0,6.123233995736766e-17,0.8840675099433636,0.4673592171580022
QLPH022019,105.59,9.28,0.6,2019-03-20,0.9,52.0,0.052,174.31073560131108,226.6039562817044,5,0.46,0.46,0.46,0.1599999999999997,0.2714285714285715,1.0,6.123233995736766e-17,0.9778483415056568,0.20931464596304847
QLPH022019,105.59,9.28,0.6,2019-04-01,0.7,186.0,0.186,174.31073560131108,226.6039562817044,5,0.42,0.42,0.42,0.3099999999999998,0.7257142857142858,0.8660254037844387,-0.4999999999999998,0.9999907397361901,0.004303538296244289
QLPH022019,105.59,9.28,0.6,2019-04-15,0.7,165.0,0.165,174.31073560131108,226.6039562817044,5,-0.03,-0.03,-0.03,0.5666666666666665,0.8257142857142858,0.8660254037844387,-0.4999999999999998,0.9721181966290613,-0.23449138957040985
QLPH022019,105.59,9.28,0.6,2019-05-01,1.6,268.0,0.268,174.31073560131108,226.6039562817044,5,0.30000000000000004,0.30000000000000004,0.30000000000000004,0.2266666666666665,0.5971428571428572,0.49999999999999994,-0.8660254037844387,0.8717063187093218,-0.4900286664290592
QLPH022019,105.59,9.28,0.6,2019-05-15,0.9,126.4,0.1264,174.31073560131108,226.6039562817044,5,0.18,0.18,0.18,0.21666666666666648,0.5771428571428573,0.49999999999999994,-0.8660254037844387,0.7295575540864875,-0.6839194216246106
QLPH022020,105.59,9.28,0.6,2020-02-11,19.3,186.9,0.1869,174.31073560131108,226.6039562817044,5,0.8300000000000001,0.8300000000000001,0.8300000000000001,0.36999999999999966,0.3542857142857144,0.8660254037844386,0.5000000000000001,0.6616346182422783,0.7498264012045686
QLPH022020,105.59,9.28,0.6,2020-02-25,22.3,19639.0,19.639,174.31073560131108,226.6039562817044,5,0.92,0.92,0.92,0.41666666666666635,0.23285714285714296,0.8660254037844386,0.5000000000000001,0.8214765533024142,0.5702422926917871
QLPH022020,105.59,9.28,0.6,2020-03-14,22.6,11982.1,11.9821,174.31073560131108,226.6039562817044,5,1.09,1.09,1.09,0.6133333333333332,0.2685714285714287,1.0,6.123233995736766e-17,0.9562348265919056,0.29260033563334836
QLPH022020,105.59,9.28,0.6,2020-03-26,4.1,2415.0,2.415,174.31073560131108,226.6039562817044,5,0.07,0.07,0.07,0.20999999999999977,0.052857142857142984,1.0,6.123233995736766e-17,0.995918996147179,0.09025161003104117
QLPH022020,105.59,9.28,0.6,2020-05-02,1.59,868.525,0.868525,174.31073560131108,226.6039562817044,5,0.09,0.09,0.09,0.4599999999999997,0.6314285714285716,0.49999999999999994,-0.8660254037844387,0.854322169749827,-0.5197438121555155
QLPH022020,105.59,9.28,0.6,2020-05-11,1.27,836.0,0.836,174.31073560131108,226.6039562817044,5,0.9500000000000001,0.9500000000000001,0.9500000000000001,0.47999999999999976,0.1985714285714287,0.49999999999999994,-0.8660254037844387,0.7638886127905428,-0.6453481132295501
QLPH022020,105.59,9.28,0.6,2020-05-25,1.43,615.0,0.615,174.31073560131108,226.6039562817044,5,0.73,0.73,0.73,0.3333333333333331,-0.008571428571428437,0.49999999999999994,-0.8660254037844387,0.5877852522924732,-0.8090169943749473
QLPH022020,105.59,9.28,0.6,2020-06-09,1.28,744.45,0.7444500000000001,174.31073560131108,226.6039562817044,5,0.92,0.92,0.92,0.31666666666666643,-0.09142857142857132,1.2246467991473532e-16,-1.0,0.36171373072976765,-0.9322892131745133
QLPH022020,105.59,9.28,0.6,2020-06-23,1.21,1347.1,1.3471,174.31073560131108,226.6039562817044,5,0.79,0.79,0.79,0.20666666666666642,-0.1514285714285713,1.2246467991473532e-16,-1.0,0.12874817745258132,-0.99167731989929
QLPH022021,105.59,9.28,0.6,2015-07-13,1.7,1514.0,1.514,174.31073560131108,226.6039562817044,5,0.975,0.975,0.975,0.6166666666666665,0.2535714285714287,-0.4999999999999997,-0.8660254037844388,-0.19667288979357622,-0.9804691603616321
QLPH022022,105.59,9.28,0.6,2021-03-05,0.7,387.47889623868696,,174.31073560131108,226.6039562817044,5,1.16,1.16,1.16,1.0266666666666666,0.6585714285714287,1.0,6.123233995736766e-17,0.8919813464595485,0.45207220393230435
QLPH022022,105.59,9.28,0.6,2022-02-17,0.6,332.1247682045888,,174.31073560131108,226.6039562817044,5,0.63,0.63,0.63,0.47000000000000003,0.5342857142857147,0.8660254037844386,0.5000000000000001,0.7354170229639855,0.6776147890466889
QLPH022022,105.59,9.28,0.6,2022-03-05,0.9,498.18715230688326,,174.31073560131108,226.6039562817044,5,0.9500000000000001,0.9500000000000001,0.9500000000000001,0.6033333333333334,0.40000000000000036,1.0,6.123233995736766e-17,0.8919813464595485,0.45207220393230435
QLPH022022,105.59,9.28,0.6,2022-03-19,0.7,387.47889623868696,,174.31073560131108,226.6039562817044,5,0.42,0.42,0.42,0.11333333333333327,0.06428571428571467,1.0,6.123233995736766e-17,0.9741004551724205,0.22611568550828828
QLPH022022,105.59,9.28,0.6,2022-04-03,1.0,553.5412803409814,,174.31073560131108,226.6039562817044,5,0.61,0.61,0.61,0.15999999999999995,0.0457142857142861,0.8660254037844387,-0.4999999999999998,0.9995462806873573,-0.030120304846908114
QLPH022022,105.59,9.28,0.6,2022-04-17,0.2,110.70825606819629,,174.31073560131108,226.6039562817044,5,0.17,0.17,0.17,0.1133333333333331,0.20857142857142894,0.8660254037844387,-0.4999999999999998,0.9634705485641488,-0.2678143051621742
QLPH022022,105.59,9.28,0.6,2022-05-17,0.4,221.41651213639258,,174.31073560131108,226.6039562817044,5,0.44,0.44,0.44,0.23999999999999977,0.19857142857142887,0.49999999999999994,-0.8660254037844387,0.705583610107178,-0.7086266782644596
QLPH022022,105.59,9.28,0.6,2022-06-01,0.2,110.70825606819629,,174.31073560131108,226.6039562817044,5,1.1,1.1,1.1,0.4733333333333331,0.2800000000000003,1.2246467991473532e-16,-1.0,0.5012418134457758,-0.865307254363206
QLPH022022,105.59,9.28,0.6,2022-06-15,4.0,2214.1651213639257,,174.31073560131108,226.6039562817044,5,0.6900000000000001,0.6900000000000001,0.6900000000000001,0.40999999999999975,0.37285714285714316,1.2246467991473532e-16,-1.0,0.28023067519921585,-0.9599326896597447
QLPH032016,105.41,9.23,0.57,2016-02-29,27.2,1694.0,1.694,175.81733554308124,228.56253620600563,5,0.68,0.68,0.68,0.6399999999999999,0.567857142857143,0.8660254037844386,0.5000000000000001,0.8587639582758029,0.5123714121284237
QLPH032016,105.41,9.23,0.57,2016-03-15,28.4,19852.0,19.852,175.81733554308124,228.56253620600563,5,0.67,0.67,0.67,0.8700000000000001,0.7628571428571428,1.0,6.123233995736766e-17,0.9611297838723007,0.27609697309746883
QLPH032016,105.41,9.23,0.57,2016-04-02,32.4,14959.9,14.9599,175.81733554308124,228.56253620600563,5,0.43,0.43,0.43,0.4566666666666666,0.5700000000000001,0.8660254037844387,-0.4999999999999998,0.9995462806873573,-0.030120304846908114
QLPH032016,105.41,9.23,0.57,2016-04-15,34.5,18497.0,18.497,175.81733554308124,228.56253620600563,5,0.12,0.12,0.12,0.8066666666666666,0.7828571428571429,0.8660254037844387,-0.4999999999999998,0.9679377830240642,-0.25119006388481935
QLPH032016,105.41,9.23,0.57,2016-05-02,34.3,19.4,0.019399999999999997,175.81733554308124,228.56253620600563,5,-0.08,-0.08,-0.08,0.14333333333333334,0.5171428571428571,0.49999999999999994,-0.8660254037844387,0.854322169749827,-0.5197438121555155
QLPH032016,105.41,9.23,0.57,2016-05-16,33.4,2145.4,2.1454,175.81733554308124,228.56253620600563,5,-0.02,-0.02,-0.02,0.27666666666666667,0.5700000000000001,0.49999999999999994,-0.8660254037844387,0.705583610107178,-0.7086266782644596
QLPH032016,105.41,9.23,0.57,2016-06-02,23.8,1185.6,1.1856,175.81733554308124,228.56253620600563,5,0.02,0.02,0.02,0.03999999999999996,0.3142857142857142,1.2246467991473532e-16,-1.0,0.4711595076738638,-0.8820480249558537
QLPH032016,105.41,9.23,0.57,2016-06-15,29.7,19115.0,19.115,175.81733554308124,228.56253620600563,5,-0.02,-0.02,-0.02,0.15,0.5871428571428572,1.2246467991473532e-16,-1.0,0.26366549272800704,-0.9646141756912435
QLPH032017,105.45,9.24,0.46,2017-03-01,1.0,128.329,0.128329,175.39891285376763,228.01858670989793,5,0.92,0.92,0.92,0.7633333333333331,0.59,1.0,6.123233995736766e-17,0.8587639582758029,0.5123714121284237
QLPH032017,105.45,9.24,0.46,2017-03-16,21.7,4687.7,4.6876999999999995,175.39891285376763,228.01858670989793,5,1.08,1.08,1.08,0.9666666666666665,0.6942857142857142,1.0,6.123233995736766e-17,0.9611297838723007,0.27609697309746883
QLPH032017,105.45,9.24,0.46,2017-04-01,21.6,7541.8,7.5418,175.39891285376763,228.01858670989793,5,1.21,1.21,1.21,0.8733333333333332,0.6414285714285715,0.8660254037844387,-0.4999999999999998,0.9999907397361901,0.004303538296244289
QLPH032017,105.45,9.24,0.46,2017-04-15,24.5,1125.2,1.1252,175.39891285376763,228.01858670989793,5,1.1,1.1,1.1,1.0833333333333333,0.8957142857142857,0.8660254037844387,-0.4999999999999998,0.9721181966290613,-0.23449138957040985
QLPH032017,105.45,9.24,0.46,2017-05-01,24.5,12564.0,12.564,175.39891285376763,228.01858670989793,5,1.07,1.07,1.07,0.9099999999999998,0.6171428571428572,0.49999999999999994,-0.8660254037844387,0.8717063187093218,-0.4900286664290592
QLPH032017,105.45,9.24,0.46,2017-05-15,29.9,152.0,0.152,175.39891285376763,228.01858670989793,5,1.11,1.11,1.11,1.0799999999999998,0.7757142857142857,0.49999999999999994,-0.8660254037844387,0.7295575540864875,-0.6839194216246106
QLPH032017,105.45,9.24,0.46,2017-06-01,11.1,351.0,0.351,175.39891285376763,228.01858670989793,5,1.08,1.08,1.08,1.3066666666666666,1.0171428571428571,1.2246467991473532e-16,-1.0,0.5012418134457758,-0.865307254363206
QLPH032017,105.45,9.24,0.46,2017-06-15,17.4,9354.0,9.354,175.39891285376763,228.01858670989793,5,1.03,1.03,1.03,1.2,1.0657142857142856,1.2246467991473532e-16,-1.0,0.28023067519921585,-0.9599326896597447
QLPH032019,105.45,9.24,0.46,2019-01-01,6.2,898.76,0.89876,175.39891285376763,228.01858670989793,5,0.66,0.66,0.66,1.0099999999999998,1.2542857142857144,0.49999999999999994,0.8660254037844387,0.017213356155834685,0.9998518392091162
QLPH032019,105.45,9.24,0.46,2019-01-15,5.9,24.22,0.02422,175.39891285376763,228.01858670989793,5,1.0,1.0,1.0,1.0399999999999998,1.2871428571428574,0.49999999999999994,0.8660254037844387,0.255353295116187,0.9668478136052775
QLPH032019,105.45,9.24,0.46,2019-02-01,15.3,145.37,0.14537,175.39891285376763,228.01858670989793,5,0.62,0.62,0.62,0.7799999999999997,1.1500000000000001,0.8660254037844386,0.5000000000000001,0.5234156073655503,0.8520775211013093
QLPH032019,105.45,9.24,0.46,2019-02-19,16.9,1465.4,1.4654,175.39891285376763,228.01858670989793,5,0.58,0.58,0.58,0.26333333333333303,0.29142857142857154,0.8660254037844386,0.5000000000000001,0.7583058084785624,0.6518989958787126
QLPH032019,105.45,9.24,0.46,2019-03-04,21.8,17631.0,17.631,175.39891285376763,228.01858670989793,5,0.49,0.49,0.49,0.16666666666666638,0.4642857142857144,1.0,6.123233995736766e-17,0.8840675099433636,0.4673592171580022
QLPH032019,105.45,9.24,0.46,2019-03-20,22.9,1752.0,1.752,175.39891285376763,228.01858670989793,5,0.46,0.46,0.46,0.1599999999999997,0.2714285714285715,1.0,6.123233995736766e-17,0.9778483415056568,0.20931464596304847
QLPH032019,105.45,9.24,0.46,2019-04-01,21.0,1652.0,1.652,175.39891285376763,228.01858670989793,5,0.42,0.42,0.42,0.3099999999999998,0.7257142857142858,0.8660254037844387,-0.4999999999999998,0.9999907397361901,0.004303538296244289
QLPH032019,105.45,9.24,0.46,2019-04-15,26.7,162.0,0.162,175.39891285376763,228.01858670989793,5,-0.03,-0.03,-0.03,0.5666666666666665,0.8257142857142858,0.8660254037844387,-0.4999999999999998,0.9721181966290613,-0.23449138957040985
QLPH032019,105.45,9.24,0.46,2019-05-01,25.9,165.0,0.165,175.39891285376763,228.01858670989793,5,0.30000000000000004,0.30000000000000004,0.30000000000000004,0.2266666666666665,0.5971428571428572,0.49999999999999994,-0.8660254037844387,0.8717063187093218,-0.4900286664290592
QLPH032019,105.45,9.24,0.46,2019-05-15,19.6,1325.0,1.325,175.39891285376763,228.01858670989793,5,0.18,0.18,0.18,0.21666666666666648,0.5771428571428573,0.49999999999999994,-0.8660254037844387,0.7295575540864875,-0.6839194216246106
QLPH032020,105.45,9.24,0.46,2020-02-11,25.0,162.65,0.16265000000000002,175.39891285376763,228.01858670989793,5,0.8300000000000001,0.8300000000000001,0.8300000000000001,0.36999999999999966,0.3542857142857144,0.8660254037844386,0.5000000000000001,0.6616346182422783,0.7498264012045686
QLPH032020,105.45,9.24,0.46,2020-02-25,27.5,25878.0,25.878,175.39891285376763,228.01858670989793,5,0.92,0.92,0.92,0.41666666666666635,0.23285714285714296,0.8660254037844386,0.5000000000000001,0.8214765533024142,0.5702422926917871
QLPH032020,105.45,9.24,0.46,2020-03-14,28.3,18788.5,18.7885,175.39891285376763,228.01858670989793,5,1.09,1.09,1.09,0.6133333333333332,0.2685714285714287,1.0,6.123233995736766e-17,0.9562348265919056,0.29260033563334836
QLPH032020,105.45,9.24,0.46,2020-03-26,32.3,1755.5,1.7555,175.39891285376763,228.01858670989793,5,0.07,0.07,0.07,0.20999999999999977,0.052857142857142984,1.0,6.123233995736766e-17,0.995918996147179,0.09025161003104117
QLPH032020,105.45,9.24,0.46,2020-05-02,32.0,19235.0,19.235,175.39891285376763,228.01858670989793,5,0.09,0.09,0.09,0.4599999999999997,0.6314285714285716,0.49999999999999994,-0.8660254037844387,0.854322169749827,-0.5197438121555155
QLPH032020,105.45,9.24,0.46,2020-05-11,32.2,229.25,0.22925,175.39891285376763,228.01858670989793,5,0.9500000000000001,0.9500000000000001,0.9500000000000001,0.47999999999999976,0.1985714285714287,0.49999999999999994,-0.8660254037844387,0.7638886127905428,-0.6453481132295501
QLPH032020,105.45,9.24,0.46,2020-05-25,35.4,2562.0,2.562,175.39891285376763,228.01858670989793,5,0.73,0.73,0.73,0.3333333333333331,-0.008571428571428437,0.49999999999999994,-0.8660254037844387,0.5877852522924732,-0.8090169943749473
QLPH032020,105.45,9.24,0.46,2020-06-09,31.2,36513.5,36.5135,175.39891285376763,228.01858670989793,5,0.92,0.92,0.92,0.31666666666666643,-0.09142857142857132,1.2246467991473532e-16,-1.0,0.36171373072976765,-0.9322892131745133
QLPH032020,105.45,9.24,0.46,2020-06-23,21.2,26587.5,26.5875,175.39891285376763,228.01858670989793,5,0.79,0.79,0.79,0.20666666666666642,-0.1514285714285713,1.2246467991473532e-16,-1.0,0.12874817745258132,-0.99167731989929
QLPH032021,105.45,9.24,0.46,2015-07-13,15.9,12541.0,12.541,175.39891285376763,228.01858670989793,5,0.71,0.71,0.71,0.33833333333333326,0.19142857142857167,-0.4999999999999997,-0.8660254037844388,-0.19667288979357622,-0.9804691603616321
QLPH032022,105.45,9.24,0.46,2022-02-17,18.6,10295.867814342255,,175.39891285376763,228.01858670989793,5,0.63,0.63,0.63,0.47000000000000003,0.5342857142857147,0.8660254037844386,0.5000000000000001,0.7354170229639855,0.6776147890466889
QLPH032022,105.45,9.24,0.46,2022-03-05,2.3,1273.1449447842572,,175.39891285376763,228.01858670989793,5,0.9500000000000001,0.9500000000000001,0.9500000000000001,0.6033333333333334,0.40000000000000036,1.0,6.123233995736766e-17,0.8919813464595485,0.45207220393230435
QLPH032022,105.45,9.24,0.46,2022-03-05,2.2,1217.7908167501591,,175.39891285376763,228.01858670989793,5,0.9500000000000001,0.9500000000000001,0.9500000000000001,0.6033333333333334,0.40000000000000036,1.0,6.123233995736766e-17,0.8919813464595485,0.45207220393230435
QLPH032022,105.45,9.24,0.46,2022-03-19,22.1,12233.26229553569,,175.39891285376763,228.01858670989793,5,0.42,0.42,0.42,0.11333333333333327,0.06428571428571467,1.0,6.123233995736766e-17,0.9741004551724205,0.22611568550828828
QLPH032022,105.45,9.24,0.46,2022-04-03,18.5,10240.513686308155,,175.39891285376763,228.01858670989793,5,0.61,0.61,0.61,0.15999999999999995,0.0457142857142861,0.8660254037844387,-0.4999999999999998,0.9995462806873573,-0.030120304846908114
QLPH032022,105.45,9.24,0.46,2022-04-17,1.8,996.3743046137665,,175.39891285376763,228.01858670989793,5,0.17,0.17,0.17,0.1133333333333331,0.20857142857142894,0.8660254037844387,-0.4999999999999998,0.9634705485641488,-0.2678143051621742
QLPH032022,105.45,9.24,0.46,2022-05-17,12.1,6697.849492125875,,175.39891285376763,228.01858670989793,5,0.44,0.44,0.44,0.23999999999999977,0.19857142857142887,0.49999999999999994,-0.8660254037844387,0.705583610107178,-0.7086266782644596
QLPH032022,105.45,9.24,0.46,2022-06-01,9.1,5037.225651102931,,175.39891285376763,228.01858670989793,5,1.1,1.1,1.1,0.4733333333333331,0.2800000000000003,1.2246467991473532e-16,-1.0,0.5012418134457758,-0.865307254363206
QLPH032022,105.45,9.24,0.46,2022-06-15,13.9,7694.223796739641,,175.39891285376763,228.01858670989793,5,0.6900000000000001,0.6900000000000001,0.6900000000000001,0.40999999999999975,0.37285714285714316,1.2246467991473532e-16,-1.0,0.28023067519921585,-0.9599326896597447
QLPH042016,105.31,9.19,0.41,2016-02-29,27.6,1564.0,1.564,179.0260351759783,232.7338457287718,5,0.68,0.68,0.68,0.6399999999999999,0.567857142857143,0.8660254037844386,0.5000000000000001,0.8587639582758029,0.5123714121284237
QLPH042016,105.31,9.19,0.41,2016-03-15,29.2,19922.9,19.922900000000002,179.0260351759783,232.7338457287718,5,0.67,0.67,0.67,0.8700000000000001,0.7628571428571428,1.0,6.123233995736766e-17,0.9611297838723007,0.27609697309746883
QLPH042016,105.31,9.19,0.41,2016-04-02,3.6,13435.55,13.43555,179.0260351759783,232.7338457287718,5,0.43,0.43,0.43,0.4566666666666666,0.5700000000000001,0.8660254037844387,-0.4999999999999998,0.9995462806873573,-0.030120304846908114
QLPH042016,105.31,9.19,0.41,2016-04-15,33.9,17788.0,17.788,179.0260351759783,232.7338457287718,5,0.12,0.12,0.12,0.8066666666666666,0.7828571428571429,0.8660254037844387,-0.4999999999999998,0.9679377830240642,-0.25119006388481935
QLPH042016,105.31,9.19,0.41,2016-05-02,34.2,18654.2,18.6542,179.0260351759783,232.7338457287718,5,-0.08,-0.08,-0.08,0.14333333333333334,0.5171428571428571,0.49999999999999994,-0.8660254037844387,0.854322169749827,-0.5197438121555155
QLPH042016,105.31,9.19,0.41,2016-05-16,34.6,1924.5,1.9245,179.0260351759783,232.7338457287718,5,-0.02,-0.02,-0.02,0.27666666666666667,0.5700000000000001,0.49999999999999994,-0.8660254037844387,0.705583610107178,-0.7086266782644596
QLPH042016,105.31,9.19,0.41,2016-06-02,28.0,16975.2,16.9752,179.0260351759783,232.7338457287718,5,0.02,0.02,0.02,0.03999999999999996,0.3142857142857142,1.2246467991473532e-16,-1.0,0.4711595076738638,-0.8820480249558537
QLPH042016,105.31,9.19,0.41,2016-06-15,25.4,13.4,0.0134,179.0260351759783,232.7338457287718,5,-0.02,-0.02,-0.02,0.15,0.5871428571428572,1.2246467991473532e-16,-1.0,0.26366549272800704,-0.9646141756912435
QLPH042017,105.4,9.24,0.56,2017-03-01,2.2,4573.5,4.5735,174.56299056601003,226.93188773581304,5,0.92,0.92,0.92,0.7633333333333331,0.59,1.0,6.123233995736766e-17,0.8587639582758029,0.5123714121284237
QLPH042017,105.4,9.24,0.56,2017-03-16,25.6,4256.2,4.2562,174.56299056601003,226.93188773581304,5,1.08,1.08,1.08,0.9666666666666665,0.6942857142857142,1.0,6.123233995736766e-17,0.9611297838723007,0.27609697309746883
QLPH042017,105.4,9.24,0.56,2017-04-01,22.0,5746.0,5.746,174.56299056601003,226.93188773581304,5,1.21,1.21,1.21,0.8733333333333332,0.6414285714285715,0.8660254037844387,-0.4999999999999998,0.9999907397361901,0.004303538296244289
QLPH042017,105.4,9.24,0.56,2017-04-15,24.3,1524.5,1.5245,174.56299056601003,226.93188773581304,5,1.1,1.1,1.1,1.0833333333333333,0.8957142857142857,0.8660254037844387,-0.4999999999999998,0.9721181966290613,-0.23449138957040985
QLPH042017,105.4,9.24,0.56,2017-05-01,27.1,1475.0,1.475,174.56299056601003,226.93188773581304,5,1.07,1.07,1.07,0.9099999999999998,0.6171428571428572,0.49999999999999994,-0.8660254037844387,0.8717063187093218,-0.4900286664290592
QLPH042017,105.4,9.24,0.56,2017-05-15,3.5,1562.0,1.562,174.56299056601003,226.93188773581304,5,1.11,1.11,1.11,1.0799999999999998,0.7757142857142857,0.49999999999999994,-0.8660254037844387,0.7295575540864875,-0.6839194216246106
QLPH042017,105.4,9.24,0.56,2017-06-01,16.2,921.0,0.921,174.56299056601003,226.93188773581304,5,1.08,1.08,1.08,1.3066666666666666,1.0171428571428571,1.2246467991473532e-16,-1.0,0.5012418134457758,-0.865307254363206
QLPH042017,105.4,9.24,0.56,2017-06-15,19.2,9523.0,9.523,174.56299056601003,226.93188773581304,5,1.03,1.03,1.03,1.2,1.0657142857142856,1.2246467991473532e-16,-1.0,0.28023067519921585,-0.9599326896597447
QLPH042019,105.4,9.24,0.56,2019-01-01,1.8,1327.14,1.3271400000000002,174.56299056601003,226.93188773581304,5,0.66,0.66,0.66,1.0099999999999998,1.2542857142857144,0.49999999999999994,0.8660254037844387,0.017213356155834685,0.9998518392091162
QLPH042019,105.4,9.24,0.56,2019-01-15,1.9,143.25,0.14325,174.56299056601003,226.93188773581304,5,1.0,1.0,1.0,1.0399999999999998,1.2871428571428574,0.49999999999999994,0.8660254037844387,0.255353295116187,0.9668478136052775
QLPH042019,105.4,9.24,0.56,2019-02-01,2.1,2194.25,2.19425,174.56299056601003,226.93188773581304,5,0.62,0.62,0.62,0.7799999999999997,1.1500000000000001,0.8660254037844386,0.5000000000000001,0.5234156073655503,0.8520775211013093
QLPH042019,105.4,9.24,0.56,2019-02-19,19.2,17937.7,17.9377,174.56299056601003,226.93188773581304,5,0.58,0.58,0.58,0.26333333333333303,0.29142857142857154,0.8660254037844386,0.5000000000000001,0.7583058084785624,0.6518989958787126
QLPH042019,105.4,9.24,0.56,2019-03-04,23.7,179.0,0.179,174.56299056601003,226.93188773581304,5,0.49,0.49,0.49,0.16666666666666638,0.4642857142857144,1.0,6.123233995736766e-17,0.8840675099433636,0.4673592171580022
QLPH042019,105.4,9.24,0.56,2019-03-20,24.9,182.0,0.182,174.56299056601003,226.93188773581304,5,0.46,0.46,0.46,0.1599999999999997,0.2714285714285715,1.0,6.123233995736766e-17,0.9778483415056568,0.20931464596304847
QLPH042019,105.4,9.24,0.56,2019-04-01,22.0,1721.0,1.721,174.56299056601003,226.93188773581304,5,0.42,0.42,0.42,0.3099999999999998,0.7257142857142858,0.8660254037844387,-0.4999999999999998,0.9999907397361901,0.004303538296244289
QLPH042019,105.4,9.24,0.56,2019-04-15,26.8,1752.0,1.752,174.56299056601003,226.93188773581304,5,-0.03,-0.03,-0.03,0.5666666666666665,0.8257142857142858,0.8660254037844387,-0.4999999999999998,0.9721181966290613,-0.23449138957040985
QLPH042019,105.4,9.24,0.56,2019-05-01,3.1,1821.0,1.821,174.56299056601003,226.93188773581304,5,0.30000000000000004,0.30000000000000004,0.30000000000000004,0.2266666666666665,0.5971428571428572,0.49999999999999994,-0.8660254037844387,0.8717063187093218,-0.4900286664290592
QLPH042019,105.4,9.24,0.56,2019-05-15,25.0,154.0,0.154,174.56299056601003,226.93188773581304,5,0.18,0.18,0.18,0.21666666666666648,0.5771428571428573,0.49999999999999994,-0.8660254037844387,0.7295575540864875,-0.6839194216246106
QLPH042020,105.4,9.24,0.56,2020-02-11,25.4,16448.8,16.4488,174.56299056601003,226.93188773581304,5,0.8300000000000001,0.8300000000000001,0.8300000000000001,0.36999999999999966,0.3542857142857144,0.8660254037844386,0.5000000000000001,0.6616346182422783,0.7498264012045686
QLPH042020,105.4,9.24,0.56,2020-02-25,28.1,2348.0,2.348,174.56299056601003,226.93188773581304,5,0.92,0.92,0.92,0.41666666666666635,0.23285714285714296,0.8660254037844386,0.5000000000000001,0.8214765533024142,0.5702422926917871
QLPH042020,105.4,9.24,0.56,2020-03-14,29.9,2915.5,2.9155,174.56299056601003,226.93188773581304,5,1.09,1.09,1.09,0.6133333333333332,0.2685714285714287,1.0,6.123233995736766e-17,0.9562348265919056,0.29260033563334836
QLPH042020,105.4,9.24,0.56,2020-03-26,32.7,18878.5,18.8785,174.56299056601003,226.93188773581304,5,0.07,0.07,0.07,0.20999999999999977,0.052857142857142984,1.0,6.123233995736766e-17,0.995918996147179,0.09025161003104117
QLPH042020,105.4,9.24,0.56,2020-05-02,33.4,2548.0,2.548,174.56299056601003,226.93188773581304,5,0.09,0.09,0.09,0.4599999999999997,0.6314285714285716,0.49999999999999994,-0.8660254037844387,0.854322169749827,-0.5197438121555155
QLPH042020,105.4,9.24,0.56,2020-05-11,3.9,18256.75,18.25675,174.56299056601003,226.93188773581304,5,0.9500000000000001,0.9500000000000001,0.9500000000000001,0.47999999999999976,0.1985714285714287,0.49999999999999994,-0.8660254037844387,0.7638886127905428,-0.6453481132295501
QLPH042020,105.4,9.24,0.56,2020-05-25,33.2,2451.0,2.451,174.56299056601003,226.93188773581304,5,0.73,0.73,0.73,0.3333333333333331,-0.008571428571428437,0.49999999999999994,-0.8660254037844387,0.5877852522924732,-0.8090169943749473
QLPH042020,105.4,9.24,0.56,2020-06-09,31.9,25.5,0.0255,174.56299056601003,226.93188773581304,5,0.92,0.92,0.92,0.31666666666666643,-0.09142857142857132,1.2246467991473532e-16,-1.0,0.36171373072976765,-0.9322892131745133
QLPH042020,105.4,9.24,0.56,2020-06-23,24.2,29423.5,29.4235,174.56299056601003,226.93188773581304,5,0.79,0.79,0.79,0.20666666666666642,-0.1514285714285713,1.2246467991473532e-16,-1.0,0.12874817745258132,-0.99167731989929
QLPH042021,105.4,9.24,0.56,2015-07-13,15.6,1269.0,1.269,174.56299056601003,226.93188773581304,5,0.71,0.71,0.71,0.33833333333333326,0.19142857142857167,-0.4999999999999997,-0.8660254037844388,-0.19667288979357622,-0.9804691603616321
QLPH042022,105.4,9.24,0.56,2022-02-17,18.7,10351.221942376353,,174.56299056601003,226.93188773581304,5,0.63,0.63,0.63,0.47000000000000003,0.5342857142857147,0.8660254037844386,0.5000000000000001,0.7354170229639855,0.6776147890466889
QLPH042022,105.4,9.24,0.56,2022-03-05,22.6,12510.03293570618,,174.56299056601003,226.93188773581304,5,0.9500000000000001,0.9500000000000001,0.9500000000000001,0.6033333333333334,0.40000000000000036,1.0,6.123233995736766e-17,0.8919813464595485,0.45207220393230435
QLPH042022,105.4,9.24,0.56,2022-03-19,23.7,13118.928344081258,,174.56299056601003,226.93188773581304,5,0.42,0.42,0.42,0.11333333333333327,0.06428571428571467,1.0,6.123233995736766e-17,0.9741004551724205,0.22611568550828828
QLPH042022,105.4,9.24,0.56,2022-04-03,23.2,12842.157703910769,,174.56299056601003,226.93188773581304,5,0.61,0.61,0.61,0.15999999999999995,0.0457142857142861,0.8660254037844387,-0.4999999999999998,0.9995462806873573,-0.030120304846908114
QLPH042022,105.4,9.24,0.56,2022-04-17,16.8,9299.493509728489,,174.56299056601003,226.93188773581304,5,0.17,0.17,0.17,0.1133333333333331,0.20857142857142894,0.8660254037844387,-0.4999999999999998,0.9634705485641488,-0.2678143051621742
QLPH042022,105.4,9.24,0.56,2022-05-03,2.3,1273.1449447842572,,174.56299056601003,226.93188773581304,5,0.9500000000000001,0.9500000000000001,0.9500000000000001,0.2599999999999998,0.09857142857142888,0.49999999999999994,-0.8660254037844387,0.854322169749827,-0.5197438121555155
QLPH042022,105.4,9.24,0.56,2022-05-17,14.2,7860.286180841936,,174.56299056601003,226.93188773581304,5,0.44,0.44,0.44,0.23999999999999977,0.19857142857142887,0.49999999999999994,-0.8660254037844387,0.705583610107178,-0.7086266782644596
QLPH052016,105.59,9.56,0.32,2016-02-29,0.2,15.0,0.015,144.4368683799359,187.7679288939167,4,0.45,0.45,0.45,0.5116666666666665,0.49142857142857166,0.8660254037844386,0.5000000000000001,0.8587639582758029,0.5123714121284237
QLPH052016,105.59,9.56,0.32,2016-03-15,0.3,241.6,0.24159999999999998,144.4368683799359,187.7679288939167,4,0.46,0.46,0.46,0.7833333333333333,0.7842857142857144,1.0,6.123233995736766e-17,0.9611297838723007,0.27609697309746883
QLPH052016,105.59,9.56,0.32,2016-04-02,0.2,122.657,0.122657,144.4368683799359,187.7679288939167,4,0.33,0.33,0.33,0.45,0.5214285714285715,0.8660254037844387,-0.4999999999999998,0.9995462806873573,-0.030120304846908114
QLPH052016,105.59,9.56,0.32,2016-04-15,0.3,125.0,0.125,144.4368683799359,187.7679288939167,4,-0.03,-0.03,-0.03,0.5433333333333333,0.7185714285714286,0.8660254037844387,-0.4999999999999998,0.9679377830240642,-0.25119006388481935
QLPH052016,105.59,9.56,0.32,2016-05-02,0.5,194.2,0.19419999999999998,144.4368683799359,187.7679288939167,4,-0.06,-0.06,-0.06,-0.023333333333333334,0.3742857142857143,0.49999999999999994,-0.8660254037844387,0.854322169749827,-0.5197438121555155
QLPH052016,105.59,9.56,0.32,2016-05-16,0.1,9.24,0.00924,144.4368683799359,187.7679288939167,4,0.05,0.05,0.05,0.02333333333333333,0.45714285714285713,0.49999999999999994,-0.8660254037844387,0.705583610107178,-0.7086266782644596
QLPH052016,105.59,9.56,0.32,2016-06-02,0.5,184.2,0.18419999999999997,144.4368683799359,187.7679288939167,4,0.08,0.08,0.08,-0.01333333333333337,0.19999999999999998,1.2246467991473532e-16,-1.0,0.4711595076738638,-0.8820480249558537
QLPH052016,105.59,9.56,0.32,2016-06-15,0.5,168.74,0.16874,144.4368683799359,187.7679288939167,4,0.03,0.03,0.03,0.01,0.44,1.2246467991473532e-16,-1.0,0.26366549272800704,-0.9646141756912435
QLPH052017,105.29,9.19,0.39,2017-03-01,2.9,3545.0,3.545,178.86655155098686,232.52651701628292,5,0.92,0.92,0.92,0.7633333333333331,0.59,1.0,6.123233995736766e-17,0.8587639582758029,0.5123714121284237
QLPH052017,105.29,9.19,0.39,2017-03-16,24.5,425.6,0.42560000000000003,178.86655155098686,232.52651701628292,5,1.08,1.08,1.08,0.9666666666666665,0.6942857142857142,1.0,6.123233995736766e-17,0.9611297838723007,0.27609697309746883
QLPH052017,105.29,9.19,0.39,2017-04-01,22.3,5868.0,5.868,178.86655155098686,232.52651701628292,5,1.21,1.21,1.21,0.8733333333333332,0.6414285714285715,0.8660254037844387,-0.4999999999999998,0.9999907397361901,0.004303538296244289
QLPH052017,105.29,9.19,0.39,2017-04-15,25.3,1814.4,1.8144,178.86655155098686,232.52651701628292,5,1.1,1.1,1.1,1.0833333333333333,0.8957142857142857,0.8660254037844387,-0.4999999999999998,0.9721181966290613,-0.23449138957040985
QLPH052017,105.29,9.19,0.39,2017-05-01,25.9,12698.0,12.698,178.86655155098686,232.52651701628292,5,1.07,1.07,1.07,0.9099999999999998,0.6171428571428572,0.49999999999999994,-0.8660254037844387,0.8717063187093218,-0.4900286664290592
QLPH052017,105.29,9.19,0.39,2017-05-15,27.6,1352.0,1.352,178.86655155098686,232.52651701628292,5,1.11,1.11,1.11,1.0799999999999998,0.7757142857142857,0.49999999999999994,-0.8660254037844387,0.7295575540864875,-0.6839194216246106
QLPH052017,105.29,9.19,0.39,2017-06-01,19.0,132.0,0.132,178.86655155098686,232.52651701628292,5,1.08,1.08,1.08,1.3066666666666666,1.0171428571428571,1.2246467991473532e-16,-1.0,0.5012418134457758,-0.865307254363206
QLPH052017,105.29,9.19,0.39,2017-06-15,18.8,15.0,0.015,178.86655155098686,232.52651701628292,5,1.03,1.03,1.03,1.2,1.0657142857142856,1.2246467991473532e-16,-1.0,0.28023067519921585,-0.9599326896597447
QLPH052019,105.29,9.19,0.39,2019-01-01,17.5,283.6,0.2836,178.86655155098686,232.52651701628292,5,0.66,0.66,0.66,1.0099999999999998,1.2542857142857144,0.49999999999999994,0.8660254037844387,0.017213356155834685,0.9998518392091162
QLPH052019,105.29,9.19,0.39,2019-01-15,17.3,2264.4,2.2644,178.86655155098686,232.52651701628292,5,1.0,1.0,1.0,1.0399999999999998,1.2871428571428574,0.49999999999999994,0.8660254037844387,0.255353295116187,0.9668478136052775
QLPH052019,105.29,9.19,0.39,2019-02-01,21.5,318.22,0.31822,178.86655155098686,232.52651701628292,5,0.62,0.62,0.62,0.7799999999999997,1.1500000000000001,0.8660254037844386,0.5000000000000001,0.5234156073655503,0.8520775211013093
QLPH052019,105.29,9.19,0.39,2019-02-19,22.2,19213.9,19.213900000000002,178.86655155098686,232.52651701628292,5,0.58,0.58,0.58,0.26333333333333303,0.29142857142857154,0.8660254037844386,0.5000000000000001,0.7583058084785624,0.6518989958787126
QLPH052019,105.29,9.19,0.39,2019-03-04,25.6,1827.0,1.827,178.86655155098686,232.52651701628292,5,0.49,0.49,0.49,0.16666666666666638,0.4642857142857144,1.0,6.123233995736766e-17,0.8840675099433636,0.4673592171580022
QLPH052019,105.29,9.19,0.39,2019-03-20,27.5,1865.0,1.865,178.86655155098686,232.52651701628292,5,0.46,0.46,0.46,0.1599999999999997,0.2714285714285715,1.0,6.123233995736766e-17,0.9778483415056568,0.20931464596304847
QLPH052019,105.29,9.19,0.39,2019-04-01,23.1,17655.0,17.655,178.86655155098686,232.52651701628292,5,0.42,0.42,0.42,0.3099999999999998,0.7257142857142858,0.8660254037844387,-0.4999999999999998,0.9999907397361901,0.004303538296244289
QLPH052019,105.29,9.19,0.39,2019-04-15,27.4,179.0,0.179,178.86655155098686,232.52651701628292,5,-0.03,-0.03,-0.03,0.5666666666666665,0.8257142857142858,0.8660254037844387,-0.4999999999999998,0.9721181966290613,-0.23449138957040985
QLPH052019,105.29,9.19,0.39,2019-05-01,29.6,1852.0,1.852,178.86655155098686,232.52651701628292,5,0.30000000000000004,0.30000000000000004,0.30000000000000004,0.2266666666666665,0.5971428571428572,0.49999999999999994,-0.8660254037844387,0.8717063187093218,-0.4900286664290592
QLPH052019,105.29,9.19,0.39,2019-05-15,26.2,1641.0,1.641,178.86655155098686,232.52651701628292,5,0.18,0.18,0.18,0.21666666666666648,0.5771428571428573,0.49999999999999994,-0.8660254037844387,0.7295575540864875,-0.6839194216246106
QLPH052020,105.29,9.19,0.39,2020-02-11,25.4,2127.0,2.127,178.86655155098686,232.52651701628292,5,0.8300000000000001,0.8300000000000001,0.8300000000000001,0.36999999999999966,0.3542857142857144,0.8660254037844386,0.5000000000000001,0.6616346182422783,0.7498264012045686
QLPH052020,105.29,9.19,0.39,2020-02-25,29.0,25524.0,25.524,178.86655155098686,232.52651701628292,5,0.92,0.92,0.92,0.41666666666666635,0.23285714285714296,0.8660254037844386,0.5000000000000001,0.8214765533024142,0.5702422926917871
QLPH052020,105.29,9.19,0.39,2020-03-14,3.9,1737.5,1.7375,178.86655155098686,232.52651701628292,5,1.09,1.09,1.09,0.6133333333333332,0.2685714285714287,1.0,6.123233995736766e-17,0.9562348265919056,0.29260033563334836
QLPH052020,105.29,9.19,0.39,2020-03-26,34.3,18841.5,18.8415,178.86655155098686,232.52651701628292,5,0.07,0.07,0.07,0.20999999999999977,0.052857142857142984,1.0,6.123233995736766e-17,0.995918996147179,0.09025161003104117
QLPH052020,105.29,9.19,0.39,2020-05-02,25.4,1879.5,1.8795,178.86655155098686,232.52651701628292,5,0.09,0.09,0.09,0.4599999999999997,0.6314285714285716,0.49999999999999994,-0.8660254037844387,0.854322169749827,-0.5197438121555155
QLPH052020,105.29,9.19,0.39,2020-05-11,34.0,22156.25,22.15625,178.86655155098686,232.52651701628292,5,0.9500000000000001,0.9500000000000001,0.9500000000000001,0.47999999999999976,0.1985714285714287,0.49999999999999994,-0.8660254037844387,0.7638886127905428,-0.6453481132295501
QLPH052020,105.29,9.19,0.39,2020-05-25,34.6,2635.0,2.635,178.86655155098686,232.52651701628292,5,0.73,0.73,0.73,0.3333333333333331,-0.008571428571428437,0.49999999999999994,-0.8660254037844387,0.5877852522924732,-0.8090169943749473
QLPH052020,105.29,9.19,0.39,2020-06-09,28.1,2155.5,2.1555,178.86655155098686,232.52651701628292,5,0.92,0.92,0.92,0.31666666666666643,-0.09142857142857132,1.2246467991473532e-16,-1.0,0.36171373072976765,-0.9322892131745133
QLPH052020,105.29,9.19,0.39,2020-06-23,24.1,32259.5,32.2595,178.86655155098686,232.52651701628292,5,0.79,0.79,0.79,0.20666666666666642,-0.1514285714285713,1.2246467991473532e-16,-1.0,0.12874817745258132,-0.99167731989929
QLPH052021,105.29,9.19,0.39,2015-07-13,17.7,11952.0,11.952,178.86655155098686,232.52651701628292,5,0.71,0.71,0.71,0.33833333333333326,0.19142857142857167,-0.4999999999999997,-0.8660254037844388,-0.19667288979357622,-0.9804691603616321
QLPH052022,105.29,9.19,0.39,2022-02-17,22.7,12565.387063740276,,178.86655155098686,232.52651701628292,5,0.63,0.63,0.63,0.47000000000000003,0.5342857142857147,0.8660254037844386,0.5000000000000001,0.7354170229639855,0.6776147890466889
QLPH052022,105.29,9.19,0.39,2022-03-05,24.7,13672.46962442224,,178.86655155098686,232.52651701628292,5,0.9500000000000001,0.9500000000000001,0.9500000000000001,0.6033333333333334,0.40000000000000036,1.0,6.123233995736766e-17,0.8919813464595485,0.45207220393230435
QLPH052022,105.29,9.19,0.39,2022-03-19,24.9,13783.177880490437,,178.86655155098686,232.52651701628292,5,0.42,0.42,0.42,0.11333333333333327,0.06428571428571467,1.0,6.123233995736766e-17,0.9741004551724205,0.22611568550828828
QLPH052022,105.29,9.19,0.39,2022-04-03,26.2,14502.781544933712,,178.86655155098686,232.52651701628292,5,0.61,0.61,0.61,0.15999999999999995,0.0457142857142861,0.8660254037844387,-0.4999999999999998,0.9995462806873573,-0.030120304846908114
QLPH052022,105.29,9.19,0.39,2022-04-17,16.0,8856.660485455703,,178.86655155098686,232.52651701628292,5,0.17,0.17,0.17,0.1133333333333331,0.20857142857142894,0.8660254037844387,-0.4999999999999998,0.9634705485641488,-0.2678143051621742
QLPH052022,105.29,9.19,0.39,2022-05-03,2.4,1328.4990728183552,,178.86655155098686,232.52651701628292,5,0.9500000000000001,0.9500000000000001,0.9500000000000001,0.2599999999999998,0.09857142857142888,0.49999999999999994,-0.8660254037844387,0.854322169749827,-0.5197438121555155
QLPH052022,105.29,9.19,0.39,2022-05-17,15.8,8745.952229387507,,178.86655155098686,232.52651701628292,5,0.44,0.44,0.44,0.23999999999999977,0.19857142857142887,0.49999999999999994,-0.8660254037844387,0.705583610107178,-0.7086266782644596
QLPH052022,105.29,9.19,0.39,2022-06-01,12.0,6642.4953640917765,,178.86655155098686,232.52651701628292,5,1.1,1.1,1.1,0.4733333333333331,0.2800000000000003,1.2246467991473532e-16,-1.0,0.5012418134457758,-0.865307254363206
QLPH052022,105.29,9.19,0.39,2022-06-15,13.1,7251.390772466856,,178.86655155098686,232.52651701628292,5,0.6900000000000001,0.6900000000000001,0.6900000000000001,0.40999999999999975,0.37285714285714316,1.2246467991473532e-16,-1.0,0.28023067519921585,-0.9599326896597447
QLPH062016,105.46,9.44,0.44,2016-02-29,2.4,11414.0,11.414,153.7331708466058,199.85312210058754,4,0.5750000000000001,0.5750000000000001,0.5750000000000001,0.5966666666666666,0.5785714285714287,0.8660254037844386,0.5000000000000001,0.8587639582758029,0.5123714121284237
QLPH062016,105.46,9.44,0.44,2016-03-15,27.6,16945.1,16.9451,153.7331708466058,199.85312210058754,4,0.46,0.46,0.46,0.7833333333333333,0.7842857142857144,1.0,6.123233995736766e-17,0.9611297838723007,0.27609697309746883
QLPH062016,105.46,9.44,0.44,2016-04-02,16.6,12868.35,12.86835,153.7331708466058,199.85312210058754,4,0.33,0.33,0.33,0.45,0.5214285714285715,0.8660254037844387,-0.4999999999999998,0.9995462806873573,-0.030120304846908114
QLPH062016,105.46,9.44,0.44,2016-04-15,27.6,14534.0,14.534,153.7331708466058,199.85312210058754,4,-0.03,-0.03,-0.03,0.5433333333333333,0.7185714285714286,0.8660254037844387,-0.4999999999999998,0.9679377830240642,-0.25119006388481935
QLPH062016,105.46,9.44,0.44,2016-05-02,31.7,15241.0,15.241,153.7331708466058,199.85312210058754,4,-0.06,-0.06,-0.06,-0.023333333333333334,0.3742857142857143,0.49999999999999994,-0.8660254037844387,0.854322169749827,-0.5197438121555155
QLPH062016,105.46,9.44,0.44,2016-05-16,32.0,19875.2,19.8752,153.7331708466058,199.85312210058754,4,0.05,0.05,0.05,0.02333333333333333,0.45714285714285713,0.49999999999999994,-0.8660254037844387,0.705583610107178,-0.7086266782644596
QLPH062016,105.46,9.44,0.44,2016-06-02,1.4,6125.4,6.1254,153.7331708466058,199.85312210058754,4,0.08,0.08,0.08,-0.01333333333333337,0.19999999999999998,1.2246467991473532e-16,-1.0,0.4711595076738638,-0.8820480249558537
QLPH062016,105.46,9.44,0.44,2016-06-15,11.2,7524.1,7.524100000000001,153.7331708466058,199.85312210058754,4,0.03,0.03,0.03,0.01,0.44,1.2246467991473532e-16,-1.0,0.26366549272800704,-0.9646141756912435
QLPH062017,105.17,9.19,0.38,2017-03-01,21.6,476.75,0.47675,178.4719221870841,232.01349884320933,5,0.92,0.92,0.92,0.7633333333333331,0.59,1.0,6.123233995736766e-17,0.8587639582758029,0.5123714121284237
QLPH062017,105.17,9.19,0.38,2017-03-16,22.0,3468.0,3.468,178.4719221870841,232.01349884320933,5,1.08,1.08,1.08,0.9666666666666665,0.6942857142857142,1.0,6.123233995736766e-17,0.9611297838723007,0.27609697309746883
QLPH062017,105.17,9.19,0.38,2017-04-01,25.4,1741.0,1.741,178.4719221870841,232.01349884320933,5,1.21,1.21,1.21,0.8733333333333332,0.6414285714285715,0.8660254037844387,-0.4999999999999998,0.9999907397361901,0.004303538296244289
QLPH062017,105.17,9.19,0.38,2017-04-15,25.0,1275.9,1.2759,178.4719221870841,232.01349884320933,5,1.1,1.1,1.1,1.0833333333333333,0.8957142857142857,0.8660254037844387,-0.4999999999999998,0.9721181966290613,-0.23449138957040985
QLPH062017,105.17,9.19,0.38,2017-05-01,22.6,11324.0,11.324,178.4719221870841,232.01349884320933,5,1.07,1.07,1.07,0.9099999999999998,0.6171428571428572,0.49999999999999994,-0.8660254037844387,0.8717063187093218,-0.4900286664290592
QLPH062017,105.17,9.19,0.38,2017-05-15,27.2,133.0,0.133,178.4719221870841,232.01349884320933,5,1.11,1.11,1.11,1.0799999999999998,0.7757142857142857,0.49999999999999994,-0.8660254037844387,0.7295575540864875,-0.6839194216246106
QLPH062017,105.17,9.19,0.38,2017-06-01,13.9,8725.0,8.725,178.4719221870841,232.01349884320933,5,1.08,1.08,1.08,1.3066666666666666,1.0171428571428571,1.2246467991473532e-16,-1.0,0.5012418134457758,-0.865307254363206
QLPH062017,105.17,9.19,0.38,2017-06-15,17.4,9252.0,9.252,178.4719221870841,232.01349884320933,5,1.03,1.03,1.03,1.2,1.0657142857142856,1.2246467991473532e-16,-1.0,0.28023067519921585,-0.9599326896597447
QLPH062019,105.17,9.19,0.38,2019-01-01,15.0,1691.27,1.69127,178.4719221870841,232.01349884320933,5,0.66,0.66,0.66,1.0099999999999998,1.2542857142857144,0.49999999999999994,0.8660254037844387,0.017213356155834685,0.9998518392091162
QLPH062019,105.17,9.19,0.38,2019-01-15,15.8,1841.55,1.84155,178.4719221870841,232.01349884320933,5,1.0,1.0,1.0,1.0399999999999998,1.2871428571428574,0.49999999999999994,0.8660254037844387,0.255353295116187,0.9668478136052775
QLPH062019,105.17,9.19,0.38,2019-02-01,22.4,3284.7,3.2847,178.4719221870841,232.01349884320933,5,0.62,0.62,0.62,0.7799999999999997,1.1500000000000001,0.8660254037844386,0.5000000000000001,0.5234156073655503,0.8520775211013093
QLPH062019,105.17,9.19,0.38,2019-02-19,23.1,2844.6,2.8446,178.4719221870841,232.01349884320933,5,0.58,0.58,0.58,0.26333333333333303,0.29142857142857154,0.8660254037844386,0.5000000000000001,0.7583058084785624,0.6518989958787126
QLPH062019,105.17,9.19,0.38,2019-03-04,23.0,1862.0,1.862,178.4719221870841,232.01349884320933,5,0.49,0.49,0.49,0.16666666666666638,0.4642857142857144,1.0,6.123233995736766e-17,0.8840675099433636,0.4673592171580022
QLPH062019,105.17,9.19,0.38,2019-03-20,27.6,1896.0,1.896,178.4719221870841,232.01349884320933,5,0.46,0.46,0.46,0.1599999999999997,0.2714285714285715,1.0,6.123233995736766e-17,0.9778483415056568,0.20931464596304847
QLPH062019,105.17,9.19,0.38,2019-04-01,23.2,1752.0,1.752,178.4719221870841,232.01349884320933,5,0.42,0.42,0.42,0.3099999999999998,0.7257142857142858,0.8660254037844387,-0.4999999999999998,0.9999907397361901,0.004303538296244289
QLPH062019,105.17,9.19,0.38,2019-04-15,27.6,1765.0,1.765,178.4719221870841,232.01349884320933,5,-0.03,-0.03,-0.03,0.5666666666666665,0.8257142857142858,0.8660254037844387,-0.4999999999999998,0.9721181966290613,-0.23449138957040985
QLPH062019,105.17,9.19,0.38,2019-05-01,3.5,1832.0,1.832,178.4719221870841,232.01349884320933,5,0.30000000000000004,0.30000000000000004,0.30000000000000004,0.2266666666666665,0.5971428571428572,0.49999999999999994,-0.8660254037844387,0.8717063187093218,-0.4900286664290592
QLPH062019,105.17,9.19,0.38,2019-05-15,26.1,15362.0,15.362,178.4719221870841,232.01349884320933,5,0.18,0.18,0.18,0.21666666666666648,0.5771428571428573,0.49999999999999994,-0.8660254037844387,0.7295575540864875,-0.6839194216246106
QLPH062020,105.17,9.19,0.38,2020-02-11,27.3,22262.6,22.2626,178.4719221870841,232.01349884320933,5,0.8300000000000001,0.8300000000000001,0.8300000000000001,0.36999999999999966,0.3542857142857144,0.8660254037844386,0.5000000000000001,0.6616346182422783,0.7498264012045686
QLPH062020,105.17,9.19,0.38,2020-02-25,29.1,2915.0,2.915,178.4719221870841,232.01349884320933,5,0.92,0.92,0.92,0.41666666666666635,0.23285714285714296,0.8660254037844386,0.5000000000000001,0.8214765533024142,0.5702422926917871
QLPH062020,105.17,9.19,0.38,2020-03-14,31.6,23751.5,23.7515,178.4719221870841,232.01349884320933,5,1.09,1.09,1.09,0.6133333333333332,0.2685714285714287,1.0,6.123233995736766e-17,0.9562348265919056,0.29260033563334836
QLPH062020,105.17,9.19,0.38,2020-03-26,34.0,185.5,0.1855,178.4719221870841,232.01349884320933,5,0.07,0.07,0.07,0.20999999999999977,0.052857142857142984,1.0,6.123233995736766e-17,0.995918996147179,0.09025161003104117
QLPH062020,105.17,9.19,0.38,2020-05-02,24.6,2915.5,2.9155,178.4719221870841,232.01349884320933,5,0.09,0.09,0.09,0.4599999999999997,0.6314285714285716,0.49999999999999994,-0.8660254037844387,0.854322169749827,-0.5197438121555155
QLPH062020,105.17,9.19,0.38,2020-05-11,3.6,2383.75,2.38375,178.4719221870841,232.01349884320933,5,0.9500000000000001,0.9500000000000001,0.9500000000000001,0.47999999999999976,0.1985714285714287,0.49999999999999994,-0.8660254037844387,0.7638886127905428,-0.6453481132295501
QLPH062020,105.17,9.19,0.38,2020-05-25,32.5,2354.0,2.354,178.4719221870841,232.01349884320933,5,0.73,0.73,0.73,0.3333333333333331,-0.008571428571428437,0.49999999999999994,-0.8660254037844387,0.5877852522924732,-0.8090169943749473
QLPH062020,105.17,9.19,0.38,2020-06-09,28.4,264.0,0.264,178.4719221870841,232.01349884320933,5,0.92,0.92,0.92,0.31666666666666643,-0.09142857142857132,1.2246467991473532e-16,-1.0,0.36171373072976765,-0.9322892131745133
QLPH062020,105.17,9.19,0.38,2020-06-23,23.2,3132.5,3.1325,178.4719221870841,232.01349884320933,5,0.79,0.79,0.79,0.20666666666666642,-0.1514285714285713,1.2246467991473532e-16,-1.0,0.12874817745258132,-0.99167731989929
QLPH062021,105.17,9.19,0.38,2015-07-13,16.9,1242.0,1.242,178.4719221870841,232.01349884320933,5,0.71,0.71,0.71,0.33833333333333326,0.19142857142857167,-0.4999999999999997,-0.8660254037844388,-0.19667288979357622,-0.9804691603616321
QLPH062022,105.17,9.19,0.38,2022-02-17,22.9,12676.095319808474,,178.4719221870841,232.01349884320933,5,0.63,0.63,0.63,0.47000000000000003,0.5342857142857147,0.8660254037844386,0.5000000000000001,0.7354170229639855,0.6776147890466889
QLPH062022,105.17,9.19,0.38,2022-03-05,24.7,13672.46962442224,,178.4719221870841,232.01349884320933,5,0.9500000000000001,0.9500000000000001,0.9500000000000001,0.6033333333333334,0.40000000000000036,1.0,6.123233995736766e-17,0.8919813464595485,0.45207220393230435
QLPH062022,105.17,9.19,0.38,2022-03-19,25.1,13893.886136558633,,178.4719221870841,232.01349884320933,5,0.42,0.42,0.42,0.11333333333333327,0.06428571428571467,1.0,6.123233995736766e-17,0.9741004551724205,0.22611568550828828
QLPH062022,105.17,9.19,0.38,2022-04-03,25.6,14170.656776729125,,178.4719221870841,232.01349884320933,5,0.61,0.61,0.61,0.15999999999999995,0.0457142857142861,0.8660254037844387,-0.4999999999999998,0.9995462806873573,-0.030120304846908114
QLPH062022,105.17,9.19,0.38,2022-04-17,11.6,6421.078851955384,,178.4719221870841,232.01349884320933,5,0.17,0.17,0.17,0.1133333333333331,0.20857142857142894,0.8660254037844387,-0.4999999999999998,0.9634705485641488,-0.2678143051621742
QLPH062022,105.17,9.19,0.38,2022-05-03,16.1,8912.014613489802,,178.4719221870841,232.01349884320933,5,0.9500000000000001,0.9500000000000001,0.9500000000000001,0.2599999999999998,0.09857142857142888,0.49999999999999994,-0.8660254037844387,0.854322169749827,-0.5197438121555155
QLPH062022,105.17,9.19,0.38,2022-05-17,13.1,7251.390772466856,,178.4719221870841,232.01349884320933,5,0.44,0.44,0.44,0.23999999999999977,0.19857142857142887,0.49999999999999994,-0.8660254037844387,0.705583610107178,-0.7086266782644596
QLPH062022,105.17,9.19,0.38,2022-06-01,4.4,2435.5816335003183,,178.4719221870841,232.01349884320933,5,1.1,1.1,1.1,0.4733333333333331,0.2800000000000003,1.2246467991473532e-16,-1.0,0.5012418134457758,-0.865307254363206
QLPH062022,105.17,9.19,0.38,2022-06-15,5.8,3210.539425977692,,178.4719221870841,232.01349884320933,5,0.6900000000000001,0.6900000000000001,0.6900000000000001,0.40999999999999975,0.37285714285714316,1.2246467991473532e-16,-1.0,0.28023067519921585,-0.9599326896597447
QLPH072016,105.36,9.34,0.25,2016-02-29,26.6,13882.0,13.882,162.97114263978105,211.86248543171538,4,0.5750000000000001,0.5750000000000001,0.5750000000000001,0.5966666666666666,0.5785714285714287,0.8660254037844386,0.5000000000000001,0.8587639582758029,0.5123714121284237
QLPH072016,105.36,9.34,0.25,2016-03-15,28.3,19426.6,19.426599999999997,162.97114263978105,211.86248543171538,4,0.46,0.46,0.46,0.7833333333333333,0.7842857142857144,1.0,6.123233995736766e-17,0.9611297838723007,0.27609697309746883
QLPH072016,105.36,9.34,0.25,2016-04-02,33.5,142.75,0.14275,162.97114263978105,211.86248543171538,4,0.33,0.33,0.33,0.45,0.5214285714285715,0.8660254037844387,-0.4999999999999998,0.9995462806873573,-0.030120304846908114
QLPH072016,105.36,9.34,0.25,2016-04-15,34.8,18788.0,18.788,162.97114263978105,211.86248543171538,4,-0.03,-0.03,-0.03,0.5433333333333333,0.7185714285714286,0.8660254037844387,-0.4999999999999998,0.9679377830240642,-0.25119006388481935
QLPH072016,105.36,9.34,0.25,2016-05-02,34.0,18792.0,18.792,162.97114263978105,211.86248543171538,4,-0.06,-0.06,-0.06,-0.023333333333333334,0.3742857142857143,0.49999999999999994,-0.8660254037844387,0.854322169749827,-0.5197438121555155
QLPH072016,105.36,9.34,0.25,2016-05-16,38.3,2144.0,2.144,162.97114263978105,211.86248543171538,4,0.05,0.05,0.05,0.02333333333333333,0.45714285714285713,0.49999999999999994,-0.8660254037844387,0.705583610107178,-0.7086266782644596
QLPH072016,105.36,9.34,0.25,2016-06-02,27.7,16847.8,16.8478,162.97114263978105,211.86248543171538,4,0.08,0.08,0.08,-0.01333333333333337,0.19999999999999998,1.2246467991473532e-16,-1.0,0.4711595076738638,-0.8820480249558537
QLPH072016,105.36,9.34,0.25,2016-06-15,27.1,165.0,0.165,162.97114263978105,211.86248543171538,4,0.03,0.03,0.03,0.01,0.44,1.2246467991473532e-16,-1.0,0.26366549272800704,-0.9646141756912435
QLPH072017,105.39,9.37,0.4,2017-03-01,21.7,3545.0,3.545,160.0961704860164,208.12502163182134,4,1.06,1.06,1.06,0.8399999999999999,0.6685714285714285,1.0,6.123233995736766e-17,0.8587639582758029,0.5123714121284237
QLPH072017,105.39,9.37,0.4,2017-03-16,2.9,362.0,0.362,160.0961704860164,208.12502163182134,4,1.04,1.04,1.04,1.0366666666666664,0.7928571428571429,1.0,6.123233995736766e-17,0.9611297838723007,0.27609697309746883
QLPH072017,105.39,9.37,0.4,2017-04-01,22.5,6247.0,6.247,160.0961704860164,208.12502163182134,4,1.17,1.17,1.17,1.0433333333333332,0.7700000000000001,0.8660254037844387,-0.4999999999999998,0.9999907397361901,0.004303538296244289
QLPH072017,105.39,9.37,0.4,2017-04-15,24.2,1562.4,1.5624,160.0961704860164,208.12502163182134,4,0.98,0.98,0.98,1.1199999999999999,0.9771428571428571,0.8660254037844387,-0.4999999999999998,0.9721181966290613,-0.23449138957040985
QLPH072017,105.39,9.37,0.4,2017-05-01,25.4,12955.0,12.955,160.0961704860164,208.12502163182134,4,1.03,1.03,1.03,1.0199999999999998,0.7314285714285714,0.49999999999999994,-0.8660254037844387,0.8717063187093218,-0.4900286664290592
QLPH072017,105.39,9.37,0.4,2017-05-15,27.8,1422.0,1.422,160.0961704860164,208.12502163182134,4,1.07,1.07,1.07,1.1233333333333333,0.8785714285714287,0.49999999999999994,-0.8660254037844387,0.7295575540864875,-0.6839194216246106
QLPH072017,105.39,9.37,0.4,2017-06-01,14.4,9214.0,9.214,160.0961704860164,208.12502163182134,4,0.8200000000000001,0.8200000000000001,0.8200000000000001,1.2333333333333334,1.0985714285714285,1.2246467991473532e-16,-1.0,0.5012418134457758,-0.865307254363206
QLPH072017,105.39,9.37,0.4,2017-06-15,15.9,985.0,0.985,160.0961704860164,208.12502163182134,4,0.91,0.91,0.91,1.1433333333333333,1.1071428571428572,1.2246467991473532e-16,-1.0,0.28023067519921585,-0.9599326896597447
QLPH072019,105.48,9.37,0.39,2019-01-01,1.2,125.44,0.12544,161.7984050863093,210.33792661220207,4,0.6900000000000001,0.6900000000000001,0.6900000000000001,0.8099999999999997,1.1471428571428572,0.49999999999999994,0.8660254037844387,0.017213356155834685,0.9998518392091162
QLPH072019,105.48,9.37,0.39,2019-01-15,1.0,1.17,0.00117,161.7984050863093,210.33792661220207,4,0.48,0.48,0.48,0.9666666666666663,1.215714285714286,0.49999999999999994,0.8660254037844387,0.255353295116187,0.9668478136052775
QLPH072019,105.48,9.37,0.39,2019-02-01,16.9,1542.29,1.54229,161.7984050863093,210.33792661220207,4,0.7000000000000001,0.7000000000000001,0.7000000000000001,0.6599999999999997,1.0285714285714287,0.8660254037844386,0.5000000000000001,0.5234156073655503,0.8520775211013093
QLPH072019,105.48,9.37,0.39,2019-02-19,18.9,2127.0,2.127,161.7984050863093,210.33792661220207,4,0.62,0.62,0.62,0.41999999999999965,0.28000000000000014,0.8660254037844386,0.5000000000000001,0.7583058084785624,0.6518989958787126
QLPH072019,105.48,9.37,0.39,2019-03-04,21.7,17915.0,17.915,161.7984050863093,210.33792661220207,4,0.68,0.68,0.68,0.2999999999999997,0.3857142857142858,1.0,6.123233995736766e-17,0.8840675099433636,0.4673592171580022
QLPH072019,105.48,9.37,0.39,2019-03-20,24.0,181.0,0.181,161.7984050863093,210.33792661220207,4,0.72,0.72,0.72,0.2899999999999997,0.24142857142857158,1.0,6.123233995736766e-17,0.9778483415056568,0.20931464596304847
QLPH072019,105.48,9.37,0.39,2019-04-01,2.9,1524.0,1.524,161.7984050863093,210.33792661220207,4,0.44,0.44,0.44,0.3066666666666665,0.6057142857142858,0.8660254037844387,-0.4999999999999998,0.9999907397361901,0.004303538296244289
QLPH072019,105.48,9.37,0.39,2019-04-15,25.8,152.0,0.152,161.7984050863093,210.33792661220207,4,0.1,0.1,0.1,0.28999999999999987,0.6785714285714287,0.8660254037844387,-0.4999999999999998,0.9721181966290613,-0.23449138957040985
QLPH072019,105.48,9.37,0.39,2019-05-01,2.6,141.0,0.141,161.7984050863093,210.33792661220207,4,0.37,0.37,0.37,0.25999999999999984,0.47571428571428587,0.49999999999999994,-0.8660254037844387,0.8717063187093218,-0.4900286664290592
QLPH072019,105.48,9.37,0.39,2019-05-15,22.2,1456.0,1.456,161.7984050863093,210.33792661220207,4,0.29,0.29,0.29,0.09333333333333316,0.46714285714285725,0.49999999999999994,-0.8660254037844387,0.7295575540864875,-0.6839194216246106
QLPH072020,105.48,9.37,0.39,2020-02-11,25.1,17583.2,17.5832,161.7984050863093,210.33792661220207,4,0.92,0.92,0.92,0.5499999999999997,0.442857142857143,0.8660254037844386,0.5000000000000001,0.6616346182422783,0.7498264012045686
QLPH072020,105.48,9.37,0.39,2020-02-25,27.6,23184.0,23.184,161.7984050863093,210.33792661220207,4,1.12,1.12,1.12,0.6999999999999997,0.31571428571428584,0.8660254037844386,0.5000000000000001,0.8214765533024142,0.5702422926917871
QLPH072020,105.48,9.37,0.39,2020-03-14,29.3,19497.5,19.4975,161.7984050863093,210.33792661220207,4,1.03,1.03,1.03,0.8599999999999998,0.4400000000000001,1.0,6.123233995736766e-17,0.9562348265919056,0.29260033563334836
QLPH072020,105.48,9.37,0.39,2020-03-26,32.4,3132.5,3.1325,161.7984050863093,210.33792661220207,4,0.86,0.86,0.86,0.19999999999999982,0.0942857142857144,1.0,6.123233995736766e-17,0.995918996147179,0.09025161003104117
QLPH072020,105.48,9.37,0.39,2020-05-02,33.1,13293.75,13.29375,161.7984050863093,210.33792661220207,4,-0.09,-0.09,-0.09,0.28333333333333305,0.532857142857143,0.49999999999999994,-0.8660254037844387,0.854322169749827,-0.5197438121555155
QLPH072020,105.48,9.37,0.39,2020-05-11,34.6,22865.25,22.86525,161.7984050863093,210.33792661220207,4,0.85,0.85,0.85,0.7599999999999998,0.34000000000000014,0.49999999999999994,-0.8660254037844387,0.7638886127905428,-0.6453481132295501
QLPH072020,105.48,9.37,0.39,2020-05-25,36.9,2132.0,2.132,161.7984050863093,210.33792661220207,4,0.68,0.68,0.68,0.5699999999999997,0.14714285714285727,0.49999999999999994,-0.8660254037844387,0.5877852522924732,-0.8090169943749473
QLPH072020,105.48,9.37,0.39,2020-06-09,32.0,2164.5,2.1645,161.7984050863093,210.33792661220207,4,0.85,0.85,0.85,0.6466666666666665,0.11571428571428584,1.2246467991473532e-16,-1.0,0.36171373072976765,-0.9322892131745133
QLPH072020,105.48,9.37,0.39,2020-06-23,26.3,3595.5,3.5955,161.7984050863093,210.33792661220207,4,0.8200000000000001,0.8200000000000001,0.8200000000000001,0.5299999999999998,0.018571428571428683,1.2246467991473532e-16,-1.0,0.12874817745258132,-0.99167731989929
QLPH072021,105.39,9.37,0.4,2015-07-13,14.4,121.0,0.121,160.0961704860164,208.12502163182134,4,0.785,0.785,0.785,0.5349999999999999,0.25428571428571456,-0.4999999999999997,-0.8660254037844388,-0.19667288979357622,-0.9804691603616321
QLPH072022,105.39,9.37,0.4,2022-02-17,18.6,10295.867814342255,,160.0961704860164,208.12502163182134,4,0.75,0.75,0.75,0.54,0.4900000000000004,0.8660254037844386,0.5000000000000001,0.7354170229639855,0.6776147890466889
QLPH072022,105.39,9.37,0.4,2022-03-05,21.8,12067.199911433396,,160.0961704860164,208.12502163182134,4,1.21,1.21,1.21,0.7833333333333332,0.48857142857142893,1.0,6.123233995736766e-17,0.8919813464595485,0.45207220393230435
QLPH072022,105.39,9.37,0.4,2022-03-19,21.9,12122.554039467492,,160.0961704860164,208.12502163182134,4,0.6000000000000001,0.6000000000000001,0.6000000000000001,0.25333333333333324,0.12428571428571467,1.0,6.123233995736766e-17,0.9741004551724205,0.22611568550828828
QLPH072022,105.39,9.37,0.4,2022-04-03,22.0,12177.90816750159,,160.0961704860164,208.12502163182134,4,1.09,1.09,1.09,0.35666666666666663,0.1257142857142861,0.8660254037844387,-0.4999999999999998,0.9995462806873573,-0.030120304846908114
QLPH072022,105.39,9.37,0.4,2022-04-17,8.0,4428.330242727851,,160.0961704860164,208.12502163182134,4,0.35000000000000003,0.35000000000000003,0.35000000000000003,0.12999999999999978,0.16571428571428606,0.8660254037844387,-0.4999999999999998,0.9634705485641488,-0.2678143051621742
QLPH072022,105.39,9.37,0.4,2022-05-03,17.1,9465.555893830782,,160.0961704860164,208.12502163182134,4,1.02,1.02,1.02,0.5433333333333331,0.24142857142857177,0.49999999999999994,-0.8660254037844387,0.854322169749827,-0.5197438121555155
QLPH072022,105.39,9.37,0.4,2022-05-17,5.0,2767.706401704907,,160.0961704860164,208.12502163182134,4,0.8,0.8,0.8,0.31333333333333313,0.24000000000000035,0.49999999999999994,-0.8660254037844387,0.705583610107178,-0.7086266782644596
QLPH072022,105.39,9.37,0.4,2022-06-01,7.0,3874.78896238687,,160.0961704860164,208.12502163182134,4,1.22,1.22,1.22,0.7499999999999997,0.4328571428571432,1.2246467991473532e-16,-1.0,0.5012418134457758,-0.865307254363206
QLPH072022,105.39,9.37,0.4,2022-06-15,6.1,3376.601810079986,,160.0961704860164,208.12502163182134,4,0.9400000000000001,0.9400000000000001,0.9400000000000001,0.5199999999999998,0.4114285714285718,1.2246467991473532e-16,-1.0,0.28023067519921585,-0.9599326896597447
QLPH082016,105.3,9.28,0.31,2016-02-29,27.4,15647.0,15.647,168.963423964359,219.65245115366673,4,0.7000000000000001,0.7000000000000001,0.7000000000000001,0.6516666666666666,0.5978571428571431,0.8660254037844386,0.5000000000000001,0.8587639582758029,0.5123714121284237
QLPH082016,105.3,9.28,0.31,2016-03-15,29.3,19355.7,19.355700000000002,168.963423964359,219.65245115366673,4,0.46,0.46,0.46,0.7833333333333333,0.7842857142857144,1.0,6.123233995736766e-17,0.9611297838723007,0.27609697309746883
QLPH082016,105.3,9.28,0.31,2016-04-02,33.1,13931.85,13.93185,168.963423964359,219.65245115366673,4,0.33,0.33,0.33,0.45,0.5214285714285715,0.8660254037844387,-0.4999999999999998,0.9995462806873573,-0.030120304846908114
QLPH082016,105.3,9.28,0.31,2016-04-15,34.8,1547.0,1.547,168.963423964359,219.65245115366673,4,-0.03,-0.03,-0.03,0.5433333333333333,0.7185714285714286,0.8660254037844387,-0.4999999999999998,0.9679377830240642,-0.25119006388481935
QLPH082016,105.3,9.28,0.31,2016-05-02,34.0,17582.0,17.582,168.963423964359,219.65245115366673,4,-0.06,-0.06,-0.06,-0.023333333333333334,0.3742857142857143,0.49999999999999994,-0.8660254037844387,0.854322169749827,-0.5197438121555155
QLPH082016,105.3,9.28,0.31,2016-05-16,37.3,19754.0,19.754,168.963423964359,219.65245115366673,4,0.05,0.05,0.05,0.02333333333333333,0.45714285714285713,0.49999999999999994,-0.8660254037844387,0.705583610107178,-0.7086266782644596
QLPH082016,105.3,9.28,0.31,2016-06-02,32.8,1965.1,1.9650999999999998,168.963423964359,219.65245115366673,4,0.08,0.08,0.08,-0.01333333333333337,0.19999999999999998,1.2246467991473532e-16,-1.0,0.4711595076738638,-0.8820480249558537
QLPH082016,105.3,9.28,0.31,2016-06-15,31.7,1942.0,1.942,168.963423964359,219.65245115366673,4,0.03,0.03,0.03,0.01,0.44,1.2246467991473532e-16,-1.0,0.26366549272800704,-0.9646141756912435
QLPH082017,105.46,9.44,0.44,2017-03-01,19.9,3793.15,3.7931500000000002,153.7331708466058,199.85312210058754,4,1.06,1.06,1.06,0.8399999999999999,0.6685714285714285,1.0,6.123233995736766e-17,0.8587639582758029,0.5123714121284237
QLPH082017,105.46,9.44,0.44,2017-03-16,18.8,3645.0,3.645,153.7331708466058,199.85312210058754,4,1.04,1.04,1.04,1.0366666666666664,0.7928571428571429,1.0,6.123233995736766e-17,0.9611297838723007,0.27609697309746883
QLPH082017,105.46,9.44,0.44,2017-04-01,22.7,6475.0,6.475,153.7331708466058,199.85312210058754,4,1.17,1.17,1.17,1.0433333333333332,0.7700000000000001,0.8660254037844387,-0.4999999999999998,0.9999907397361901,0.004303538296244289
QLPH082017,105.46,9.44,0.44,2017-04-15,24.1,182.0,0.182,153.7331708466058,199.85312210058754,4,0.98,0.98,0.98,1.1199999999999999,0.9771428571428571,0.8660254037844387,-0.4999999999999998,0.9721181966290613,-0.23449138957040985
QLPH082017,105.46,9.44,0.44,2017-05-01,19.5,975.0,0.975,153.7331708466058,199.85312210058754,4,1.03,1.03,1.03,1.0199999999999998,0.7314285714285714,0.49999999999999994,-0.8660254037844387,0.8717063187093218,-0.4900286664290592
QLPH082017,105.46,9.44,0.44,2017-05-15,26.9,1265.0,1.265,153.7331708466058,199.85312210058754,4,1.07,1.07,1.07,1.1233333333333333,0.8785714285714287,0.49999999999999994,-0.8660254037844387,0.7295575540864875,-0.6839194216246106
QLPH082017,105.46,9.44,0.44,2017-06-01,11.4,3526.0,3.526,153.7331708466058,199.85312210058754,4,0.8200000000000001,0.8200000000000001,0.8200000000000001,1.2333333333333334,1.0985714285714285,1.2246467991473532e-16,-1.0,0.5012418134457758,-0.865307254363206
QLPH082017,105.46,9.44,0.44,2017-06-15,14.8,524.0,0.524,153.7331708466058,199.85312210058754,4,0.91,0.91,0.91,1.1433333333333333,1.1071428571428572,1.2246467991473532e-16,-1.0,0.28023067519921585,-0.9599326896597447
QLPH082019,105.46,9.44,0.44,2019-01-01,0.8,82.69,0.08269,153.7331708466058,199.85312210058754,4,0.6900000000000001,0.6900000000000001,0.6900000000000001,0.8099999999999997,1.1471428571428572,0.49999999999999994,0.8660254037844387,0.017213356155834685,0.9998518392091162
QLPH082019,105.46,9.44,0.44,2019-01-15,0.9,98.5,0.0985,153.7331708466058,199.85312210058754,4,0.48,0.48,0.48,0.9666666666666663,1.215714285714286,0.49999999999999994,0.8660254037844387,0.255353295116187,0.9668478136052775
QLPH082019,105.46,9.44,0.44,2019-02-01,3.7,12.49,0.01249,153.7331708466058,199.85312210058754,4,0.7000000000000001,0.7000000000000001,0.7000000000000001,0.6599999999999997,1.0285714285714287,0.8660254037844386,0.5000000000000001,0.5234156073655503,0.8520775211013093
QLPH082019,105.46,9.44,0.44,2019-02-19,7.5,369.2,0.3692,153.7331708466058,199.85312210058754,4,0.62,0.62,0.62,0.41999999999999965,0.28000000000000014,0.8660254037844386,0.5000000000000001,0.7583058084785624,0.6518989958787126
QLPH082019,105.46,9.44,0.44,2019-03-04,18.7,15654.0,15.654,153.7331708466058,199.85312210058754,4,0.68,0.68,0.68,0.2999999999999997,0.3857142857142858,1.0,6.123233995736766e-17,0.8840675099433636,0.4673592171580022
QLPH082019,105.46,9.44,0.44,2019-03-20,3.1,215.0,0.215,153.7331708466058,199.85312210058754,4,0.72,0.72,0.72,0.2899999999999997,0.24142857142857158,1.0,6.123233995736766e-17,0.9778483415056568,0.20931464596304847
QLPH082019,105.46,9.44,0.44,2019-04-01,18.1,14521.0,14.521,153.7331708466058,199.85312210058754,4,0.44,0.44,0.44,0.3066666666666665,0.6057142857142858,0.8660254037844387,-0.4999999999999998,0.9999907397361901,0.004303538296244289
QLPH082019,105.46,9.44,0.44,2019-04-15,17.0,1362.0,1.362,153.7331708466058,199.85312210058754,4,0.1,0.1,0.1,0.28999999999999987,0.6785714285714287,0.8660254037844387,-0.4999999999999998,0.9721181966290613,-0.23449138957040985
QLPH082019,105.46,9.44,0.44,2019-05-01,15.8,121.0,0.121,153.7331708466058,199.85312210058754,4,0.37,0.37,0.37,0.25999999999999984,0.47571428571428587,0.49999999999999994,-0.8660254037844387,0.8717063187093218,-0.4900286664290592
QLPH082019,105.46,9.44,0.44,2019-05-15,13.8,185.0,0.185,153.7331708466058,199.85312210058754,4,0.29,0.29,0.29,0.09333333333333316,0.46714285714285725,0.49999999999999994,-0.8660254037844387,0.7295575540864875,-0.6839194216246106
QLPH082020,105.46,9.44,0.44,2020-02-11,2.6,136.0,0.136,153.7331708466058,199.85312210058754,4,0.92,0.92,0.92,0.5499999999999997,0.442857142857143,0.8660254037844386,0.5000000000000001,0.6616346182422783,0.7498264012045686
QLPH082020,105.46,9.44,0.44,2020-02-25,11.2,128.0,0.128,153.7331708466058,199.85312210058754,4,1.12,1.12,1.12,0.6999999999999997,0.31571428571428584,0.8660254037844386,0.5000000000000001,0.8214765533024142,0.5702422926917871
QLPH082020,105.46,9.44,0.44,2020-03-14,26.0,1737.5,1.7375,153.7331708466058,199.85312210058754,4,1.03,1.03,1.03,0.8599999999999998,0.4400000000000001,1.0,6.123233995736766e-17,0.9562348265919056,0.29260033563334836
QLPH082020,105.46,9.44,0.44,2020-03-26,32.1,17296.5,17.2965,153.7331708466058,199.85312210058754,4,0.86,0.86,0.86,0.19999999999999982,0.0942857142857144,1.0,6.123233995736766e-17,0.995918996147179,0.09025161003104117
QLPH082020,105.46,9.44,0.44,2020-05-02,21.9,15952.5,15.9525,153.7331708466058,199.85312210058754,4,-0.09,-0.09,-0.09,0.28333333333333305,0.532857142857143,0.49999999999999994,-0.8660254037844387,0.854322169749827,-0.5197438121555155
QLPH082020,105.46,9.44,0.44,2020-05-11,33.2,22865.25,22.86525,153.7331708466058,199.85312210058754,4,0.85,0.85,0.85,0.7599999999999998,0.34000000000000014,0.49999999999999994,-0.8660254037844387,0.7638886127905428,-0.6453481132295501
QLPH082020,105.46,9.44,0.44,2020-05-25,23.8,15324.0,15.324,153.7331708466058,199.85312210058754,4,0.68,0.68,0.68,0.5699999999999997,0.14714285714285727,0.49999999999999994,-0.8660254037844387,0.5877852522924732,-0.8090169943749473
QLPH082020,105.46,9.44,0.44,2020-06-09,2.4,16513.5,16.5135,153.7331708466058,199.85312210058754,4,0.85,0.85,0.85,0.6466666666666665,0.11571428571428584,1.2246467991473532e-16,-1.0,0.36171373072976765,-0.9322892131745133
QLPH082020,105.46,9.44,0.44,2020-06-23,12.4,16661.5,16.6615,153.7331708466058,199.85312210058754,4,0.8200000000000001,0.8200000000000001,0.8200000000000001,0.5299999999999998,0.018571428571428683,1.2246467991473532e-16,-1.0,0.12874817745258132,-0.99167731989929
QLPH082021,105.52,9.49,0.41,2015-07-13,5.7,724.0,0.724,149.77824529560615,194.71171888428802,4,0.785,0.785,0.785,0.5349999999999999,0.25428571428571456,-0.4999999999999997,-0.8660254037844388,-0.19667288979357622,-0.9804691603616321
QLPH082022,105.52,9.49,0.41,2022-02-17,6.1,3376.601810079986,,149.77824529560615,194.71171888428802,4,0.75,0.75,0.75,0.54,0.4900000000000004,0.8660254037844386,0.5000000000000001,0.7354170229639855,0.6776147890466889
QLPH082022,105.52,9.49,0.41,2022-03-05,0.3,166.0623841022944,,149.77824529560615,194.71171888428802,4,1.21,1.21,1.21,0.7833333333333332,0.48857142857142893,1.0,6.123233995736766e-17,0.8919813464595485,0.45207220393230435
QLPH082022,105.52,9.49,0.41,2022-03-19,0.2,110.70825606819629,,149.77824529560615,194.71171888428802,4,0.6000000000000001,0.6000000000000001,0.6000000000000001,0.25333333333333324,0.12428571428571467,1.0,6.123233995736766e-17,0.9741004551724205,0.22611568550828828
QLPH082022,105.52,9.49,0.41,2022-04-03,1.8,996.3743046137665,,149.77824529560615,194.71171888428802,4,1.09,1.09,1.09,0.35666666666666663,0.1257142857142861,0.8660254037844387,-0.4999999999999998,0.9995462806873573,-0.030120304846908114
QLPH082022,105.52,9.49,0.41,2022-04-17,0.5,276.7706401704907,,149.77824529560615,194.71171888428802,4,0.35000000000000003,0.35000000000000003,0.35000000000000003,0.12999999999999978,0.16571428571428606,0.8660254037844387,-0.4999999999999998,0.9634705485641488,-0.2678143051621742
QLPH082022,105.52,9.49,0.41,2022-05-03,5.8,3210.539425977692,,149.77824529560615,194.71171888428802,4,1.02,1.02,1.02,0.5433333333333331,0.24142857142857177,0.49999999999999994,-0.8660254037844387,0.854322169749827,-0.5197438121555155
QLPH082022,105.52,9.49,0.41,2022-05-17,0.1,55.354128034098146,,149.77824529560615,194.71171888428802,4,0.8,0.8,0.8,0.31333333333333313,0.24000000000000035,0.49999999999999994,-0.8660254037844387,0.705583610107178,-0.7086266782644596
QLPH082022,105.52,9.49,0.41,2022-06-01,0.8,442.83302427278517,,149.77824529560615,194.71171888428802,4,1.22,1.22,1.22,0.7499999999999997,0.4328571428571432,1.2246467991473532e-16,-1.0,0.5012418134457758,-0.865307254363206
QLPH082022,105.52,9.49,0.41,2022-06-15,1.1,608.8954083750796,,149.77824529560615,194.71171888428802,4,0.9400000000000001,0.9400000000000001,0.9400000000000001,0.5199999999999998,0.4114285714285718,1.2246467991473532e-16,-1.0,0.28023067519921585,-0.9599326896597447
QLPH092016,105.16,9.18,0.36,2016-02-29,27.3,1542.0,1.542,179.59452993111069,233.47288891044388,5,0.805,0.805,0.805,0.695,0.5871428571428573,0.8660254037844386,0.5000000000000001,0.8587639582758029,0.5123714121284237
QLPH092016,105.16,9.18,0.36,2016-03-15,29.0,272.8,0.2728,179.59452993111069,233.47288891044388,5,0.67,0.67,0.67,0.8700000000000001,0.7628571428571428,1.0,6.123233995736766e-17,0.9611297838723007,0.27609697309746883
QLPH092016,105.16,9.18,0.36,2016-04-02,32.8,1566.25,1.56625,179.59452993111069,233.47288891044388,5,0.43,0.43,0.43,0.4566666666666666,0.5700000000000001,0.8660254037844387,-0.4999999999999998,0.9995462806873573,-0.030120304846908114
QLPH092016,105.16,9.18,0.36,2016-04-15,34.3,19915.0,19.915,179.59452993111069,233.47288891044388,5,0.12,0.12,0.12,0.8066666666666666,0.7828571428571429,0.8660254037844387,-0.4999999999999998,0.9679377830240642,-0.25119006388481935
QLPH092016,105.16,9.18,0.36,2016-05-02,34.3,18654.0,18.654,179.59452993111069,233.47288891044388,5,-0.08,-0.08,-0.08,0.14333333333333334,0.5171428571428571,0.49999999999999994,-0.8660254037844387,0.854322169749827,-0.5197438121555155
QLPH092016,105.16,9.18,0.36,2016-05-16,35.4,19245.2,19.2452,179.59452993111069,233.47288891044388,5,-0.02,-0.02,-0.02,0.27666666666666667,0.5700000000000001,0.49999999999999994,-0.8660254037844387,0.705583610107178,-0.7086266782644596
QLPH092016,105.16,9.18,0.36,2016-06-02,28.4,16782.4,16.782400000000003,179.59452993111069,233.47288891044388,5,0.02,0.02,0.02,0.03999999999999996,0.3142857142857142,1.2246467991473532e-16,-1.0,0.4711595076738638,-0.8820480249558537
QLPH092016,105.16,9.18,0.36,2016-06-15,25.6,1226.0,1.226,179.59452993111069,233.47288891044388,5,-0.02,-0.02,-0.02,0.15,0.5871428571428572,1.2246467991473532e-16,-1.0,0.26366549272800704,-0.9646141756912435
QLPH092017,105.51,9.49,0.41,2017-03-01,17.0,3545.0,3.545,149.51084979528628,194.36410473387215,4,1.06,1.06,1.06,0.8399999999999999,0.6685714285714285,1.0,6.123233995736766e-17,0.8587639582758029,0.5123714121284237
QLPH092017,105.51,9.49,0.41,2017-03-16,3.5,35.0,0.035,149.51084979528628,194.36410473387215,4,1.04,1.04,1.04,1.0366666666666664,0.7928571428571429,1.0,6.123233995736766e-17,0.9611297838723007,0.27609697309746883
QLPH092017,105.51,9.49,0.41,2017-04-01,17.4,4235.0,4.235,149.51084979528628,194.36410473387215,4,1.17,1.17,1.17,1.0433333333333332,0.7700000000000001,0.8660254037844387,-0.4999999999999998,0.9999907397361901,0.004303538296244289
QLPH092017,105.51,9.49,0.41,2017-04-15,5.4,3562.0,3.562,149.51084979528628,194.36410473387215,4,0.98,0.98,0.98,1.1199999999999999,0.9771428571428571,0.8660254037844387,-0.4999999999999998,0.9721181966290613,-0.23449138957040985
QLPH092017,105.51,9.49,0.41,2017-05-01,0.6,24.5,0.0245,149.51084979528628,194.36410473387215,4,1.03,1.03,1.03,1.0199999999999998,0.7314285714285714,0.49999999999999994,-0.8660254037844387,0.8717063187093218,-0.4900286664290592
QLPH092017,105.51,9.49,0.41,2017-05-15,2.3,412.0,0.412,149.51084979528628,194.36410473387215,4,1.07,1.07,1.07,1.1233333333333333,0.8785714285714287,0.49999999999999994,-0.8660254037844387,0.7295575540864875,-0.6839194216246106
QLPH092017,105.51,9.49,0.41,2017-06-01,8.4,521.0,0.521,149.51084979528628,194.36410473387215,4,0.8200000000000001,0.8200000000000001,0.8200000000000001,1.2333333333333334,1.0985714285714285,1.2246467991473532e-16,-1.0,0.5012418134457758,-0.865307254363206
QLPH092017,105.51,9.49,0.41,2017-06-15,13.0,9132.0,9.132,149.51084979528628,194.36410473387215,4,0.91,0.91,0.91,1.1433333333333333,1.1071428571428572,1.2246467991473532e-16,-1.0,0.28023067519921585,-0.9599326896597447
QLPH092019,105.51,9.49,0.41,2019-01-01,0.4,79.8,0.0798,149.51084979528628,194.36410473387215,4,0.6900000000000001,0.6900000000000001,0.6900000000000001,0.8099999999999997,1.1471428571428572,0.49999999999999994,0.8660254037844387,0.017213356155834685,0.9998518392091162
QLPH092019,105.51,9.49,0.41,2019-01-15,0.3,22.36,0.022359999999999998,149.51084979528628,194.36410473387215,4,0.48,0.48,0.48,0.9666666666666663,1.215714285714286,0.49999999999999994,0.8660254037844387,0.255353295116187,0.9668478136052775
QLPH092019,105.51,9.49,0.41,2019-02-01,0.1,45.18,0.04518,149.51084979528628,194.36410473387215,4,0.7000000000000001,0.7000000000000001,0.7000000000000001,0.6599999999999997,1.0285714285714287,0.8660254037844386,0.5000000000000001,0.5234156073655503,0.8520775211013093
QLPH092019,105.51,9.49,0.41,2019-02-19,0.5,68.77,0.06877,149.51084979528628,194.36410473387215,4,0.62,0.62,0.62,0.41999999999999965,0.28000000000000014,0.8660254037844386,0.5000000000000001,0.7583058084785624,0.6518989958787126
QLPH092019,105.51,9.49,0.41,2019-03-04,2.1,1184.0,1.184,149.51084979528628,194.36410473387215,4,0.68,0.68,0.68,0.2999999999999997,0.3857142857142858,1.0,6.123233995736766e-17,0.8840675099433636,0.4673592171580022
QLPH092019,105.51,9.49,0.41,2019-03-20,0.1,51.2,0.0512,149.51084979528628,194.36410473387215,4,0.72,0.72,0.72,0.2899999999999997,0.24142857142857158,1.0,6.123233995736766e-17,0.9778483415056568,0.20931464596304847
QLPH092019,105.51,9.49,0.41,2019-04-01,5.6,2844.0,2.844,149.51084979528628,194.36410473387215,4,0.44,0.44,0.44,0.3066666666666665,0.6057142857142858,0.8660254037844387,-0.4999999999999998,0.9999907397361901,0.004303538296244289
QLPH092019,105.51,9.49,0.41,2019-04-15,4.9,21.0,0.021,149.51084979528628,194.36410473387215,4,0.1,0.1,0.1,0.28999999999999987,0.6785714285714287,0.8660254037844387,-0.4999999999999998,0.9721181966290613,-0.23449138957040985
QLPH092019,105.51,9.49,0.41,2019-05-01,8.2,3425.0,3.425,149.51084979528628,194.36410473387215,4,0.37,0.37,0.37,0.25999999999999984,0.47571428571428587,0.49999999999999994,-0.8660254037844387,0.8717063187093218,-0.4900286664290592
QLPH092019,105.51,9.49,0.41,2019-05-15,0.6,92.35,0.09234999999999999,149.51084979528628,194.36410473387215,4,0.29,0.29,0.29,0.09333333333333316,0.46714285714285725,0.49999999999999994,-0.8660254037844387,0.7295575540864875,-0.6839194216246106
QLPH092020,105.51,9.49,0.41,2020-02-11,2.5,1497.0,1.497,149.51084979528628,194.36410473387215,4,0.92,0.92,0.92,0.5499999999999997,0.442857142857143,0.8660254037844386,0.5000000000000001,0.6616346182422783,0.7498264012045686
QLPH092020,105.51,9.49,0.41,2020-02-25,7.44,4892.0,4.892,149.51084979528628,194.36410473387215,4,1.12,1.12,1.12,0.6999999999999997,0.31571428571428584,0.8660254037844386,0.5000000000000001,0.8214765533024142,0.5702422926917871
QLPH092020,105.51,9.49,0.41,2020-03-14,3.66,2339.7,2.3396999999999997,149.51084979528628,194.36410473387215,4,1.03,1.03,1.03,0.8599999999999998,0.4400000000000001,1.0,6.123233995736766e-17,0.9562348265919056,0.29260033563334836
QLPH092020,105.51,9.49,0.41,2020-03-26,0.7,333.23,0.33323,149.51084979528628,194.36410473387215,4,0.86,0.86,0.86,0.19999999999999982,0.0942857142857144,1.0,6.123233995736766e-17,0.995918996147179,0.09025161003104117
QLPH092020,105.51,9.49,0.41,2020-05-02,11.2,11698.5,11.6985,149.51084979528628,194.36410473387215,4,-0.09,-0.09,-0.09,0.28333333333333305,0.532857142857143,0.49999999999999994,-0.8660254037844387,0.854322169749827,-0.5197438121555155
QLPH092020,105.51,9.49,0.41,2020-05-11,5.54,384.15,0.38415,149.51084979528628,194.36410473387215,4,0.85,0.85,0.85,0.7599999999999998,0.34000000000000014,0.49999999999999994,-0.8660254037844387,0.7638886127905428,-0.6453481132295501
QLPH092020,105.51,9.49,0.41,2020-05-25,7.73,415.0,0.415,149.51084979528628,194.36410473387215,4,0.68,0.68,0.68,0.5699999999999997,0.14714285714285727,0.49999999999999994,-0.8660254037844387,0.5877852522924732,-0.8090169943749473
QLPH092020,105.51,9.49,0.41,2020-06-09,1.89,932.335,0.932335,149.51084979528628,194.36410473387215,4,0.85,0.85,0.85,0.6466666666666665,0.11571428571428584,1.2246467991473532e-16,-1.0,0.36171373072976765,-0.9322892131745133
QLPH092020,105.51,9.49,0.41,2020-06-23,1.57,198.95,0.19895,149.51084979528628,194.36410473387215,4,0.8200000000000001,0.8200000000000001,0.8200000000000001,0.5299999999999998,0.018571428571428683,1.2246467991473532e-16,-1.0,0.12874817745258132,-0.99167731989929
QLPH092021,105.59,9.56,0.31,2015-07-13,0.6,251.0,0.251,144.4368683799359,187.7679288939167,4,0.785,0.785,0.785,0.5349999999999999,0.25428571428571456,-0.4999999999999997,-0.8660254037844388,-0.19667288979357622,-0.9804691603616321
QLPH092022,105.59,9.56,0.31,2022-02-17,0.1,55.354128034098146,,144.4368683799359,187.7679288939167,4,0.75,0.75,0.75,0.54,0.4900000000000004,0.8660254037844386,0.5000000000000001,0.7354170229639855,0.6776147890466889
QLPH092022,105.59,9.56,0.31,2022-03-05,0.1,55.354128034098146,,144.4368683799359,187.7679288939167,4,1.21,1.21,1.21,0.7833333333333332,0.48857142857142893,1.0,6.123233995736766e-17,0.8919813464595485,0.45207220393230435
QLPH092022,105.59,9.56,0.31,2022-03-19,0.1,55.354128034098146,,144.4368683799359,187.7679288939167,4,0.6000000000000001,0.6000000000000001,0.6000000000000001,0.25333333333333324,0.12428571428571467,1.0,6.123233995736766e-17,0.9741004551724205,0.22611568550828828
QLPH092022,105.59,9.56,0.31,2022-04-03,0.1,55.354128034098146,,144.4368683799359,187.7679288939167,4,1.09,1.09,1.09,0.35666666666666663,0.1257142857142861,0.8660254037844387,-0.4999999999999998,0.9995462806873573,-0.030120304846908114
QLPH092022,105.59,9.56,0.31,2022-04-17,0.1,55.354128034098146,,144.4368683799359,187.7679288939167,4,0.35000000000000003,0.35000000000000003,0.35000000000000003,0.12999999999999978,0.16571428571428606,0.8660254037844387,-0.4999999999999998,0.9634705485641488,-0.2678143051621742
QLPH092022,105.59,9.56,0.31,2022-05-03,0.1,55.354128034098146,,144.4368683799359,187.7679288939167,4,1.02,1.02,1.02,0.5433333333333331,0.24142857142857177,0.49999999999999994,-0.8660254037844387,0.854322169749827,-0.5197438121555155
QLPH092022,105.59,9.56,0.31,2022-05-17,0.1,55.354128034098146,,144.4368683799359,187.7679288939167,4,0.8,0.8,0.8,0.31333333333333313,0.24000000000000035,0.49999999999999994,-0.8660254037844387,0.705583610107178,-0.7086266782644596
QLPH092022,105.59,9.56,0.31,2022-06-01,0.1,55.354128034098146,,144.4368683799359,187.7679288939167,4,1.22,1.22,1.22,0.7499999999999997,0.4328571428571432,1.2246467991473532e-16,-1.0,0.5012418134457758,-0.865307254363206
QLPH092022,105.59,9.56,0.31,2022-06-15,0.1,55.354128034098146,,144.4368683799359,187.7679288939167,4,0.9400000000000001,0.9400000000000001,0.9400000000000001,0.5199999999999998,0.4114285714285718,1.2246467991473532e-16,-1.0,0.28023067519921585,-0.9599326896597447
QLPH102016,105.23,9.36,0.19,2016-02-29,26.9,15527.0,15.527,159.65486494557814,207.5513244292516,4,0.7000000000000001,0.7000000000000001,0.7000000000000001,0.6516666666666666,0.5978571428571431,0.8660254037844386,0.5000000000000001,0.8587639582758029,0.5123714121284237
QLPH102016,105.23,9.36,0.19,2016-03-15,29.4,19639.3,19.6393,159.65486494557814,207.5513244292516,4,0.46,0.46,0.46,0.7833333333333333,0.7842857142857144,1.0,6.123233995736766e-17,0.9611297838723007,0.27609697309746883
QLPH102016,105.23,9.36,0.19,2016-04-02,33.4,13524.175,13.524175,159.65486494557814,207.5513244292516,4,0.33,0.33,0.33,0.45,0.5214285714285715,0.8660254037844387,-0.4999999999999998,0.9995462806873573,-0.030120304846908114
QLPH102016,105.23,9.36,0.19,2016-04-15,35.7,18788.0,18.788,159.65486494557814,207.5513244292516,4,-0.03,-0.03,-0.03,0.5433333333333333,0.7185714285714286,0.8660254037844387,-0.4999999999999998,0.9679377830240642,-0.25119006388481935
QLPH102016,105.23,9.36,0.19,2016-05-02,35.0,19542.34,19.54234,159.65486494557814,207.5513244292516,4,-0.06,-0.06,-0.06,-0.023333333333333334,0.3742857142857143,0.49999999999999994,-0.8660254037844387,0.854322169749827,-0.5197438121555155
QLPH102016,105.23,9.36,0.19,2016-05-16,39.4,2145.0,2.145,159.65486494557814,207.5513244292516,4,0.05,0.05,0.05,0.02333333333333333,0.45714285714285713,0.49999999999999994,-0.8660254037844387,0.705583610107178,-0.7086266782644596
QLPH102016,105.23,9.36,0.19,2016-06-02,28.5,1754.9,1.7549000000000001,159.65486494557814,207.5513244292516,4,0.08,0.08,0.08,-0.01333333333333337,0.19999999999999998,1.2246467991473532e-16,-1.0,0.4711595076738638,-0.8820480249558537
QLPH102016,105.23,9.36,0.19,2016-06-15,19.4,957.0,0.957,159.65486494557814,207.5513244292516,4,0.03,0.03,0.03,0.01,0.44,1.2246467991473532e-16,-1.0,0.26366549272800704,-0.9646141756912435
QLPH102017,105.59,9.56,0.31,2017-03-01,1.2,146.54,0.14654,144.4368683799359,187.7679288939167,4,1.06,1.06,1.06,0.8399999999999999,0.6685714285714285,1.0,6.123233995736766e-17,0.8587639582758029,0.5123714121284237
QLPH102017,105.59,9.56,0.31,2017-03-16,0.014633055,8.1,0.0081,144.4368683799359,187.7679288939167,4,1.04,1.04,1.04,1.0366666666666664,0.7928571428571429,1.0,6.123233995736766e-17,0.9611297838723007,0.27609697309746883
QLPH102017,105.59,9.56,0.31,2017-04-01,0.02818218,15.6,0.0156,144.4368683799359,187.7679288939167,4,1.17,1.17,1.17,1.0433333333333332,0.7700000000000001,0.8660254037844387,-0.4999999999999998,0.9999907397361901,0.004303538296244289
QLPH102017,105.59,9.56,0.31,2017-04-15,0.1,22.1,0.0221,144.4368683799359,187.7679288939167,4,0.98,0.98,0.98,1.1199999999999999,0.9771428571428571,0.8660254037844387,-0.4999999999999998,0.9721181966290613,-0.23449138957040985
QLPH102017,105.59,9.56,0.31,2017-05-01,0.2,32.5,0.0325,144.4368683799359,187.7679288939167,4,1.03,1.03,1.03,1.0199999999999998,0.7314285714285714,0.49999999999999994,-0.8660254037844387,0.8717063187093218,-0.4900286664290592
QLPH102017,105.59,9.56,0.31,2017-05-15,0.1,26.5,0.0265,144.4368683799359,187.7679288939167,4,1.07,1.07,1.07,1.1233333333333333,0.8785714285714287,0.49999999999999994,-0.8660254037844387,0.7295575540864875,-0.6839194216246106
QLPH102017,105.59,9.56,0.31,2017-06-01,2.0,315.0,0.315,144.4368683799359,187.7679288939167,4,0.8200000000000001,0.8200000000000001,0.8200000000000001,1.2333333333333334,1.0985714285714285,1.2246467991473532e-16,-1.0,0.5012418134457758,-0.865307254363206
QLPH102017,105.59,9.56,0.31,2017-06-15,3.2,395.0,0.395,144.4368683799359,187.7679288939167,4,0.91,0.91,0.91,1.1433333333333333,1.1071428571428572,1.2246467991473532e-16,-1.0,0.28023067519921585,-0.9599326896597447
QLPH102019,105.59,9.56,0.31,2019-01-01,0.040412523500000005,22.37,0.02237,144.4368683799359,187.7679288939167,4,0.6900000000000001,0.6900000000000001,0.6900000000000001,0.8099999999999997,1.1471428571428572,0.49999999999999994,0.8660254037844387,0.017213356155834685,0.9998518392091162
QLPH102019,105.59,9.56,0.31,2019-01-15,0.0338366815,18.73,0.01873,144.4368683799359,187.7679288939167,4,0.48,0.48,0.48,0.9666666666666663,1.215714285714286,0.49999999999999994,0.8660254037844387,0.255353295116187,0.9668478136052775
QLPH102019,105.59,9.56,0.31,2019-02-01,0.006250663,3.46,0.00346,144.4368683799359,187.7679288939167,4,0.7000000000000001,0.7000000000000001,0.7000000000000001,0.6599999999999997,1.0285714285714287,0.8660254037844386,0.5000000000000001,0.5234156073655503,0.8520775211013093
QLPH102019,105.59,9.56,0.31,2019-02-19,0.07723001250000001,42.75,0.04275,144.4368683799359,187.7679288939167,4,0.62,0.62,0.62,0.41999999999999965,0.28000000000000014,0.8660254037844386,0.5000000000000001,0.7583058084785624,0.6518989958787126
QLPH102019,105.59,9.56,0.31,2019-03-04,0.05853222,32.4,0.0324,144.4368683799359,187.7679288939167,4,0.68,0.68,0.68,0.2999999999999997,0.3857142857142858,1.0,6.123233995736766e-17,0.8840675099433636,0.4673592171580022
QLPH102019,105.59,9.56,0.31,2019-03-20,0.052769325500000006,29.21,0.02921,144.4368683799359,187.7679288939167,4,0.72,0.72,0.72,0.2899999999999997,0.24142857142857158,1.0,6.123233995736766e-17,0.9778483415056568,0.20931464596304847
QLPH102019,105.59,9.56,0.31,2019-04-01,6.1,315.0,0.315,144.4368683799359,187.7679288939167,4,0.44,0.44,0.44,0.3066666666666665,0.6057142857142858,0.8660254037844387,-0.4999999999999998,0.9999907397361901,0.004303538296244289
QLPH102019,105.59,9.56,0.31,2019-04-15,0.1,45.12,0.04512,144.4368683799359,187.7679288939167,4,0.1,0.1,0.1,0.28999999999999987,0.6785714285714287,0.8660254037844387,-0.4999999999999998,0.9721181966290613,-0.23449138957040985
QLPH102019,105.59,9.56,0.31,2019-05-01,0.2,45.62,0.04562,144.4368683799359,187.7679288939167,4,0.37,0.37,0.37,0.25999999999999984,0.47571428571428587,0.49999999999999994,-0.8660254037844387,0.8717063187093218,-0.4900286664290592
QLPH102019,105.59,9.56,0.31,2019-05-15,0.3,46.23,0.04623,144.4368683799359,187.7679288939167,4,0.29,0.29,0.29,0.09333333333333316,0.46714285714285725,0.49999999999999994,-0.8660254037844387,0.7295575540864875,-0.6839194216246106
QLPH102020,105.59,9.56,0.31,2020-02-11,1.1,46.85,0.04685,144.4368683799359,187.7679288939167,4,0.92,0.92,0.92,0.5499999999999997,0.442857142857143,0.8660254037844386,0.5000000000000001,0.6616346182422783,0.7498264012045686
QLPH102020,105.59,9.56,0.31,2020-02-25,0.39,353.0,0.353,144.4368683799359,187.7679288939167,4,1.12,1.12,1.12,0.6999999999999997,0.31571428571428584,0.8660254037844386,0.5000000000000001,0.8214765533024142,0.5702422926917871
QLPH102020,105.59,9.56,0.31,2020-03-14,0.3,138.255,0.138255,144.4368683799359,187.7679288939167,4,1.03,1.03,1.03,0.8599999999999998,0.4400000000000001,1.0,6.123233995736766e-17,0.9562348265919056,0.29260033563334836
QLPH102020,105.59,9.56,0.31,2020-03-26,0.2,25.61,0.02561,144.4368683799359,187.7679288939167,4,0.86,0.86,0.86,0.19999999999999982,0.0942857142857144,1.0,6.123233995736766e-17,0.995918996147179,0.09025161003104117
QLPH102020,105.59,9.56,0.31,2020-05-02,0.43,116.985,0.116985,144.4368683799359,187.7679288939167,4,-0.09,-0.09,-0.09,0.28333333333333305,0.532857142857143,0.49999999999999994,-0.8660254037844387,0.854322169749827,-0.5197438121555155
QLPH102020,105.59,9.56,0.31,2020-05-11,0.26,81.535,0.081535,144.4368683799359,187.7679288939167,4,0.85,0.85,0.85,0.7599999999999998,0.34000000000000014,0.49999999999999994,-0.8660254037844387,0.7638886127905428,-0.6453481132295501
QLPH102020,105.59,9.56,0.31,2020-05-25,0.33,53.884,0.053884,144.4368683799359,187.7679288939167,4,0.68,0.68,0.68,0.5699999999999997,0.14714285714285727,0.49999999999999994,-0.8660254037844387,0.5877852522924732,-0.8090169943749473
QLPH102020,105.59,9.56,0.31,2020-06-09,0.28,45.215,0.045215000000000005,144.4368683799359,187.7679288939167,4,0.85,0.85,0.85,0.6466666666666665,0.11571428571428584,1.2246467991473532e-16,-1.0,0.36171373072976765,-0.9322892131745133
QLPH102020,105.59,9.56,0.31,2020-06-23,0.31,159.525,0.159525,144.4368683799359,187.7679288939167,4,0.8200000000000001,0.8200000000000001,0.8200000000000001,0.5299999999999998,0.018571428571428683,1.2246467991473532e-16,-1.0,0.12874817745258132,-0.99167731989929
QLPH102021,105.42,9.59,0.35,2015-07-13,2.0,514.0,0.514,136.51889397823544,177.47456217170608,4,0.785,0.785,0.785,0.5349999999999999,0.25428571428571456,-0.4999999999999997,-0.8660254037844388,-0.19667288979357622,-0.9804691603616321
QLPH102022,105.42,9.59,0.35,2022-02-17,2.3,1273.1449447842572,,136.51889397823544,177.47456217170608,4,0.75,0.75,0.75,0.54,0.4900000000000004,0.8660254037844386,0.5000000000000001,0.7354170229639855,0.6776147890466889
QLPH102022,105.42,9.59,0.35,2022-03-05,3.4,1882.0403531593365,,136.51889397823544,177.47456217170608,4,1.21,1.21,1.21,0.7833333333333332,0.48857142857142893,1.0,6.123233995736766e-17,0.8919813464595485,0.45207220393230435
QLPH102022,105.42,9.59,0.35,2022-03-19,1.2,664.2495364091776,,136.51889397823544,177.47456217170608,4,0.6000000000000001,0.6000000000000001,0.6000000000000001,0.25333333333333324,0.12428571428571467,1.0,6.123233995736766e-17,0.9741004551724205,0.22611568550828828
QLPH102022,105.42,9.59,0.35,2022-04-03,3.9,2158.8109933298274,,136.51889397823544,177.47456217170608,4,1.09,1.09,1.09,0.35666666666666663,0.1257142857142861,0.8660254037844387,-0.4999999999999998,0.9995462806873573,-0.030120304846908114
QLPH102022,105.42,9.59,0.35,2022-04-17,2.1,1162.436688716061,,136.51889397823544,177.47456217170608,4,0.35000000000000003,0.35000000000000003,0.35000000000000003,0.12999999999999978,0.16571428571428606,0.8660254037844387,-0.4999999999999998,0.9634705485641488,-0.2678143051621742
QLPH102022,105.42,9.59,0.35,2022-05-03,3.6,1992.748609227533,,136.51889397823544,177.47456217170608,4,1.02,1.02,1.02,0.5433333333333331,0.24142857142857177,0.49999999999999994,-0.8660254037844387,0.854322169749827,-0.5197438121555155
QLPH102022,105.42,9.59,0.35,2022-05-17,0.5,276.7706401704907,,136.51889397823544,177.47456217170608,4,0.8,0.8,0.8,0.31333333333333313,0.24000000000000035,0.49999999999999994,-0.8660254037844387,0.705583610107178,-0.7086266782644596
QLPH102022,105.42,9.59,0.35,2022-06-01,0.5,276.7706401704907,,136.51889397823544,177.47456217170608,4,1.22,1.22,1.22,0.7499999999999997,0.4328571428571432,1.2246467991473532e-16,-1.0,0.5012418134457758,-0.865307254363206
QLPH102022,105.42,9.59,0.35,2022-06-15,0.3,166.0623841022944,,136.51889397823544,177.47456217170608,4,0.9400000000000001,0.9400000000000001,0.9400000000000001,0.5199999999999998,0.4114285714285718,1.2246467991473532e-16,-1.0,0.28023067519921585,-0.9599326896597447
QLPH112016,105.32,9.51,0.33,2016-02-29,16.9,9748.0,9.748,143.69313947884152,186.80108132249399,4,0.7000000000000001,0.7000000000000001,0.7000000000000001,0.6516666666666666,0.5978571428571431,0.8660254037844386,0.5000000000000001,0.8587639582758029,0.5123714121284237
QLPH112016,105.32,9.51,0.33,2016-03-15,19.3,9571.5,9.5715,143.69313947884152,186.80108132249399,4,0.46,0.46,0.46,0.7833333333333333,0.7842857142857144,1.0,6.123233995736766e-17,0.9611297838723007,0.27609697309746883
QLPH112016,105.32,9.51,0.33,2016-04-02,19.4,147.5,0.1475,143.69313947884152,186.80108132249399,4,0.33,0.33,0.33,0.45,0.5214285714285715,0.8660254037844387,-0.4999999999999998,0.9995462806873573,-0.030120304846908114
QLPH112016,105.32,9.51,0.33,2016-04-15,18.7,1679.0,1.679,143.69313947884152,186.80108132249399,4,-0.03,-0.03,-0.03,0.5433333333333333,0.7185714285714286,0.8660254037844387,-0.4999999999999998,0.9679377830240642,-0.25119006388481935
QLPH112016,105.32,9.51,0.33,2016-05-02,2.4,15243.0,15.243,143.69313947884152,186.80108132249399,4,-0.06,-0.06,-0.06,-0.023333333333333334,0.3742857142857143,0.49999999999999994,-0.8660254037844387,0.854322169749827,-0.5197438121555155
QLPH112016,105.32,9.51,0.33,2016-05-16,27.5,17324.5,17.3245,143.69313947884152,186.80108132249399,4,0.05,0.05,0.05,0.02333333333333333,0.45714285714285713,0.49999999999999994,-0.8660254037844387,0.705583610107178,-0.7086266782644596
QLPH112016,105.32,9.51,0.33,2016-06-02,2.6,1124.6,1.1245999999999998,143.69313947884152,186.80108132249399,4,0.08,0.08,0.08,-0.01333333333333337,0.19999999999999998,1.2246467991473532e-16,-1.0,0.4711595076738638,-0.8820480249558537
QLPH112016,105.32,9.51,0.33,2016-06-15,18.3,1145.5,1.1455,143.69313947884152,186.80108132249399,4,0.03,0.03,0.03,0.01,0.44,1.2246467991473532e-16,-1.0,0.26366549272800704,-0.9646141756912435
QLPH112017,105.46,9.55,0.41,2017-03-01,0.01178412565,6.523,0.006522999999999999,141.76523439969674,184.29480471960576,4,1.06,1.06,1.06,0.8399999999999999,0.6685714285714285,1.0,6.123233995736766e-17,0.8587639582758029,0.5123714121284237
QLPH112017,105.46,9.55,0.41,2017-03-16,0.9,115.0,0.115,141.76523439969674,184.29480471960576,4,1.04,1.04,1.04,1.0366666666666664,0.7928571428571429,1.0,6.123233995736766e-17,0.9611297838723007,0.27609697309746883
QLPH112017,105.46,9.55,0.41,2017-04-01,2.9,647.4,0.6474,141.76523439969674,184.29480471960576,4,1.17,1.17,1.17,1.0433333333333332,0.7700000000000001,0.8660254037844387,-0.4999999999999998,0.9999907397361901,0.004303538296244289
QLPH112017,105.46,9.55,0.41,2017-04-15,7.0,824.2,0.8242,141.76523439969674,184.29480471960576,4,0.98,0.98,0.98,1.1199999999999999,0.9771428571428571,0.8660254037844387,-0.4999999999999998,0.9721181966290613,-0.23449138957040985
QLPH112017,105.46,9.55,0.41,2017-05-01,5.5,3685.0,3.685,141.76523439969674,184.29480471960576,4,1.03,1.03,1.03,1.0199999999999998,0.7314285714285714,0.49999999999999994,-0.8660254037844387,0.8717063187093218,-0.4900286664290592
QLPH112017,105.46,9.55,0.41,2017-05-15,2.6,52.0,0.052,141.76523439969674,184.29480471960576,4,1.07,1.07,1.07,1.1233333333333333,0.8785714285714287,0.49999999999999994,-0.8660254037844387,0.7295575540864875,-0.6839194216246106
QLPH112017,105.46,9.55,0.41,2017-06-01,5.0,326.0,0.326,141.76523439969674,184.29480471960576,4,0.8200000000000001,0.8200000000000001,0.8200000000000001,1.2333333333333334,1.0985714285714285,1.2246467991473532e-16,-1.0,0.5012418134457758,-0.865307254363206
QLPH112017,105.46,9.55,0.41,2017-06-15,5.2,3421.0,3.421,141.76523439969674,184.29480471960576,4,0.91,0.91,0.91,1.1433333333333333,1.1071428571428572,1.2246467991473532e-16,-1.0,0.28023067519921585,-0.9599326896597447
QLPH112019,105.46,9.55,0.41,2019-01-01,0.3,3.15,0.00315,141.76523439969674,184.29480471960576,4,0.6900000000000001,0.6900000000000001,0.6900000000000001,0.8099999999999997,1.1471428571428572,0.49999999999999994,0.8660254037844387,0.017213356155834685,0.9998518392091162
QLPH112019,105.46,9.55,0.41,2019-01-15,0.2,2.48,0.00248,141.76523439969674,184.29480471960576,4,0.48,0.48,0.48,0.9666666666666663,1.215714285714286,0.49999999999999994,0.8660254037844387,0.255353295116187,0.9668478136052775
QLPH112019,105.46,9.55,0.41,2019-02-01,0.1,36.2,0.0362,141.76523439969674,184.29480471960576,4,0.7000000000000001,0.7000000000000001,0.7000000000000001,0.6599999999999997,1.0285714285714287,0.8660254037844386,0.5000000000000001,0.5234156073655503,0.8520775211013093
QLPH112019,105.46,9.55,0.41,2019-02-19,0.1,49.5,0.0495,141.76523439969674,184.29480471960576,4,0.62,0.62,0.62,0.41999999999999965,0.28000000000000014,0.8660254037844386,0.5000000000000001,0.7583058084785624,0.6518989958787126
QLPH112019,105.46,9.55,0.41,2019-03-04,0.1,58.9,0.0589,141.76523439969674,184.29480471960576,4,0.68,0.68,0.68,0.2999999999999997,0.3857142857142858,1.0,6.123233995736766e-17,0.8840675099433636,0.4673592171580022
QLPH112019,105.46,9.55,0.41,2019-03-20,5.3,315.0,0.315,141.76523439969674,184.29480471960576,4,0.72,0.72,0.72,0.2899999999999997,0.24142857142857158,1.0,6.123233995736766e-17,0.9778483415056568,0.20931464596304847
QLPH112019,105.46,9.55,0.41,2019-04-01,3.9,215.0,0.215,141.76523439969674,184.29480471960576,4,0.44,0.44,0.44,0.3066666666666665,0.6057142857142858,0.8660254037844387,-0.4999999999999998,0.9999907397361901,0.004303538296244289
QLPH112019,105.46,9.55,0.41,2019-04-15,5.1,2215.0,2.215,141.76523439969674,184.29480471960576,4,0.1,0.1,0.1,0.28999999999999987,0.6785714285714287,0.8660254037844387,-0.4999999999999998,0.9721181966290613,-0.23449138957040985
QLPH112019,105.46,9.55,0.41,2019-05-01,8.3,456.0,0.456,141.76523439969674,184.29480471960576,4,0.37,0.37,0.37,0.25999999999999984,0.47571428571428587,0.49999999999999994,-0.8660254037844387,0.8717063187093218,-0.4900286664290592
QLPH112019,105.46,9.55,0.41,2019-05-15,5.5,3562.0,3.562,141.76523439969674,184.29480471960576,4,0.29,0.29,0.29,0.09333333333333316,0.46714285714285725,0.49999999999999994,-0.8660254037844387,0.7295575540864875,-0.6839194216246106
QLPH112020,105.46,9.55,0.41,2020-02-11,0.2,319.5,0.3195,141.76523439969674,184.29480471960576,4,0.92,0.92,0.92,0.5499999999999997,0.442857142857143,0.8660254037844386,0.5000000000000001,0.6616346182422783,0.7498264012045686
QLPH112020,105.46,9.55,0.41,2020-02-25,7.61,94.0,0.094,141.76523439969674,184.29480471960576,4,1.12,1.12,1.12,0.6999999999999997,0.31571428571428584,0.8660254037844386,0.5000000000000001,0.8214765533024142,0.5702422926917871
QLPH112020,105.46,9.55,0.41,2020-03-14,4.7,313.25,0.31325,141.76523439969674,184.29480471960576,4,1.03,1.03,1.03,0.8599999999999998,0.4400000000000001,1.0,6.123233995736766e-17,0.9562348265919056,0.29260033563334836
QLPH112020,105.46,9.55,0.41,2020-03-26,4.3,2446.5,2.4465,141.76523439969674,184.29480471960576,4,0.86,0.86,0.86,0.19999999999999982,0.0942857142857144,1.0,6.123233995736766e-17,0.995918996147179,0.09025161003104117
QLPH112020,105.46,9.55,0.41,2020-05-02,11.2,631.1,0.6311,141.76523439969674,184.29480471960576,4,-0.09,-0.09,-0.09,0.28333333333333305,0.532857142857143,0.49999999999999994,-0.8660254037844387,0.854322169749827,-0.5197438121555155
QLPH112020,105.46,9.55,0.41,2020-05-11,9.57,4714.85,4.71485,141.76523439969674,184.29480471960576,4,0.85,0.85,0.85,0.7599999999999998,0.34000000000000014,0.49999999999999994,-0.8660254037844387,0.7638886127905428,-0.6453481132295501
QLPH112020,105.46,9.55,0.41,2020-05-25,8.72,6214.0,6.214,141.76523439969674,184.29480471960576,4,0.68,0.68,0.68,0.5699999999999997,0.14714285714285727,0.49999999999999994,-0.8660254037844387,0.5877852522924732,-0.8090169943749473
QLPH112020,105.46,9.55,0.41,2020-06-09,4.6,151.0,0.151,141.76523439969674,184.29480471960576,4,0.85,0.85,0.85,0.6466666666666665,0.11571428571428584,1.2246467991473532e-16,-1.0,0.36171373072976765,-0.9322892131745133
QLPH112020,105.46,9.55,0.41,2020-06-23,3.1,2446.5,2.4465,141.76523439969674,184.29480471960576,4,0.8200000000000001,0.8200000000000001,0.8200000000000001,0.5299999999999998,0.018571428571428683,1.2246467991473532e-16,-1.0,0.12874817745258132,-0.99167731989929
QLPH112021,105.29,9.64,0.47,2015-07-13,7.1,883.0,0.883,128.98284276067207,167.6776955888737,3,0.8700000000000001,0.8700000000000001,0.8700000000000001,0.5866666666666667,0.26428571428571457,-0.4999999999999997,-0.8660254037844388,-0.19667288979357622,-0.9804691603616321
QLPH112022,105.29,9.64,0.47,2022-02-17,5.1,2823.0605297390052,,128.98284276067207,167.6776955888737,3,0.92,0.92,0.92,0.6433333333333334,0.5100000000000005,0.8660254037844386,0.5000000000000001,0.7354170229639855,0.6776147890466889
QLPH112022,105.29,9.64,0.47,2022-03-05,4.8,2656.9981456367104,,128.98284276067207,167.6776955888737,3,1.43,1.43,1.43,0.9833333333333334,0.6271428571428574,1.0,6.123233995736766e-17,0.8919813464595485,0.45207220393230435
QLPH112022,105.29,9.64,0.47,2022-03-19,5.2,2878.4146577731035,,128.98284276067207,167.6776955888737,3,0.9,0.9,0.9,0.41999999999999993,0.20285714285714324,1.0,6.123233995736766e-17,0.9741004551724205,0.22611568550828828
QLPH112022,105.29,9.64,0.47,2022-04-03,7.1,3930.143090420968,,128.98284276067207,167.6776955888737,3,1.29,1.29,1.29,0.6666666666666665,0.29857142857142893,0.8660254037844387,-0.4999999999999998,0.9995462806873573,-0.030120304846908114
QLPH112022,105.29,9.64,0.47,2022-04-17,6.2,3431.955938114085,,128.98284276067207,167.6776955888737,3,0.71,0.71,0.71,0.21333333333333315,0.17142857142857176,0.8660254037844387,-0.4999999999999998,0.9634705485641488,-0.2678143051621742
QLPH112022,105.29,9.64,0.47,2022-05-03,5.8,3210.539425977692,,128.98284276067207,167.6776955888737,3,0.92,0.92,0.92,0.8199999999999998,0.3971428571428575,0.49999999999999994,-0.8660254037844387,0.854322169749827,-0.5197438121555155
QLPH112022,105.29,9.64,0.47,2022-05-17,5.1,2823.0605297390052,,128.98284276067207,167.6776955888737,3,1.12,1.12,1.12,0.5066666666666665,0.3400000000000003,0.49999999999999994,-0.8660254037844387,0.705583610107178,-0.7086266782644596
QLPH112022,105.29,9.64,0.47,2022-06-01,3.1,1715.9779690570424,,128.98284276067207,167.6776955888737,3,1.24,1.24,1.24,1.013333333333333,0.5942857142857145,1.2246467991473532e-16,-1.0,0.5012418134457758,-0.865307254363206
QLPH112022,105.29,9.64,0.47,2022-06-15,4.0,2214.1651213639257,,128.98284276067207,167.6776955888737,3,1.34,1.34,1.34,0.7066666666666664,0.5014285714285718,1.2246467991473532e-16,-1.0,0.28023067519921585,-0.9599326896597447
QLPH122017,105.51,9.58,0.33,2017-03-01,0.1,24.815,0.024815,139.81742122732834,181.76264759552686,4,1.06,1.06,1.06,0.8399999999999999,0.6685714285714285,1.0,6.123233995736766e-17,0.8587639582758029,0.5123714121284237
QLPH122017,105.51,9.58,0.33,2017-03-16,0.8,16.0,0.016,139.81742122732834,181.76264759552686,4,1.04,1.04,1.04,1.0366666666666664,0.7928571428571429,1.0,6.123233995736766e-17,0.9611297838723007,0.27609697309746883
QLPH122017,105.51,9.58,0.33,2017-04-01,1.7,365.0,0.365,139.81742122732834,181.76264759552686,4,1.17,1.17,1.17,1.0433333333333332,0.7700000000000001,0.8660254037844387,-0.4999999999999998,0.9999907397361901,0.004303538296244289
QLPH122017,105.51,9.58,0.33,2017-04-15,0.2,42.5,0.0425,139.81742122732834,181.76264759552686,4,0.98,0.98,0.98,1.1199999999999999,0.9771428571428571,0.8660254037844387,-0.4999999999999998,0.9721181966290613,-0.23449138957040985
QLPH122017,105.51,9.58,0.33,2017-05-01,0.3,4.2,0.004200000000000001,139.81742122732834,181.76264759552686,4,1.03,1.03,1.03,1.0199999999999998,0.7314285714285714,0.49999999999999994,-0.8660254037844387,0.8717063187093218,-0.4900286664290592
QLPH122017,105.51,9.58,0.33,2017-05-15,0.2,3.2,0.0032,139.81742122732834,181.76264759552686,4,1.07,1.07,1.07,1.1233333333333333,0.8785714285714287,0.49999999999999994,-0.8660254037844387,0.7295575540864875,-0.6839194216246106
QLPH122017,105.51,9.58,0.33,2017-06-01,0.2,35.1,0.0351,139.81742122732834,181.76264759552686,4,0.8200000000000001,0.8200000000000001,0.8200000000000001,1.2333333333333334,1.0985714285714285,1.2246467991473532e-16,-1.0,0.5012418134457758,-0.865307254363206
QLPH122017,105.51,9.58,0.33,2017-06-15,0.1,34.2,0.0342,139.81742122732834,181.76264759552686,4,0.91,0.91,0.91,1.1433333333333333,1.1071428571428572,1.2246467991473532e-16,-1.0,0.28023067519921585,-0.9599326896597447
QLPH122019,105.51,9.58,0.33,2019-01-01,0.2,24.66,0.02466,139.81742122732834,181.76264759552686,4,0.6900000000000001,0.6900000000000001,0.6900000000000001,0.8099999999999997,1.1471428571428572,0.49999999999999994,0.8660254037844387,0.017213356155834685,0.9998518392091162
QLPH122019,105.51,9.58,0.33,2019-01-15,0.030602957000000004,16.94,0.01694,139.81742122732834,181.76264759552686,4,0.48,0.48,0.48,0.9666666666666663,1.215714285714286,0.49999999999999994,0.8660254037844387,0.255353295116187,0.9668478136052775
QLPH122019,105.51,9.58,0.33,2019-02-01,0.051125365000000006,28.3,0.028300000000000002,139.81742122732834,181.76264759552686,4,0.7000000000000001,0.7000000000000001,0.7000000000000001,0.6599999999999997,1.0285714285714287,0.8660254037844386,0.5000000000000001,0.5234156073655503,0.8520775211013093
QLPH122019,105.51,9.58,0.33,2019-02-19,0.007912689,4.38,0.00438,139.81742122732834,181.76264759552686,4,0.62,0.62,0.62,0.41999999999999965,0.28000000000000014,0.8660254037844386,0.5000000000000001,0.7583058084785624,0.6518989958787126
QLPH122019,105.51,9.58,0.33,2019-03-04,0.058712875000000005,32.5,0.0325,139.81742122732834,181.76264759552686,4,0.68,0.68,0.68,0.2999999999999997,0.3857142857142858,1.0,6.123233995736766e-17,0.8840675099433636,0.4673592171580022
QLPH122019,105.51,9.58,0.33,2019-03-20,0.043537855,24.1,0.0241,139.81742122732834,181.76264759552686,4,0.72,0.72,0.72,0.2899999999999997,0.24142857142857158,1.0,6.123233995736766e-17,0.9778483415056568,0.20931464596304847
QLPH122019,105.51,9.58,0.33,2019-04-01,0.2,42.42,0.04242,139.81742122732834,181.76264759552686,4,0.44,0.44,0.44,0.3066666666666665,0.6057142857142858,0.8660254037844387,-0.4999999999999998,0.9999907397361901,0.004303538296244289
QLPH122019,105.51,9.58,0.33,2019-04-15,0.3,61.74,0.06174,139.81742122732834,181.76264759552686,4,0.1,0.1,0.1,0.28999999999999987,0.6785714285714287,0.8660254037844387,-0.4999999999999998,0.9721181966290613,-0.23449138957040985
QLPH122019,105.51,9.58,0.33,2019-05-01,0.3,65.12,0.06512000000000001,139.81742122732834,181.76264759552686,4,0.37,0.37,0.37,0.25999999999999984,0.47571428571428587,0.49999999999999994,-0.8660254037844387,0.8717063187093218,-0.4900286664290592
QLPH122019,105.51,9.58,0.33,2019-05-15,0.2,42.32,0.04232,139.81742122732834,181.76264759552686,4,0.29,0.29,0.29,0.09333333333333316,0.46714285714285725,0.49999999999999994,-0.8660254037844387,0.7295575540864875,-0.6839194216246106
QLPH122020,105.51,9.58,0.33,2020-02-11,4.6,2446.5,2.4465,139.81742122732834,181.76264759552686,4,0.92,0.92,0.92,0.5499999999999997,0.442857142857143,0.8660254037844386,0.5000000000000001,0.6616346182422783,0.7498264012045686
QLPH122020,105.51,9.58,0.33,2020-02-25,1.52,125.0,0.125,139.81742122732834,181.76264759552686,4,1.12,1.12,1.12,0.6999999999999997,0.31571428571428584,0.8660254037844386,0.5000000000000001,0.8214765533024142,0.5702422926917871
QLPH122020,105.51,9.58,0.33,2020-03-14,0.6,315.55,0.31555,139.81742122732834,181.76264759552686,4,1.03,1.03,1.03,0.8599999999999998,0.4400000000000001,1.0,6.123233995736766e-17,0.9562348265919056,0.29260033563334836
QLPH122020,105.51,9.58,0.33,2020-03-26,0.8,691.275,0.691275,139.81742122732834,181.76264759552686,4,0.86,0.86,0.86,0.19999999999999982,0.0942857142857144,1.0,6.123233995736766e-17,0.995918996147179,0.09025161003104117
QLPH122020,105.51,9.58,0.33,2020-05-02,5.53,3474.1,3.4741,139.81742122732834,181.76264759552686,4,-0.09,-0.09,-0.09,0.28333333333333305,0.532857142857143,0.49999999999999994,-0.8660254037844387,0.854322169749827,-0.5197438121555155
QLPH122020,105.51,9.58,0.33,2020-05-11,3.12,1878.85,1.87885,139.81742122732834,181.76264759552686,4,0.85,0.85,0.85,0.7599999999999998,0.34000000000000014,0.49999999999999994,-0.8660254037844387,0.7638886127905428,-0.6453481132295501
QLPH122020,105.51,9.58,0.33,2020-05-25,2.15,1214.0,1.214,139.81742122732834,181.76264759552686,4,0.68,0.68,0.68,0.5699999999999997,0.14714285714285727,0.49999999999999994,-0.8660254037844387,0.5877852522924732,-0.8090169943749473
QLPH122020,105.51,9.58,0.33,2020-06-09,0.55,56.0,0.056,139.81742122732834,181.76264759552686,4,0.85,0.85,0.85,0.6466666666666665,0.11571428571428584,1.2246467991473532e-16,-1.0,0.36171373072976765,-0.9322892131745133
QLPH122020,105.51,9.58,0.33,2020-06-23,0.47,333.23,0.33323,139.81742122732834,181.76264759552686,4,0.8200000000000001,0.8200000000000001,0.8200000000000001,0.5299999999999998,0.018571428571428683,1.2246467991473532e-16,-1.0,0.12874817745258132,-0.99167731989929
QLPH122021,105.27,9.41,0.4,2015-07-13,18.7,13125.0,13.125,154.31283511318108,200.6066856471354,4,0.785,0.785,0.785,0.5349999999999999,0.25428571428571456,-0.4999999999999997,-0.8660254037844388,-0.19667288979357622,-0.9804691603616321
QLPH122022,105.27,9.41,0.4,2022-02-17,17.2,9520.91002186488,,154.31283511318108,200.6066856471354,4,0.75,0.75,0.75,0.54,0.4900000000000004,0.8660254037844386,0.5000000000000001,0.7354170229639855,0.6776147890466889
QLPH122022,105.27,9.41,0.4,2022-03-05,19.9,11015.471478785528,,154.31283511318108,200.6066856471354,4,1.21,1.21,1.21,0.7833333333333332,0.48857142857142893,1.0,6.123233995736766e-17,0.8919813464595485,0.45207220393230435
QLPH122022,105.27,9.41,0.4,2022-03-19,21.2,11735.075143228805,,154.31283511318108,200.6066856471354,4,0.6000000000000001,0.6000000000000001,0.6000000000000001,0.25333333333333324,0.12428571428571467,1.0,6.123233995736766e-17,0.9741004551724205,0.22611568550828828
QLPH122022,105.27,9.41,0.4,2022-04-03,0.1,55.354128034098146,,154.31283511318108,200.6066856471354,4,1.09,1.09,1.09,0.35666666666666663,0.1257142857142861,0.8660254037844387,-0.4999999999999998,0.9995462806873573,-0.030120304846908114
QLPH122022,105.27,9.41,0.4,2022-04-17,14.0,7749.57792477374,,154.31283511318108,200.6066856471354,4,0.35000000000000003,0.35000000000000003,0.35000000000000003,0.12999999999999978,0.16571428571428606,0.8660254037844387,-0.4999999999999998,0.9634705485641488,-0.2678143051621742
QLPH122022,105.27,9.41,0.4,2022-05-03,14.8,8192.410949046525,,154.31283511318108,200.6066856471354,4,1.02,1.02,1.02,0.5433333333333331,0.24142857142857177,0.49999999999999994,-0.8660254037844387,0.854322169749827,-0.5197438121555155
QLPH122022,105.27,9.41,0.4,2022-05-17,9.4,5203.288035205225,,154.31283511318108,200.6066856471354,4,0.8,0.8,0.8,0.31333333333333313,0.24000000000000035,0.49999999999999994,-0.8660254037844387,0.705583610107178,-0.7086266782644596
QLPH122022,105.27,9.41,0.4,2022-06-01,0.1,55.354128034098146,,154.31283511318108,200.6066856471354,4,1.22,1.22,1.22,0.7499999999999997,0.4328571428571432,1.2246467991473532e-16,-1.0,0.5012418134457758,-0.865307254363206
QLPH122022,105.27,9.41,0.4,2022-06-15,6.5,3598.018322216379,,154.31283511318108,200.6066856471354,4,0.9400000000000001,0.9400000000000001,0.9400000000000001,0.5199999999999998,0.4114285714285718,1.2246467991473532e-16,-1.0,0.28023067519921585,-0.9599326896597447
QLPH132017,105.42,9.59,0.35,2017-03-01,0.0179318153,9.926,0.009926,136.51889397823544,177.47456217170608,4,1.06,1.06,1.06,0.8399999999999999,0.6685714285714285,1.0,6.123233995736766e-17,0.8587639582758029,0.5123714121284237
QLPH132017,105.42,9.59,0.35,2017-03-16,0.3,4.2,0.004200000000000001,136.51889397823544,177.47456217170608,4,1.04,1.04,1.04,1.0366666666666664,0.7928571428571429,1.0,6.123233995736766e-17,0.9611297838723007,0.27609697309746883
QLPH132017,105.42,9.59,0.35,2017-04-01,1.8,345.0,0.345,136.51889397823544,177.47456217170608,4,1.17,1.17,1.17,1.0433333333333332,0.7700000000000001,0.8660254037844387,-0.4999999999999998,0.9999907397361901,0.004303538296244289
QLPH132017,105.42,9.59,0.35,2017-04-15,5.5,3562.0,3.562,136.51889397823544,177.47456217170608,4,0.98,0.98,0.98,1.1199999999999999,0.9771428571428571,0.8660254037844387,-0.4999999999999998,0.9721181966290613,-0.23449138957040985
QLPH132017,105.42,9.59,0.35,2017-05-01,2.7,456.0,0.456,136.51889397823544,177.47456217170608,4,1.03,1.03,1.03,1.0199999999999998,0.7314285714285714,0.49999999999999994,-0.8660254037844387,0.8717063187093218,-0.4900286664290592
QLPH132017,105.42,9.59,0.35,2017-05-15,0.4,45.2,0.045200000000000004,136.51889397823544,177.47456217170608,4,1.07,1.07,1.07,1.1233333333333333,0.8785714285714287,0.49999999999999994,-0.8660254037844387,0.7295575540864875,-0.6839194216246106
QLPH132017,105.42,9.59,0.35,2017-06-01,0.7,11.0,0.011,136.51889397823544,177.47456217170608,4,0.8200000000000001,0.8200000000000001,0.8200000000000001,1.2333333333333334,1.0985714285714285,1.2246467991473532e-16,-1.0,0.5012418134457758,-0.865307254363206
QLPH132017,105.42,9.59,0.35,2017-06-15,1.9,315.0,0.315,136.51889397823544,177.47456217170608,4,0.91,0.91,0.91,1.1433333333333333,1.1071428571428572,1.2246467991473532e-16,-1.0,0.28023067519921585,-0.9599326896597447
QLPH132019,105.42,9.59,0.35,2019-01-01,0.3,35.19,0.03519,136.51889397823544,177.47456217170608,4,0.6900000000000001,0.6900000000000001,0.6900000000000001,0.8099999999999997,1.1471428571428572,0.49999999999999994,0.8660254037844387,0.017213356155834685,0.9998518392091162
QLPH132019,105.42,9.59,0.35,2019-01-15,0.2,21.7,0.0217,136.51889397823544,177.47456217170608,4,0.48,0.48,0.48,0.9666666666666663,1.215714285714286,0.49999999999999994,0.8660254037844387,0.255353295116187,0.9668478136052775
QLPH132019,105.42,9.59,0.35,2019-02-01,0.2,39.57,0.03957,136.51889397823544,177.47456217170608,4,0.7000000000000001,0.7000000000000001,0.7000000000000001,0.6599999999999997,1.0285714285714287,0.8660254037844386,0.5000000000000001,0.5234156073655503,0.8520775211013093
QLPH132019,105.42,9.59,0.35,2019-02-19,0.2,55.71,0.05571,136.51889397823544,177.47456217170608,4,0.62,0.62,0.62,0.41999999999999965,0.28000000000000014,0.8660254037844386,0.5000000000000001,0.7583058084785624,0.6518989958787126
QLPH132019,105.42,9.59,0.35,2019-03-04,0.3,125.5,0.1255,136.51889397823544,177.47456217170608,4,0.68,0.68,0.68,0.2999999999999997,0.3857142857142858,1.0,6.123233995736766e-17,0.8840675099433636,0.4673592171580022
QLPH132019,105.42,9.59,0.35,2019-03-20,6.5,312.0,0.312,136.51889397823544,177.47456217170608,4,0.72,0.72,0.72,0.2899999999999997,0.24142857142857158,1.0,6.123233995736766e-17,0.9778483415056568,0.20931464596304847
QLPH132019,105.42,9.59,0.35,2019-04-01,2.1,1125.0,1.125,136.51889397823544,177.47456217170608,4,0.44,0.44,0.44,0.3066666666666665,0.6057142857142858,0.8660254037844387,-0.4999999999999998,0.9999907397361901,0.004303538296244289
QLPH132019,105.42,9.59,0.35,2019-04-15,4.8,1864.0,1.864,136.51889397823544,177.47456217170608,4,0.1,0.1,0.1,0.28999999999999987,0.6785714285714287,0.8660254037844387,-0.4999999999999998,0.9721181966290613,-0.23449138957040985
QLPH132019,105.42,9.59,0.35,2019-05-01,3.8,1162.0,1.162,136.51889397823544,177.47456217170608,4,0.37,0.37,0.37,0.25999999999999984,0.47571428571428587,0.49999999999999994,-0.8660254037844387,0.8717063187093218,-0.4900286664290592
QLPH132019,105.42,9.59,0.35,2019-05-15,1.0,18.6,0.018600000000000002,136.51889397823544,177.47456217170608,4,0.29,0.29,0.29,0.09333333333333316,0.46714285714285725,0.49999999999999994,-0.8660254037844387,0.7295575540864875,-0.6839194216246106
QLPH132020,105.42,9.59,0.35,2020-02-11,7.6,489.35,0.48935,136.51889397823544,177.47456217170608,4,0.92,0.92,0.92,0.5499999999999997,0.442857142857143,0.8660254037844386,0.5000000000000001,0.6616346182422783,0.7498264012045686
QLPH132020,105.42,9.59,0.35,2020-02-25,7.86,4821.0,4.821,136.51889397823544,177.47456217170608,4,1.12,1.12,1.12,0.6999999999999997,0.31571428571428584,0.8660254037844386,0.5000000000000001,0.8214765533024142,0.5702422926917871
QLPH132020,105.42,9.59,0.35,2020-03-14,4.8,2587.85,2.58785,136.51889397823544,177.47456217170608,4,1.03,1.03,1.03,0.8599999999999998,0.4400000000000001,1.0,6.123233995736766e-17,0.9562348265919056,0.29260033563334836
QLPH132020,105.42,9.59,0.35,2020-03-26,5.7,9571.5,9.5715,136.51889397823544,177.47456217170608,4,0.86,0.86,0.86,0.19999999999999982,0.0942857142857144,1.0,6.123233995736766e-17,0.995918996147179,0.09025161003104117
QLPH132020,105.42,9.59,0.35,2020-05-02,12.4,7444.5,7.4445,136.51889397823544,177.47456217170608,4,-0.09,-0.09,-0.09,0.28333333333333305,0.532857142857143,0.49999999999999994,-0.8660254037844387,0.854322169749827,-0.5197438121555155
QLPH132020,105.42,9.59,0.35,2020-05-11,8.45,4431.25,4.43125,136.51889397823544,177.47456217170608,4,0.85,0.85,0.85,0.7599999999999998,0.34000000000000014,0.49999999999999994,-0.8660254037844387,0.7638886127905428,-0.6453481132295501
QLPH132020,105.42,9.59,0.35,2020-05-25,9.56,4526.0,4.526,136.51889397823544,177.47456217170608,4,0.68,0.68,0.68,0.5699999999999997,0.14714285714285727,0.49999999999999994,-0.8660254037844387,0.5877852522924732,-0.8090169943749473
QLPH132020,105.42,9.59,0.35,2020-06-09,1.66,125.0,0.125,136.51889397823544,177.47456217170608,4,0.85,0.85,0.85,0.6466666666666665,0.11571428571428584,1.2246467991473532e-16,-1.0,0.36171373072976765,-0.9322892131745133
QLPH132020,105.42,9.59,0.35,2020-06-23,0.81,517.57,0.5175700000000001,136.51889397823544,177.47456217170608,4,0.8200000000000001,0.8200000000000001,0.8200000000000001,0.5299999999999998,0.018571428571428683,1.2246467991473532e-16,-1.0,0.12874817745258132,-0.99167731989929
QLPH132021,105.3,9.64,0.5,2015-07-13,0.3,123.34,0.12334,129.08863740896058,167.81522863164875,3,0.785,0.785,0.785,0.5349999999999999,0.25428571428571456,-0.4999999999999997,-0.8660254037844388,-0.19667288979357622,-0.9804691603616321
QLPH132022,105.8,9.56,0.39,2022-02-17,0.2,110.70825606819629,,153.12663687895792,199.0646279426453,4,0.75,0.75,0.75,0.54,0.4900000000000004,0.8660254037844386,0.5000000000000001,0.7354170229639855,0.6776147890466889
QLPH132022,105.8,9.56,0.39,2022-03-05,0.1,55.354128034098146,,153.12663687895792,199.0646279426453,4,1.21,1.21,1.21,0.7833333333333332,0.48857142857142893,1.0,6.123233995736766e-17,0.8919813464595485,0.45207220393230435
QLPH132022,105.8,9.56,0.39,2022-03-19,0.1,55.354128034098146,,153.12663687895792,199.0646279426453,4,0.6000000000000001,0.6000000000000001,0.6000000000000001,0.25333333333333324,0.12428571428571467,1.0,6.123233995736766e-17,0.9741004551724205,0.22611568550828828
QLPH132022,105.8,9.56,0.39,2022-04-03,0.2,110.70825606819629,,153.12663687895792,199.0646279426453,4,1.09,1.09,1.09,0.35666666666666663,0.1257142857142861,0.8660254037844387,-0.4999999999999998,0.9995462806873573,-0.030120304846908114
QLPH132022,105.8,9.56,0.39,2022-04-17,0.2,110.70825606819629,,153.12663687895792,199.0646279426453,4,0.35000000000000003,0.35000000000000003,0.35000000000000003,0.12999999999999978,0.16571428571428606,0.8660254037844387,-0.4999999999999998,0.9634705485641488,-0.2678143051621742
QLPH132022,105.8,9.56,0.39,2022-05-03,0.2,110.70825606819629,,153.12663687895792,199.0646279426453,4,1.02,1.02,1.02,0.5433333333333331,0.24142857142857177,0.49999999999999994,-0.8660254037844387,0.854322169749827,-0.5197438121555155
QLPH132022,105.8,9.56,0.39,2022-05-17,0.1,55.354128034098146,,153.12663687895792,199.0646279426453,4,0.8,0.8,0.8,0.31333333333333313,0.24000000000000035,0.49999999999999994,-0.8660254037844387,0.705583610107178,-0.7086266782644596
QLPH132022,105.8,9.56,0.39,2022-06-01,0.2,110.70825606819629,,153.12663687895792,199.0646279426453,4,1.22,1.22,1.22,0.7499999999999997,0.4328571428571432,1.2246467991473532e-16,-1.0,0.5012418134457758,-0.865307254363206
QLPH132022,105.8,9.56,0.39,2022-06-15,0.2,110.70825606819629,,153.12663687895792,199.0646279426453,4,0.9400000000000001,0.9400000000000001,0.9400000000000001,0.5199999999999998,0.4114285714285718,1.2246467991473532e-16,-1.0,0.28023067519921585,-0.9599326896597447
QLPH142017,105.29,9.64,0.47,2017-03-01,0.2,35.45,0.03545,128.98284276067207,167.6776955888737,3,1.13,1.13,1.13,0.9466666666666663,0.7571428571428572,1.0,6.123233995736766e-17,0.8587639582758029,0.5123714121284237
QLPH142017,105.29,9.64,0.47,2017-03-16,2.9,284.5,0.2845,128.98284276067207,167.6776955888737,3,0.88,0.88,0.88,1.0599999999999998,0.8885714285714287,1.0,6.123233995736766e-17,0.9611297838723007,0.27609697309746883
QLPH142017,105.29,9.64,0.47,2017-04-01,7.3,415.0,0.415,128.98284276067207,167.6776955888737,3,1.07,1.07,1.07,1.1466666666666665,0.88,0.8660254037844387,-0.4999999999999998,0.9999907397361901,0.004303538296244289
QLPH142017,105.29,9.64,0.47,2017-04-15,11.3,3521.0,3.521,128.98284276067207,167.6776955888737,3,0.79,0.79,0.79,1.0766666666666664,1.012857142857143,0.8660254037844387,-0.4999999999999998,0.9721181966290613,-0.23449138957040985
QLPH142017,105.29,9.64,0.47,2017-05-01,8.3,521.0,0.521,128.98284276067207,167.6776955888737,3,0.85,0.85,0.85,1.05,0.8285714285714286,0.49999999999999994,-0.8660254037844387,0.8717063187093218,-0.4900286664290592
QLPH142017,105.29,9.64,0.47,2017-05-15,17.8,926.0,0.926,128.98284276067207,167.6776955888737,3,0.93,0.93,0.93,1.1066666666666667,0.9671428571428571,0.49999999999999994,-0.8660254037844387,0.7295575540864875,-0.6839194216246106
QLPH142017,105.29,9.64,0.47,2017-06-01,1.5,65.0,0.065,128.98284276067207,167.6776955888737,3,0.79,0.79,0.79,1.0633333333333332,1.1214285714285714,1.2246467991473532e-16,-1.0,0.5012418134457758,-0.865307254363206
QLPH142017,105.29,9.64,0.47,2017-06-15,8.3,561.0,0.561,128.98284276067207,167.6776955888737,3,0.75,0.75,0.75,1.0466666666666664,1.1214285714285714,1.2246467991473532e-16,-1.0,0.28023067519921585,-0.9599326896597447
QLPH142019,105.29,9.64,0.47,2019-01-01,2.2,21.1,0.0211,128.98284276067207,167.6776955888737,3,0.73,0.73,0.73,0.713333333333333,1.0400000000000003,0.49999999999999994,0.8660254037844387,0.017213356155834685,0.9998518392091162
QLPH142019,105.29,9.64,0.47,2019-01-15,2.0,98.46,0.09845999999999999,128.98284276067207,167.6776955888737,3,0.5,0.5,0.5,0.8266666666666663,1.0657142857142858,0.49999999999999994,0.8660254037844387,0.255353295116187,0.9668478136052775
QLPH142019,105.29,9.64,0.47,2019-02-01,1.2,9.55,0.009550000000000001,128.98284276067207,167.6776955888737,3,0.77,0.77,0.77,0.6466666666666664,0.9071428571428573,0.8660254037844386,0.5000000000000001,0.5234156073655503,0.8520775211013093
QLPH142019,105.29,9.64,0.47,2019-02-19,2.6,94.37,0.09437000000000001,128.98284276067207,167.6776955888737,3,0.92,0.92,0.92,0.543333333333333,0.3171428571428573,0.8660254037844386,0.5000000000000001,0.7583058084785624,0.6518989958787126
QLPH142019,105.29,9.64,0.47,2019-03-04,2.5,1386.1,1.3860999999999999,128.98284276067207,167.6776955888737,3,0.79,0.79,0.79,0.4799999999999997,0.36000000000000015,1.0,6.123233995736766e-17,0.8840675099433636,0.4673592171580022
QLPH142019,105.29,9.64,0.47,2019-03-20,14.0,8125.4,8.125399999999999,128.98284276067207,167.6776955888737,3,0.9,0.9,0.9,0.4799999999999997,0.29000000000000015,1.0,6.123233995736766e-17,0.9778483415056568,0.20931464596304847
QLPH142019,105.29,9.64,0.47,2019-04-01,9.1,365.0,0.365,128.98284276067207,167.6776955888737,3,0.5700000000000001,0.5700000000000001,0.5700000000000001,0.37999999999999984,0.5014285714285716,0.8660254037844387,-0.4999999999999998,0.9999907397361901,0.004303538296244289
QLPH142019,105.29,9.64,0.47,2019-04-15,11.9,8153.0,8.153,128.98284276067207,167.6776955888737,3,0.24,0.24,0.24,0.1333333333333332,0.542857142857143,0.8660254037844387,-0.4999999999999998,0.9721181966290613,-0.23449138957040985
QLPH142019,105.29,9.64,0.47,2019-05-01,9.8,516.0,0.516,128.98284276067207,167.6776955888737,3,0.42,0.42,0.42,0.30666666666666653,0.37571428571428583,0.49999999999999994,-0.8660254037844387,0.8717063187093218,-0.4900286664290592
QLPH142019,105.29,9.64,0.47,2019-05-15,7.8,368.0,0.368,128.98284276067207,167.6776955888737,3,0.44,0.44,0.44,0.19999999999999982,0.38000000000000017,0.49999999999999994,-0.8660254037844387,0.7295575540864875,-0.6839194216246106
QLPH142020,105.29,9.64,0.47,2020-02-11,1.7,9217.0,9.217,128.98284276067207,167.6776955888737,3,1.16,1.16,1.16,0.753333333333333,0.5242857142857144,0.8660254037844386,0.5000000000000001,0.6616346182422783,0.7498264012045686
QLPH142020,105.29,9.64,0.47,2020-02-25,7.23,4537.0,4.537,128.98284276067207,167.6776955888737,3,1.26,1.26,1.26,0.9299999999999997,0.4714285714285716,0.8660254037844386,0.5000000000000001,0.8214765533024142,0.5702422926917871
QLPH142020,105.29,9.64,0.47,2020-03-14,8.2,3793.15,3.7931500000000002,128.98284276067207,167.6776955888737,3,0.9,0.9,0.9,0.9999999999999999,0.5900000000000001,1.0,6.123233995736766e-17,0.9562348265919056,0.29260033563334836
QLPH142020,105.29,9.64,0.47,2020-03-26,1.4,13116.5,13.1165,128.98284276067207,167.6776955888737,3,0.87,0.87,0.87,0.4299999999999997,0.2371428571428573,1.0,6.123233995736766e-17,0.995918996147179,0.09025161003104117
QLPH142020,105.29,9.64,0.47,2020-05-02,15.6,14534.5,14.5345,128.98284276067207,167.6776955888737,3,-0.04,-0.04,-0.04,0.09333333333333309,0.4100000000000001,0.49999999999999994,-0.8660254037844387,0.854322169749827,-0.5197438121555155
QLPH142020,105.29,9.64,0.47,2020-05-11,16.4,142.75,0.14275,128.98284276067207,167.6776955888737,3,0.7000000000000001,0.7000000000000001,0.7000000000000001,0.9066666666666664,0.4657142857142858,0.49999999999999994,-0.8660254037844387,0.7638886127905428,-0.6453481132295501
QLPH142020,105.29,9.64,0.47,2020-05-25,15.2,1463.0,1.463,128.98284276067207,167.6776955888737,3,0.62,0.62,0.62,0.6833333333333331,0.2842857142857144,0.49999999999999994,-0.8660254037844387,0.5877852522924732,-0.8090169943749473
QLPH142020,105.29,9.64,0.47,2020-06-09,12.2,12931.5,12.9315,128.98284276067207,167.6776955888737,3,0.6900000000000001,0.6900000000000001,0.6900000000000001,0.8399999999999999,0.30000000000000016,1.2246467991473532e-16,-1.0,0.36171373072976765,-0.9322892131745133
QLPH142020,105.29,9.64,0.47,2020-06-23,11.2,1737.5,1.7375,128.98284276067207,167.6776955888737,3,0.75,0.75,0.75,0.7333333333333331,0.20000000000000012,1.2246467991473532e-16,-1.0,0.12874817745258132,-0.99167731989929
QLPH142021,105.27,9.41,0.4,2015-07-13,16.5,11243.5,11.2435,154.31283511318108,200.6066856471354,4,0.675,0.675,0.675,0.4933333333333332,0.1621428571428574,-0.4999999999999997,-0.8660254037844388,-0.19667288979357622,-0.9804691603616321
QLPH142022,105.27,9.41,0.4,2022-03-19,14.7,8137.056821012426,,154.31283511318108,200.6066856471354,4,0.6000000000000001,0.6000000000000001,0.6000000000000001,0.25333333333333324,0.12428571428571467,1.0,6.123233995736766e-17,0.9741004551724205,0.22611568550828828
QLPH142022,105.27,9.41,0.4,2022-06-01,6.1,3376.601810079986,,154.31283511318108,200.6066856471354,4,1.22,1.22,1.22,0.7499999999999997,0.4328571428571432,1.2246467991473532e-16,-1.0,0.5012418134457758,-0.865307254363206
QLPH152017,105.27,9.41,0.4,2017-03-01,2.5,29.69,0.02969,154.31283511318108,200.6066856471354,4,1.06,1.06,1.06,0.8399999999999999,0.6685714285714285,1.0,6.123233995736766e-17,0.8587639582758029,0.5123714121284237
QLPH152017,105.27,9.41,0.4,2017-03-16,2.8,352.0,0.352,154.31283511318108,200.6066856471354,4,1.04,1.04,1.04,1.0366666666666664,0.7928571428571429,1.0,6.123233995736766e-17,0.9611297838723007,0.27609697309746883
QLPH152017,105.27,9.41,0.4,2017-04-01,22.3,7625.0,7.625,154.31283511318108,200.6066856471354,4,1.17,1.17,1.17,1.0433333333333332,0.7700000000000001,0.8660254037844387,-0.4999999999999998,0.9999907397361901,0.004303538296244289
QLPH152017,105.27,9.41,0.4,2017-04-15,21.0,7684.0,7.684,154.31283511318108,200.6066856471354,4,0.98,0.98,0.98,1.1199999999999999,0.9771428571428571,0.8660254037844387,-0.4999999999999998,0.9721181966290613,-0.23449138957040985
QLPH152017,105.27,9.41,0.4,2017-05-01,25.7,11523.0,11.523,154.31283511318108,200.6066856471354,4,1.03,1.03,1.03,1.0199999999999998,0.7314285714285714,0.49999999999999994,-0.8660254037844387,0.8717063187093218,-0.4900286664290592
QLPH152017,105.27,9.41,0.4,2017-05-15,24.1,17.0,0.017,154.31283511318108,200.6066856471354,4,1.07,1.07,1.07,1.1233333333333333,0.8785714285714287,0.49999999999999994,-0.8660254037844387,0.7295575540864875,-0.6839194216246106
QLPH152017,105.27,9.41,0.4,2017-06-01,14.5,93.0,0.093,154.31283511318108,200.6066856471354,4,0.8200000000000001,0.8200000000000001,0.8200000000000001,1.2333333333333334,1.0985714285714285,1.2246467991473532e-16,-1.0,0.5012418134457758,-0.865307254363206
QLPH152017,105.27,9.41,0.4,2017-06-15,13.2,9.0,0.009,154.31283511318108,200.6066856471354,4,0.91,0.91,0.91,1.1433333333333333,1.1071428571428572,1.2246467991473532e-16,-1.0,0.28023067519921585,-0.9599326896597447
QLPH152019,105.27,9.41,0.4,2019-01-01,5.7,648.12,0.64812,154.31283511318108,200.6066856471354,4,0.6900000000000001,0.6900000000000001,0.6900000000000001,0.8099999999999997,1.1471428571428572,0.49999999999999994,0.8660254037844387,0.017213356155834685,0.9998518392091162
QLPH152019,105.27,9.41,0.4,2019-01-15,6.0,12.6,0.0126,154.31283511318108,200.6066856471354,4,0.48,0.48,0.48,0.9666666666666663,1.215714285714286,0.49999999999999994,0.8660254037844387,0.255353295116187,0.9668478136052775
QLPH152019,105.27,9.41,0.4,2019-02-01,1.7,527.62,0.52762,154.31283511318108,200.6066856471354,4,0.7000000000000001,0.7000000000000001,0.7000000000000001,0.6599999999999997,1.0285714285714287,0.8660254037844386,0.5000000000000001,0.5234156073655503,0.8520775211013093
QLPH152019,105.27,9.41,0.4,2019-02-19,15.1,2773.7,2.7737,154.31283511318108,200.6066856471354,4,0.62,0.62,0.62,0.41999999999999965,0.28000000000000014,0.8660254037844386,0.5000000000000001,0.7583058084785624,0.6518989958787126
QLPH152019,105.27,9.41,0.4,2019-03-04,19.9,1537.0,1.537,154.31283511318108,200.6066856471354,4,0.68,0.68,0.68,0.2999999999999997,0.3857142857142858,1.0,6.123233995736766e-17,0.8840675099433636,0.4673592171580022
QLPH152019,105.27,9.41,0.4,2019-03-20,11.7,722.6,0.7226,154.31283511318108,200.6066856471354,4,0.72,0.72,0.72,0.2899999999999997,0.24142857142857158,1.0,6.123233995736766e-17,0.9778483415056568,0.20931464596304847
QLPH152019,105.27,9.41,0.4,2019-04-01,2.3,152.0,0.152,154.31283511318108,200.6066856471354,4,0.44,0.44,0.44,0.3066666666666665,0.6057142857142858,0.8660254037844387,-0.4999999999999998,0.9999907397361901,0.004303538296244289
QLPH152019,105.27,9.41,0.4,2019-04-15,23.5,156.0,0.156,154.31283511318108,200.6066856471354,4,0.1,0.1,0.1,0.28999999999999987,0.6785714285714287,0.8660254037844387,-0.4999999999999998,0.9721181966290613,-0.23449138957040985
QLPH152019,105.27,9.41,0.4,2019-05-01,27.5,1532.0,1.532,154.31283511318108,200.6066856471354,4,0.37,0.37,0.37,0.25999999999999984,0.47571428571428587,0.49999999999999994,-0.8660254037844387,0.8717063187093218,-0.4900286664290592
QLPH152019,105.27,9.41,0.4,2019-05-15,26.6,1724.0,1.724,154.31283511318108,200.6066856471354,4,0.29,0.29,0.29,0.09333333333333316,0.46714285714285725,0.49999999999999994,-0.8660254037844387,0.7295575540864875,-0.6839194216246106
QLPH152020,105.27,9.41,0.4,2020-02-11,18.0,932.7,0.9327000000000001,154.31283511318108,200.6066856471354,4,0.92,0.92,0.92,0.5499999999999997,0.442857142857143,0.8660254037844386,0.5000000000000001,0.6616346182422783,0.7498264012045686
QLPH152020,105.27,9.41,0.4,2020-02-25,21.4,17583.0,17.583,154.31283511318108,200.6066856471354,4,1.12,1.12,1.12,0.6999999999999997,0.31571428571428584,0.8660254037844386,0.5000000000000001,0.8214765533024142,0.5702422926917871
QLPH152020,105.27,9.41,0.4,2020-03-14,3.2,15952.5,15.9525,154.31283511318108,200.6066856471354,4,1.03,1.03,1.03,0.8599999999999998,0.4400000000000001,1.0,6.123233995736766e-17,0.9562348265919056,0.29260033563334836
QLPH152020,105.27,9.41,0.4,2020-03-26,32.6,15915.5,15.9155,154.31283511318108,200.6066856471354,4,0.86,0.86,0.86,0.19999999999999982,0.0942857142857144,1.0,6.123233995736766e-17,0.995918996147179,0.09025161003104117
QLPH152020,105.27,9.41,0.4,2020-05-02,35.4,18654.0,18.654,154.31283511318108,200.6066856471354,4,-0.09,-0.09,-0.09,0.28333333333333305,0.532857142857143,0.49999999999999994,-0.8660254037844387,0.854322169749827,-0.5197438121555155
QLPH152020,105.27,9.41,0.4,2020-05-11,37.3,19674.75,19.67475,154.31283511318108,200.6066856471354,4,0.85,0.85,0.85,0.7599999999999998,0.34000000000000014,0.49999999999999994,-0.8660254037844387,0.7638886127905428,-0.6453481132295501
QLPH152020,105.27,9.41,0.4,2020-05-25,34.9,2541.0,2.541,154.31283511318108,200.6066856471354,4,0.68,0.68,0.68,0.5699999999999997,0.14714285714285727,0.49999999999999994,-0.8660254037844387,0.5877852522924732,-0.8090169943749473
QLPH152020,105.27,9.41,0.4,2020-06-09,35.2,2767.5,2.7675,154.31283511318108,200.6066856471354,4,0.85,0.85,0.85,0.6466666666666665,0.11571428571428584,1.2246467991473532e-16,-1.0,0.36171373072976765,-0.9322892131745133
QLPH152020,105.27,9.41,0.4,2020-06-23,31.8,42185.5,42.1855,154.31283511318108,200.6066856471354,4,0.8200000000000001,0.8200000000000001,0.8200000000000001,0.5299999999999998,0.018571428571428683,1.2246467991473532e-16,-1.0,0.12874817745258132,-0.99167731989929
QLPH152022,105.3,9.64,0.5,2022-04-03,0.1,55.354128034098146,,129.08863740896058,167.81522863164875,3,1.29,1.29,1.29,0.6666666666666665,0.29857142857142893,0.8660254037844387,-0.4999999999999998,0.9995462806873573,-0.030120304846908114
QLPH152022,105.3,9.64,0.5,2022-06-01,0.1,55.354128034098146,,129.08863740896058,167.81522863164875,3,1.24,1.24,1.24,1.013333333333333,0.5942857142857145,1.2246467991473532e-16,-1.0,0.5012418134457758,-0.865307254363206
TGLX012016,105.06,10.44,1.24,2016-03-04,0.0329695375,18.25,0.01825,41.63042238760365,54.11954910388475,1,0.52,0.52,0.52,0.5716666666666665,0.4792857142857144,1.0,6.123233995736766e-17,0.8919813464595485,0.45207220393230435
TGLX012016,105.06,10.44,1.24,2016-03-17,0.040990619500000006,22.69,0.022690000000000002,41.63042238760365,54.11954910388475,1,0.38,0.38,0.38,0.13,0.3642857142857143,1.0,6.123233995736766e-17,0.9700639218515071,0.2428497220959356
TGLX012016,105.06,10.44,1.24,2016-04-02,0.04150006660000001,22.972,0.022972000000000003,41.63042238760365,54.11954910388475,1,0.35000000000000003,0.35000000000000003,0.35000000000000003,0.2866666666666666,0.38,0.8660254037844387,-0.4999999999999998,0.9995462806873573,-0.030120304846908114
TGLX012016,105.06,10.44,1.24,2016-04-16,0.04267071100000001,23.62,0.023620000000000002,41.63042238760365,54.11954910388475,1,0.27,0.27,0.27,0.09333333333333331,0.26857142857142857,0.8660254037844387,-0.4999999999999998,0.9634705485641488,-0.2678143051621742
TGLX012016,105.06,10.44,1.24,2016-04-29,0.03470382550000001,19.21,0.01921,41.63042238760365,54.11954910388475,1,-0.06,-0.06,-0.06,-0.023333333333333334,0.3742857142857143,0.8660254037844387,-0.4999999999999998,0.8800122039735357,-0.47495107206704995
TGLX012016,105.06,10.44,1.24,2016-05-16,0.038551777,21.34,0.02134,41.63042238760365,54.11954910388475,1,0.30000000000000004,0.30000000000000004,0.30000000000000004,0.11333333333333333,0.16428571428571428,0.49999999999999994,-0.8660254037844387,0.705583610107178,-0.7086266782644596
TGLX012016,105.06,10.44,1.24,2016-06-01,0.2,8.2,0.008199999999999999,41.63042238760365,54.11954910388475,1,0.44,0.44,0.44,0.0033333333333332993,0.07142857142857142,1.2246467991473532e-16,-1.0,0.48627270710868997,-0.8738071036110808
TGLX012016,105.06,10.44,1.24,2016-06-15,0.035299987,19.54,0.01954,41.63042238760365,54.11954910388475,1,0.24,0.24,0.24,0.06666666666666667,0.09,1.2246467991473532e-16,-1.0,0.26366549272800704,-0.9646141756912435
TGLX012017,105.06,10.44,1.24,2017-03-03,0.0,0.0,0.0,41.63042238760365,54.11954910388475,1,0.52,0.52,0.52,1.0099999999999998,1.0,1.0,6.123233995736766e-17,0.8758917051442429,0.48250774176121847
TGLX012017,105.06,10.44,1.24,2017-03-17,0.0,0.0,0.0,41.63042238760365,54.11954910388475,1,0.25,0.25,0.25,0.6466666666666665,0.87,1.0,6.123233995736766e-17,0.9657399376548549,0.2595117970697999
TGLX012017,105.06,10.44,1.24,2017-04-03,0.0,0.0,0.0,41.63042238760365,54.11954910388475,1,0.37,0.37,0.37,0.5266666666666665,0.8700000000000001,0.8660254037844387,-0.4999999999999998,0.9995462806873573,-0.030120304846908114
TGLX012017,105.06,10.44,1.24,2017-04-17,0.0,0.0,0.0,41.63042238760365,54.11954910388475,1,0.29,0.29,0.29,0.3466666666666665,0.722857142857143,0.8660254037844387,-0.4999999999999998,0.9634705485641488,-0.2678143051621742
TGLX012017,105.06,10.44,1.24,2017-05-05,0.0,0.0,0.0,41.63042238760365,54.11954910388475,1,0.45,0.45,0.45,0.34999999999999987,0.5185714285714286,0.49999999999999994,-0.8660254037844387,0.8359254794186372,-0.548842958284719
TGLX012017,105.06,10.44,1.24,2017-05-18,0.0,0.0,0.0,41.63042238760365,54.11954910388475,1,0.26,0.26,0.26,0.39333333333333315,0.7157142857142856,0.49999999999999994,-0.8660254037844387,0.6932812268869777,-0.7206671495538609
TGLX012017,105.06,10.44,1.24,2017-06-03,0.0,0.0,0.0,41.63042238760365,54.11954910388475,1,0.79,0.79,0.79,0.9199999999999998,0.9628571428571429,1.2246467991473532e-16,-1.0,0.4711595076738638,-0.8820480249558537
TGLX012017,105.06,10.44,1.24,2017-06-19,0.0,0.0,0.0,41.63042238760365,54.11954910388475,1,1.04,1.04,1.04,0.9333333333333331,0.8614285714285714,1.2246467991473532e-16,-1.0,0.21352091543979612,-0.9769384927771817
TGLX012019,105.06,10.44,1.24,2019-01-27,0.040069279,22.18,0.02218,41.63042238760365,54.11954910388475,1,0.62,0.62,0.62,0.9899999999999997,1.2614285714285713,0.49999999999999994,0.8660254037844387,0.4482293417404106,0.893918596519257
TGLX012019,105.06,10.44,1.24,2019-02-16,0.029284175500000006,16.21,0.016210000000000002,41.63042238760365,54.11954910388475,1,0.62,0.62,0.62,0.41999999999999965,0.28000000000000014,0.8660254037844386,0.5000000000000001,0.7236440382959124,0.6901733882429719
TGLX012019,105.06,10.44,1.24,2019-02-26,0.004191196,2.32,0.00232,41.63042238760365,54.11954910388475,1,0.14,0.14,0.14,0.313333333333333,0.7285714285714288,0.8660254037844386,0.5000000000000001,0.8311706263658079,0.5560174366570446
TGLX012019,105.06,10.44,1.24,2019-03-14,0.027567953,15.26,0.01526,41.63042238760365,54.11954910388475,1,0.15,0.15,0.15,0.14666666666666636,0.4571428571428573,1.0,6.123233995736766e-17,0.9510565162951535,0.30901699437494745
TGLX012019,105.06,10.44,1.24,2019-03-28,0.0040647375,2.25,0.00225,41.63042238760365,54.11954910388475,1,0.42,0.42,0.42,0.3099999999999998,0.7257142857142858,1.0,6.123233995736766e-17,0.9973249731081555,0.07309512989807777
TGLX012019,105.06,10.44,1.24,2019-04-11,0.027513756500000004,15.23,0.01523,41.63042238760365,54.11954910388475,1,-0.03,-0.03,-0.03,0.5666666666666665,0.8257142857142858,0.8660254037844387,-0.4999999999999998,0.9859481499638304,-0.16705162550211924
TGLX012019,105.06,10.44,1.24,2019-04-26,0.0351373975,19.45,0.01945,41.63042238760365,54.11954910388475,1,0.25,0.25,0.25,0.29333333333333317,0.7314285714285715,0.8660254037844387,-0.4999999999999998,0.9106046300942162,-0.4132786077829042
TGLX012019,105.06,10.44,1.24,2019-05-12,0.04357398600000001,24.12,0.024120000000000003,41.63042238760365,54.11954910388475,1,0.29,0.29,0.29,0.09333333333333316,0.46714285714285725,0.49999999999999994,-0.8660254037844387,0.7638886127905428,-0.6453481132295501
TGLX012019,105.06,10.44,1.24,2019-05-26,0.027604084,15.28,0.01528,41.63042238760365,54.11954910388475,1,0.17,0.17,0.17,0.14999999999999986,0.5285714285714287,0.49999999999999994,-0.8660254037844387,0.5877852522924732,-0.8090169943749473
TGLX012019,105.06,10.44,1.24,2019-06-11,0.0038298860000000002,2.12,0.00212,41.63042238760365,54.11954910388475,1,0.4,0.4,0.4,0.2833333333333332,0.6200000000000001,1.2246467991473532e-16,-1.0,0.3456123126707335,-0.9383773917408641
TGLX012019,105.06,10.44,1.24,2019-06-24,0.027513756500000004,15.23,0.01523,41.63042238760365,54.11954910388475,1,0.31,0.31,0.31,0.3066666666666666,0.6285714285714288,1.2246467991473532e-16,-1.0,0.12874817745258132,-0.99167731989929
TGLX012019,105.06,10.44,1.24,2019-07-09,0.027513756500000004,15.23,0.01523,41.63042238760365,54.11954910388475,1,0.43,0.43,0.43,0.4499999999999999,0.6942857142857145,-0.4999999999999997,-0.8660254037844388,-0.12874817745258066,-0.99167731989929
TGLX012020,105.48,10.31,0.91,2020-01-11,0.063446036,35.12,0.03512,63.061054477895496,81.97937082126414,2,1.18,1.18,1.18,0.8099999999999997,0.7571428571428572,0.49999999999999994,0.8660254037844387,0.1882267098432442,0.9821256058680006
TGLX012020,105.48,10.31,0.91,2020-02-13,0.044874702,24.84,0.02484,63.061054477895496,81.97937082126414,2,1.26,1.26,1.26,1.2999999999999998,0.9242857142857145,0.8660254037844386,0.5000000000000001,0.6870527672236669,0.7266075247685656
TGLX012020,105.48,10.31,0.91,2020-02-27,0.1,16.24,0.016239999999999997,63.061054477895496,81.97937082126414,2,1.1,1.1,1.1,1.2433333333333332,0.992857142857143,0.8660254037844386,0.5000000000000001,0.8406184056344782,0.5416278206559814
TGLX012020,105.48,10.31,0.91,2020-03-12,0.048672070100000006,26.942,0.026942,63.061054477895496,81.97937082126414,2,1.03,1.03,1.03,0.8599999999999998,0.4400000000000001,1.0,6.123233995736766e-17,0.9455963874271426,0.3253420847119801
TGLX012020,105.48,10.31,0.91,2020-03-27,0.048672070100000006,26.942,0.026942,63.061054477895496,81.97937082126414,2,0.73,0.73,0.73,0.8433333333333332,0.46142857142857163,1.0,6.123233995736766e-17,0.9973249731081555,0.07309512989807777
TGLX012020,105.48,10.31,0.91,2020-05-09,0.21,34.32,0.03432,63.061054477895496,81.97937082126414,2,0.85,0.85,0.85,0.7599999999999998,0.34000000000000014,0.49999999999999994,-0.8660254037844387,0.7856498550787147,-0.6186714032625031
TGLX012020,105.48,10.31,0.91,2020-05-23,0.048672070100000006,26.942,0.026942,63.061054477895496,81.97937082126414,2,0.68,0.68,0.68,0.5699999999999997,0.14714285714285727,0.49999999999999994,-0.8660254037844387,0.6152845999633276,-0.7883050558305255
TGLX012020,105.48,10.31,0.91,2020-06-08,0.1,32.614,0.032614,63.061054477895496,81.97937082126414,2,0.6900000000000001,0.6900000000000001,0.6900000000000001,0.8399999999999999,0.30000000000000016,1.2246467991473532e-16,-1.0,0.3777079652039649,-0.9259247771938498
TGLX012020,105.48,10.31,0.91,2020-06-25,0.1,56.11,0.05611,63.061054477895496,81.97937082126414,2,0.2,0.2,0.2,0.49666666666666653,0.5571428571428573,1.2246467991473532e-16,-1.0,0.09453674981719912,-0.9955213724144752
TGLX012021,105.06,10.44,1.94,2021-01-29,0.8,1.49,0.00149,41.63042238760365,54.11954910388475,1,1.32,1.32,1.32,0.9366666666666665,0.7028571428571431,0.49999999999999994,0.8660254037844387,0.47873384011578846,0.8779600847008882
TGLX012021,105.06,10.44,1.94,2021-03-01,0.13,21.51,0.02151,41.63042238760365,54.11954910388475,1,1.16,1.16,1.16,1.0266666666666666,0.6585714285714287,1.0,6.123233995736766e-17,0.8587639582758029,0.5123714121284237
TGLX012021,105.06,10.44,1.94,2021-03-15,0.8,53.68,0.05368,41.63042238760365,54.11954910388475,1,1.16,1.16,1.16,1.17,0.7014285714285717,1.0,6.123233995736766e-17,0.9562348265919056,0.29260033563334836
TGLX012021,105.06,10.44,1.94,2021-03-29,0.027549887500000002,15.25,0.01525,41.63042238760365,54.11954910388475,1,1.18,1.18,1.18,0.9099999999999998,0.4485714285714288,1.0,6.123233995736766e-17,0.9984354211555643,0.055916990100603484
TGLX012021,105.06,10.44,1.94,2021-04-14,0.08180058400000001,45.28,0.04528,41.63042238760365,54.11954910388475,1,0.86,0.86,0.86,1.0633333333333335,0.7285714285714288,0.8660254037844387,-0.4999999999999998,0.9760105506323683,-0.21772323039653177
TGLX012021,105.06,10.44,1.94,2021-04-28,0.025942058,14.36,0.01436,41.63042238760365,54.11954910388475,1,1.05,1.05,1.05,0.8233333333333333,0.3028571428571431,0.8660254037844387,-0.4999999999999998,0.895839290734909,-0.4443781781046132
TGLX012021,105.06,10.44,1.94,2021-05-14,0.004426047500000001,2.45,0.0024500000000000004,41.63042238760365,54.11954910388475,1,0.5700000000000001,0.5700000000000001,0.5700000000000001,0.9233333333333332,0.8100000000000003,0.49999999999999994,-0.8660254037844387,0.7412220108485958,-0.6712599575675313
TGLX012021,105.06,10.44,-1.2,2021-05-29,0.030259712500000004,16.75,0.01675,41.63042238760365,54.11954910388475,1,0.55,0.55,0.55,0.96,0.5828571428571431,0.49999999999999994,-0.8660254037844387,0.545240438540651,-0.8382797052177744
TGLX012022,105.48,10.31,1.94,2022-02-17,0.0,0.0,0.0,63.061054477895496,81.97937082126414,2,1.25,1.25,1.25,0.7666666666666666,0.5800000000000004,0.8660254037844386,0.5000000000000001,0.7354170229639855,0.6776147890466889
TGLX012022,105.48,10.31,1.94,2022-03-04,0.0,0.0,0.0,63.061054477895496,81.97937082126414,2,1.43,1.43,1.43,0.9833333333333334,0.6271428571428574,1.0,6.123233995736766e-17,0.8840675099433636,0.4673592171580022
TGLX012022,105.48,10.31,1.94,2022-03-19,0.0,0.0,0.0,63.061054477895496,81.97937082126414,2,1.09,1.09,1.09,0.64,0.3285714285714289,1.0,6.123233995736766e-17,0.9741004551724205,0.22611568550828828
TGLX012022,105.48,10.31,1.94,2022-03-30,0.1,55.354128034098146,,63.061054477895496,81.97937082126414,2,0.30000000000000004,0.30000000000000004,0.30000000000000004,0.05666666666666659,0.07714285714285753,1.0,6.123233995736766e-17,0.9992500112396835,0.03872228089217446
TGLX012022,105.48,10.31,1.94,2022-04-15,0.1,55.354128034098146,,63.061054477895496,81.97937082126414,2,0.35000000000000003,0.35000000000000003,0.35000000000000003,0.12999999999999978,0.16571428571428606,0.8660254037844387,-0.4999999999999998,0.9721181966290613,-0.23449138957040985
TGLX012022,105.48,10.31,1.94,2022-04-26,0.1,55.354128034098146,,63.061054477895496,81.97937082126414,2,0.04,0.04,0.04,-0.04333333333333356,0.38000000000000034,0.8660254037844387,-0.4999999999999998,0.9106046300942162,-0.4132786077829042
TGLX012022,105.48,10.31,1.94,2022-05-16,0.0,0.0,0.0,63.061054477895496,81.97937082126414,2,1.12,1.12,1.12,0.5066666666666665,0.3400000000000003,0.49999999999999994,-0.8660254037844387,0.717676913675962,-0.6963762255968722
TGLX012022,105.48,10.31,1.94,2022-06-01,0.0,0.0,0.0,63.061054477895496,81.97937082126414,2,1.21,1.21,1.21,1.1866666666666665,0.7457142857142861,1.2246467991473532e-16,-1.0,0.5012418134457758,-0.865307254363206
TGLX012022,105.48,10.31,1.94,2022-06-17,0.0,0.0,0.0,63.061054477895496,81.97937082126414,2,1.22,1.22,1.22,1.413333333333333,0.9628571428571432,1.2246467991473532e-16,-1.0,0.24702218048093552,-0.9690098257244062
TGLX022016,105.1,10.71,1.94,2016-03-04,0.038515646,21.32,0.02132,12.947229270111663,16.83139805114516,0,0.66,0.66,0.66,0.8266666666666665,0.6350000000000001,1.0,6.123233995736766e-17,0.8919813464595485,0.45207220393230435
TGLX022016,105.1,10.71,1.94,2016-03-17,0.0320301315,17.73,0.01773,12.947229270111663,16.83139805114516,0,0.53,0.53,0.53,0.24,0.3071428571428571,1.0,6.123233995736766e-17,0.9700639218515071,0.2428497220959356
TGLX022016,105.1,10.71,1.94,2016-04-02,0.048672070100000006,26.942,0.026942,12.947229270111663,16.83139805114516,0,0.49,0.49,0.49,0.2933333333333333,0.3657142857142857,0.8660254037844387,-0.4999999999999998,0.9995462806873573,-0.030120304846908114
TGLX022016,105.1,10.71,1.94,2016-04-16,0.1,49.63,0.04963,12.947229270111663,16.83139805114516,0,0.35000000000000003,0.35000000000000003,0.35000000000000003,0.17666666666666664,0.18571428571428572,0.8660254037844387,-0.4999999999999998,0.9634705485641488,-0.2678143051621742
TGLX022016,105.1,10.71,1.94,2016-04-29,0.006467449000000001,3.58,0.0035800000000000003,12.947229270111663,16.83139805114516,0,0.04,0.04,0.04,-0.04666666666666667,0.23714285714285716,0.8660254037844387,-0.4999999999999998,0.8800122039735357,-0.47495107206704995
TGLX022016,105.1,10.71,1.94,2016-05-16,0.0043537855,2.41,0.0024100000000000002,12.947229270111663,16.83139805114516,0,0.15,0.15,0.15,0.19666666666666668,0.10142857142857144,0.49999999999999994,-0.8660254037844387,0.705583610107178,-0.7086266782644596
TGLX022016,105.1,10.71,1.94,2016-06-01,0.043899165000000004,24.3,0.024300000000000002,12.947229270111663,16.83139805114516,0,0.6000000000000001,0.6000000000000001,0.6000000000000001,0.14333333333333328,0.08142857142857143,1.2246467991473532e-16,-1.0,0.48627270710868997,-0.8738071036110808
TGLX022016,105.1,10.71,1.94,2016-06-15,0.1,25.62,0.02562,12.947229270111663,16.83139805114516,0,0.46,0.46,0.46,0.1366666666666667,0.06714285714285714,1.2246467991473532e-16,-1.0,0.26366549272800704,-0.9646141756912435
TGLX022017,105.1,10.71,1.94,2017-03-03,0.0,0.0,0.0,12.947229270111663,16.83139805114516,0,0.44,0.44,0.44,0.8099999999999997,0.9514285714285714,1.0,6.123233995736766e-17,0.8758917051442429,0.48250774176121847
TGLX022017,105.1,10.71,1.94,2017-03-17,0.0,0.0,0.0,12.947229270111663,16.83139805114516,0,0.14,0.14,0.14,0.43666666666666654,0.7671428571428571,1.0,6.123233995736766e-17,0.9657399376548549,0.2595117970697999
TGLX022017,105.1,10.71,1.94,2017-04-03,0.0,0.0,0.0,12.947229270111663,16.83139805114516,0,0.53,0.53,0.53,0.36333333333333323,0.7714285714285715,0.8660254037844387,-0.4999999999999998,0.9995462806873573,-0.030120304846908114
TGLX022017,105.1,10.71,1.94,2017-04-17,0.0,0.0,0.0,12.947229270111663,16.83139805114516,0,0.27,0.27,0.27,0.3066666666666665,0.6,0.8660254037844387,-0.4999999999999998,0.9634705485641488,-0.2678143051621742
TGLX022017,105.1,10.71,1.94,2017-05-05,0.0,0.0,0.0,12.947229270111663,16.83139805114516,0,0.58,0.58,0.58,0.3999999999999999,0.43571428571428567,0.49999999999999994,-0.8660254037844387,0.8359254794186372,-0.548842958284719
TGLX022017,105.1,10.71,1.94,2017-05-18,0.0,0.0,0.0,12.947229270111663,16.83139805114516,0,0.27,0.27,0.27,0.3133333333333332,0.5942857142857143,0.49999999999999994,-0.8660254037844387,0.6932812268869777,-0.7206671495538609
TGLX022017,105.1,10.71,1.94,2017-06-03,0.0,0.0,0.0,12.947229270111663,16.83139805114516,0,0.74,0.74,0.74,0.8799999999999998,0.8914285714285715,1.2246467991473532e-16,-1.0,0.4711595076738638,-0.8820480249558537
TGLX022017,105.1,10.71,1.94,2017-06-19,0.0,0.0,0.0,12.947229270111663,16.83139805114516,0,1.08,1.08,1.08,0.9899999999999998,0.88,1.2246467991473532e-16,-1.0,0.21352091543979612,-0.9769384927771817
TGLX022019,105.1,10.71,1.94,2019-01-27,0.035661296999999995,19.74,0.019739999999999997,12.947229270111663,16.83139805114516,0,0.62,0.62,0.62,0.7799999999999997,1.1500000000000001,0.49999999999999994,0.8660254037844387,0.4482293417404106,0.893918596519257
TGLX022019,105.1,10.71,1.94,2019-02-16,0.042526187,23.54,0.02354,12.947229270111663,16.83139805114516,0,0.92,0.92,0.92,0.543333333333333,0.3171428571428573,0.8660254037844386,0.5000000000000001,0.7236440382959124,0.6901733882429719
TGLX022019,105.1,10.71,1.94,2019-02-26,0.0564546875,31.25,0.03125,12.947229270111663,16.83139805114516,0,0.27,0.27,0.27,0.15333333333333304,0.5900000000000001,0.8660254037844386,0.5000000000000001,0.8311706263658079,0.5560174366570446
TGLX022019,105.1,10.71,1.94,2019-03-14,0.0039924755,2.21,0.00221,12.947229270111663,16.83139805114516,0,0.26,0.26,0.26,0.0999999999999997,0.3485714285714287,1.0,6.123233995736766e-17,0.9510565162951535,0.30901699437494745
TGLX022019,105.1,10.71,1.94,2019-03-28,0.027513756500000004,15.23,0.01523,12.947229270111663,16.83139805114516,0,0.44,0.44,0.44,0.3066666666666665,0.6057142857142858,1.0,6.123233995736766e-17,0.9973249731081555,0.07309512989807777
TGLX022019,105.1,10.71,1.94,2019-04-11,0.0045886370000000004,2.54,0.00254,12.947229270111663,16.83139805114516,0,0.1,0.1,0.1,0.28999999999999987,0.6785714285714287,0.8660254037844387,-0.4999999999999998,0.9859481499638304,-0.16705162550211924
TGLX022019,105.1,10.71,1.94,2019-04-26,0.0304764985,16.87,0.01687,12.947229270111663,16.83139805114516,0,0.30000000000000004,0.30000000000000004,0.30000000000000004,0.2266666666666665,0.5971428571428572,0.8660254037844387,-0.4999999999999998,0.9106046300942162,-0.4132786077829042
TGLX022019,105.1,10.71,1.94,2019-05-12,0.0047512265000000005,2.63,0.00263,12.947229270111663,16.83139805114516,0,0.44,0.44,0.44,0.19999999999999982,0.38000000000000017,0.49999999999999994,-0.8660254037844387,0.7638886127905428,-0.6453481132295501
TGLX022019,105.1,10.71,1.94,2019-05-26,0.032879210000000006,18.2,0.0182,12.947229270111663,16.83139805114516,0,0.17,0.17,0.17,0.1333333333333332,0.39571428571428585,0.49999999999999994,-0.8660254037844387,0.5877852522924732,-0.8090169943749473
TGLX022019,105.1,10.71,1.94,2019-06-11,0.029771944000000005,16.48,0.01648,12.947229270111663,16.83139805114516,0,0.46,0.46,0.46,0.30999999999999983,0.522857142857143,1.2246467991473532e-16,-1.0,0.3456123126707335,-0.9383773917408641
TGLX022019,105.1,10.71,1.94,2019-06-24,0.025869796000000004,14.32,0.014320000000000001,12.947229270111663,16.83139805114516,0,0.26,0.26,0.26,0.27999999999999997,0.5085714285714287,1.2246467991473532e-16,-1.0,0.12874817745258132,-0.99167731989929
TGLX022019,105.1,10.71,1.94,2019-07-09,0.004426047500000001,2.45,0.0024500000000000004,12.947229270111663,16.83139805114516,0,0.47000000000000003,0.47000000000000003,0.47000000000000003,0.3899999999999999,0.6257142857142858,-0.4999999999999997,-0.8660254037844388,-0.12874817745258066,-0.99167731989929
TGLX022020,105.1,10.71,1.94,2020-01-11,0.005799025500000001,3.21,0.00321,12.947229270111663,16.83139805114516,0,1.3900000000000001,1.3900000000000001,1.3900000000000001,1.1566666666666663,0.9185714285714287,0.49999999999999994,0.8660254037844387,0.1882267098432442,0.9821256058680006
TGLX022020,105.1,10.71,1.94,2020-02-13,0.048668457000000005,26.94,0.026940000000000002,12.947229270111663,16.83139805114516,0,0.34,0.34,0.34,1.1999999999999997,1.1200000000000003,0.8660254037844386,0.5000000000000001,0.6870527672236669,0.7266075247685656
TGLX022020,105.1,10.71,1.94,2020-02-27,0.053257094000000005,29.48,0.02948,12.947229270111663,16.83139805114516,0,0.51,0.51,0.51,1.0466666666666666,1.0971428571428574,0.8660254037844386,0.5000000000000001,0.8406184056344782,0.5416278206559814
TGLX022020,105.1,10.71,1.94,2020-03-12,0.048672070100000006,26.942,0.026942,12.947229270111663,16.83139805114516,0,0.65,0.65,0.65,1.0066666666666666,0.712857142857143,1.0,6.123233995736766e-17,0.9455963874271426,0.3253420847119801
TGLX022020,105.1,10.71,1.94,2020-03-27,0.048672070100000006,26.942,0.026942,12.947229270111663,16.83139805114516,0,0.21,0.21,0.21,0.6866666666666664,0.602857142857143,1.0,6.123233995736766e-17,0.9973249731081555,0.07309512989807777
TGLX022020,105.1,10.71,1.94,2020-05-09,0.1,26.942,0.026942,12.947229270111663,16.83139805114516,0,0.35000000000000003,0.35000000000000003,0.35000000000000003,0.8333333333333331,0.5642857142857144,0.49999999999999994,-0.8660254037844387,0.7856498550787147,-0.6186714032625031
TGLX022020,105.1,10.71,1.94,2020-05-23,0.048672070100000006,26.942,0.026942,12.947229270111663,16.83139805114516,0,0.42,0.42,0.42,0.6766666666666664,0.40857142857142875,0.49999999999999994,-0.8660254037844387,0.6152845999633276,-0.7883050558305255
TGLX022020,105.1,10.71,1.94,2020-06-08,0.0537954459,29.778,0.029778,12.947229270111663,16.83139805114516,0,-0.13,-0.13,-0.13,0.6333333333333332,0.5385714285714287,1.2246467991473532e-16,-1.0,0.3777079652039649,-0.9259247771938498
TGLX022020,105.1,10.71,1.94,2020-06-25,0.1,49.63,0.04963,12.947229270111663,16.83139805114516,0,-0.27,-0.27,-0.27,0.1499999999999998,0.4500000000000001,1.2246467991473532e-16,-1.0,0.09453674981719912,-0.9955213724144752
TGLX022021,105.1,10.71,-1.2,2021-01-29,0.8,1.83,0.00183,12.947229270111663,16.83139805114516,0,1.44,1.44,1.44,1.1066666666666665,0.8285714285714288,0.49999999999999994,0.8660254037844387,0.47873384011578846,0.8779600847008882
TGLX022021,105.1,10.71,-1.2,2021-03-01,0.1,18.63,0.01863,12.947229270111663,16.83139805114516,0,1.01,1.01,1.01,1.1399999999999997,0.7914285714285717,1.0,6.123233995736766e-17,0.8587639582758029,0.5123714121284237
TGLX022021,105.1,10.71,-1.2,2021-03-15,0.8,49.63,0.04963,12.947229270111663,16.83139805114516,0,1.03,1.03,1.03,1.2166666666666666,0.8657142857142859,1.0,6.123233995736766e-17,0.9562348265919056,0.29260033563334836
TGLX022021,105.1,10.71,-1.2,2021-03-29,0.017848714000000005,9.88,0.009880000000000002,12.947229270111663,16.83139805114516,0,1.18,1.18,1.18,1.113333333333333,0.6457142857142859,1.0,6.123233995736766e-17,0.9984354211555643,0.055916990100603484
TGLX022021,105.1,10.71,-1.2,2021-04-14,0.07081676000000002,39.2,0.039200000000000006,12.947229270111663,16.83139805114516,0,0.67,0.67,0.67,0.9933333333333333,0.8300000000000003,0.8660254037844387,-0.4999999999999998,0.9760105506323683,-0.21772323039653177
TGLX022021,105.1,10.71,-1.2,2021-04-28,0.03504707,19.4,0.019399999999999997,12.947229270111663,16.83139805114516,0,0.8,0.8,0.8,1.0133333333333334,0.4885714285714288,0.8660254037844387,-0.4999999999999998,0.895839290734909,-0.4443781781046132
TGLX022021,105.1,10.71,-1.2,2021-05-14,0.035914214,19.88,0.01988,12.947229270111663,16.83139805114516,0,0.25,0.25,0.25,0.7666666666666666,0.8528571428571432,0.49999999999999994,-0.8660254037844387,0.7412220108485958,-0.6712599575675313
TGLX022021,105.1,10.71,1.24,2021-05-29,0.0358238865,19.83,0.019829999999999997,12.947229270111663,16.83139805114516,0,0.08,0.08,0.08,0.7899999999999999,0.6785714285714288,0.49999999999999994,-0.8660254037844387,0.545240438540651,-0.8382797052177744
TGLX022022,105.1,10.71,-1.2,2022-02-17,0.0,0.0,0.0,12.947229270111663,16.83139805114516,0,1.32,1.32,1.32,1.17,0.8400000000000004,0.8660254037844386,0.5000000000000001,0.7354170229639855,0.6776147890466889
TGLX022022,105.1,10.71,-1.2,2022-03-04,0.0,0.0,0.0,12.947229270111663,16.83139805114516,0,1.27,1.27,1.27,1.2133333333333332,0.9142857142857147,1.0,6.123233995736766e-17,0.8840675099433636,0.4673592171580022
TGLX022022,105.1,10.71,-1.2,2022-03-19,0.0,0.0,0.0,12.947229270111663,16.83139805114516,0,0.98,0.98,0.98,1.0466666666666666,0.6428571428571432,1.0,6.123233995736766e-17,0.9741004551724205,0.22611568550828828
TGLX022022,105.1,10.71,-1.2,2022-03-30,0.0,0.0,0.0,12.947229270111663,16.83139805114516,0,1.09,1.09,1.09,0.35666666666666663,0.1257142857142861,1.0,6.123233995736766e-17,0.9992500112396835,0.03872228089217446
TGLX022022,105.1,10.71,-1.2,2022-04-15,0.0,0.0,0.0,12.947229270111663,16.83139805114516,0,1.03,1.03,1.03,0.40999999999999986,0.2500000000000004,0.8660254037844387,-0.4999999999999998,0.9721181966290613,-0.23449138957040985
TGLX022022,105.1,10.71,-1.2,2022-04-26,0.1,55.354128034098146,,12.947229270111663,16.83139805114516,0,0.19,0.19,0.19,0.04333333333333311,0.1385714285714289,0.8660254037844387,-0.4999999999999998,0.9106046300942162,-0.4132786077829042
TGLX022022,105.1,10.71,-1.2,2022-05-16,0.0,0.0,0.0,12.947229270111663,16.83139805114516,0,1.06,1.06,1.06,1.0333333333333332,0.6085714285714289,0.49999999999999994,-0.8660254037844387,0.717676913675962,-0.6963762255968722
TGLX022022,105.1,10.71,-1.2,2022-06-01,0.0,0.0,0.0,12.947229270111663,16.83139805114516,0,0.8200000000000001,0.8200000000000001,0.8200000000000001,1.1799999999999997,1.0014285714285718,1.2246467991473532e-16,-1.0,0.5012418134457758,-0.865307254363206
TGLX022022,105.1,10.71,-1.2,2022-06-17,0.0,0.0,0.0,12.947229270111663,16.83139805114516,0,0.36,0.36,0.36,1.14,1.1228571428571432,1.2246467991473532e-16,-1.0,0.24702218048093552,-0.9690098257244062
TGLX032016,105.13,10.27,-1.2,2016-03-04,0.002818218,1.56,0.00156,58.64297221764388,76.23586388293705,2,0.295,0.295,0.295,0.6383333333333333,0.7914285714285716,1.0,6.123233995736766e-17,0.8919813464595485,0.45207220393230435
TGLX032016,105.13,10.27,-1.2,2016-03-17,0.0046247680000000005,2.56,0.00256,58.64297221764388,76.23586388293705,2,0.23,0.23,0.23,0.1366666666666667,0.46,1.0,6.123233995736766e-17,0.9700639218515071,0.2428497220959356
TGLX032016,105.13,10.27,-1.2,2016-04-02,0.06200079600000001,34.32,0.03432,58.64297221764388,76.23586388293705,2,0.26,0.26,0.26,0.3433333333333333,0.41571428571428576,0.8660254037844387,-0.4999999999999998,0.9995462806873573,-0.030120304846908114
TGLX032016,105.13,10.27,-1.2,2016-04-16,0.1,28.36,0.02836,58.64297221764388,76.23586388293705,2,0.18,0.18,0.18,0.0233333333333333,0.3728571428571429,0.8660254037844387,-0.4999999999999998,0.9634705485641488,-0.2678143051621742
TGLX032016,105.13,10.27,-1.2,2016-04-29,0.0383169255,21.21,0.02121,58.64297221764388,76.23586388293705,2,-0.08,-0.08,-0.08,0.14333333333333334,0.5171428571428571,0.8660254037844387,-0.4999999999999998,0.8800122039735357,-0.47495107206704995
TGLX032016,105.13,10.27,-1.2,2016-05-16,0.045741846,25.32,0.02532,58.64297221764388,76.23586388293705,2,0.17,0.17,0.17,0.049999999999999996,0.26857142857142857,0.49999999999999994,-0.8660254037844387,0.705583610107178,-0.7086266782644596
TGLX032016,105.13,10.27,-1.2,2016-06-01,0.1,2.14,0.00214,58.64297221764388,76.23586388293705,2,-0.09,-0.09,-0.09,0.02999999999999996,0.12,1.2246467991473532e-16,-1.0,0.48627270710868997,-0.8738071036110808
TGLX032016,105.13,10.27,-1.2,2016-06-15,0.1,27.32,0.02732,58.64297221764388,76.23586388293705,2,0.1,0.1,0.1,0.02666666666666667,0.17857142857142858,1.2246467991473532e-16,-1.0,0.26366549272800704,-0.9646141756912435
TGLX032017,105.13,10.27,-1.2,2017-03-03,0.0,0.0,0.0,58.64297221764388,76.23586388293705,2,0.86,0.86,0.86,1.0999999999999999,0.9828571428571429,1.0,6.123233995736766e-17,0.8758917051442429,0.48250774176121847
TGLX032017,105.13,10.27,-1.2,2017-03-17,0.0,0.0,0.0,58.64297221764388,76.23586388293705,2,0.41000000000000003,0.41000000000000003,0.41000000000000003,0.8566666666666665,0.9357142857142857,1.0,6.123233995736766e-17,0.9657399376548549,0.2595117970697999
TGLX032017,105.13,10.27,-1.2,2017-04-03,0.0,0.0,0.0,58.64297221764388,76.23586388293705,2,0.25,0.25,0.25,0.7999999999999998,0.9571428571428572,0.8660254037844387,-0.4999999999999998,0.9995462806873573,-0.030120304846908114
TGLX032017,105.13,10.27,-1.2,2017-04-17,0.0,0.0,0.0,58.64297221764388,76.23586388293705,2,0.29,0.29,0.29,0.5133333333333332,0.8400000000000001,0.8660254037844387,-0.4999999999999998,0.9634705485641488,-0.2678143051621742
TGLX032017,105.13,10.27,-1.2,2017-05-05,0.0,0.0,0.0,58.64297221764388,76.23586388293705,2,0.39,0.39,0.39,0.31333333333333324,0.6157142857142858,0.49999999999999994,-0.8660254037844387,0.8359254794186372,-0.548842958284719
TGLX032017,105.13,10.27,-1.2,2017-05-18,0.0,0.0,0.0,58.64297221764388,76.23586388293705,2,0.31,0.31,0.31,0.5299999999999998,0.8342857142857144,0.49999999999999994,-0.8660254037844387,0.6932812268869777,-0.7206671495538609
TGLX032017,105.13,10.27,-1.2,2017-06-03,0.0,0.0,0.0,58.64297221764388,76.23586388293705,2,0.85,0.85,0.85,0.8999999999999998,1.0314285714285716,1.2246467991473532e-16,-1.0,0.4711595076738638,-0.8820480249558537
TGLX032017,105.13,10.27,-1.2,2017-06-19,0.0,0.0,0.0,58.64297221764388,76.23586388293705,2,0.99,0.99,0.99,0.8766666666666665,0.8671428571428572,1.2246467991473532e-16,-1.0,0.21352091543979612,-0.9769384927771817
TGLX032019,105.13,10.27,-1.2,2019-01-27,0.053437749,29.58,0.02958,58.64297221764388,76.23586388293705,2,0.74,0.74,0.74,1.223333333333333,1.3414285714285714,0.49999999999999994,0.8660254037844387,0.4482293417404106,0.893918596519257
TGLX032019,105.13,10.27,-1.2,2019-02-16,0.004426047500000001,2.45,0.0024500000000000004,58.64297221764388,76.23586388293705,2,0.58,0.58,0.58,0.26333333333333303,0.29142857142857154,0.8660254037844386,0.5000000000000001,0.7236440382959124,0.6901733882429719
TGLX032019,105.13,10.27,-1.2,2019-02-26,0.0455792565,25.23,0.02523,58.64297221764388,76.23586388293705,2,0.09,0.09,0.09,0.5699999999999997,0.8614285714285715,0.8660254037844386,0.5000000000000001,0.8311706263658079,0.5560174366570446
TGLX032019,105.13,10.27,-1.2,2019-03-14,0.004082803,2.26,0.00226,58.64297221764388,76.23586388293705,2,0.07,0.07,0.07,0.2499999999999997,0.5857142857142857,1.0,6.123233995736766e-17,0.9510565162951535,0.30901699437494745
TGLX032019,105.13,10.27,-1.2,2019-03-28,0.041767436000000005,23.12,0.02312,58.64297221764388,76.23586388293705,2,0.28,0.28,0.28,0.45999999999999974,0.8585714285714288,1.0,6.123233995736766e-17,0.9973249731081555,0.07309512989807777
TGLX032019,105.13,10.27,-1.2,2019-04-11,0.038407253,21.26,0.02126,58.64297221764388,76.23586388293705,2,0.33,0.33,0.33,0.7866666666666665,0.9157142857142858,0.8660254037844387,-0.4999999999999998,0.9859481499638304,-0.16705162550211924
TGLX032019,105.13,10.27,-1.2,2019-04-26,0.0046247680000000005,2.56,0.00256,58.64297221764388,76.23586388293705,2,0.23,0.23,0.23,0.4933333333333332,0.8485714285714286,0.8660254037844387,-0.4999999999999998,0.9106046300942162,-0.4132786077829042
TGLX032019,105.13,10.27,-1.2,2019-05-12,0.1,26.32,0.02632,58.64297221764388,76.23586388293705,2,0.18,0.18,0.18,0.21666666666666648,0.5771428571428573,0.49999999999999994,-0.8660254037844387,0.7638886127905428,-0.6453481132295501
TGLX032019,105.13,10.27,-1.2,2019-05-26,0.1,24.32,0.02432,58.64297221764388,76.23586388293705,2,0.12,0.12,0.12,0.26666666666666655,0.6814285714285715,0.49999999999999994,-0.8660254037844387,0.5877852522924732,-0.8090169943749473
TGLX032019,105.13,10.27,-1.2,2019-06-11,0.1,25.32,0.02532,58.64297221764388,76.23586388293705,2,0.27,0.27,0.27,0.38333333333333325,0.7357142857142859,1.2246467991473532e-16,-1.0,0.3456123126707335,-0.9383773917408641
TGLX032019,105.13,10.27,-1.2,2019-06-24,0.1,2.15,0.00215,58.64297221764388,76.23586388293705,2,0.28,0.28,0.28,0.40666666666666657,0.7485714285714286,1.2246467991473532e-16,-1.0,0.12874817745258132,-0.99167731989929
TGLX032019,105.13,10.27,-1.2,2019-07-09,0.046410269500000004,25.69,0.02569,58.64297221764388,76.23586388293705,2,0.38,0.38,0.38,0.5866666666666666,0.7671428571428572,-0.4999999999999997,-0.8660254037844388,-0.12874817745258066,-0.99167731989929
TGLX032020,106.35,11.32,1.24,2020-01-11,0.0038298860000000002,2.12,0.00212,140.29544489902437,182.3840783687317,4,0.77,0.77,0.77,0.7299999999999996,0.6600000000000001,0.49999999999999994,0.8660254037844387,0.1882267098432442,0.9821256058680006
TGLX032020,106.35,11.32,1.24,2020-02-13,0.04763872350000001,26.37,0.02637,140.29544489902437,182.3840783687317,4,1.33,1.33,1.33,0.9699999999999998,0.6314285714285716,0.8660254037844386,0.5000000000000001,0.6870527672236669,0.7266075247685656
TGLX032020,106.35,11.32,1.24,2020-02-27,0.0046970300000000005,2.6,0.0026,140.29544489902437,182.3840783687317,4,1.24,1.24,1.24,1.0999999999999999,0.6514285714285716,0.8660254037844386,0.5000000000000001,0.8406184056344782,0.5416278206559814
TGLX032020,106.35,11.32,1.24,2020-03-12,0.048672070100000006,26.942,0.026942,140.29544489902437,182.3840783687317,4,0.88,0.88,0.88,0.3633333333333331,0.12142857142857157,1.0,6.123233995736766e-17,0.9455963874271426,0.3253420847119801
TGLX032020,106.35,11.32,1.24,2020-03-27,0.048672070100000006,26.942,0.026942,140.29544489902437,182.3840783687317,4,0.87,0.87,0.87,0.4299999999999997,0.2371428571428573,1.0,6.123233995736766e-17,0.9973249731081555,0.07309512989807777
TGLX032020,106.35,11.32,1.24,2020-05-09,0.1,29.218,0.029218,140.29544489902437,182.3840783687317,4,0.92,0.92,0.92,0.17666666666666642,0.054285714285714416,0.49999999999999994,-0.8660254037844387,0.7856498550787147,-0.6186714032625031
TGLX032020,106.35,11.32,1.24,2020-05-23,0.1,34.32,0.03432,140.29544489902437,182.3840783687317,4,0.64,0.64,0.64,0.06333333333333308,-0.15857142857142845,0.49999999999999994,-0.8660254037844387,0.6152845999633276,-0.7883050558305255
TGLX032020,106.35,11.32,1.24,2020-06-08,0.0845357007,46.794,0.046793999999999995,140.29544489902437,182.3840783687317,4,0.92,0.92,0.92,0.31666666666666643,-0.09142857142857132,1.2246467991473532e-16,-1.0,0.3777079652039649,-0.9259247771938498
TGLX032020,106.35,11.32,1.24,2020-06-25,0.1,49.63,0.04963,140.29544489902437,182.3840783687317,4,0.34,0.34,0.34,0.7866666666666665,0.3685714285714287,1.2246467991473532e-16,-1.0,0.09453674981719912,-0.9955213724144752
TGLX032021,105.13,10.27,1.24,2021-01-29,0.1,8.97,0.00897,58.64297221764388,76.23586388293705,2,1.13,1.13,1.13,0.8099999999999999,0.6028571428571431,0.49999999999999994,0.8660254037844387,0.47873384011578846,0.8779600847008882
TGLX032021,105.13,10.27,1.24,2021-03-01,0.1,13.14,0.01314,58.64297221764388,76.23586388293705,2,1.17,1.17,1.17,0.8399999999999999,0.5214285714285716,1.0,6.123233995736766e-17,0.8587639582758029,0.5123714121284237
TGLX032021,105.13,10.27,1.24,2021-03-15,0.8,53.68,0.05368,58.64297221764388,76.23586388293705,2,1.25,1.25,1.25,1.0,0.5185714285714288,1.0,6.123233995736766e-17,0.9562348265919056,0.29260033563334836
TGLX032021,105.13,10.27,1.24,2021-03-29,0.0225638095,12.49,0.01249,58.64297221764388,76.23586388293705,2,1.23,1.23,1.23,0.6433333333333332,0.24428571428571447,1.0,6.123233995736766e-17,0.9984354211555643,0.055916990100603484
TGLX032021,105.13,10.27,1.24,2021-04-14,0.007515248000000001,4.16,0.0041600000000000005,58.64297221764388,76.23586388293705,2,1.01,1.01,1.01,1.04,0.5685714285714288,0.8660254037844387,-0.4999999999999998,0.9760105506323683,-0.21772323039653177
TGLX032021,105.13,10.27,1.24,2021-04-28,0.1,28.66,0.02866,58.64297221764388,76.23586388293705,2,1.1,1.1,1.1,0.5133333333333332,0.10857142857142879,0.8660254037844387,-0.4999999999999998,0.895839290734909,-0.4443781781046132
TGLX032021,105.13,10.27,1.24,2021-05-14,0.048957505000000005,27.1,0.027100000000000003,58.64297221764388,76.23586388293705,2,0.8,0.8,0.8,1.0066666666666666,0.7142857142857145,0.49999999999999994,-0.8660254037844387,0.7412220108485958,-0.6712599575675313
TGLX032021,105.13,10.27,1.92,2021-05-29,0.1,22.57,0.02257,58.64297221764388,76.23586388293705,2,0.81,0.81,0.81,0.9899999999999999,0.43571428571428594,0.49999999999999994,-0.8660254037844387,0.545240438540651,-0.8382797052177744
TGLX032022,105.13,10.27,1.24,2022-02-17,0.0,0.0,0.0,58.64297221764388,76.23586388293705,2,1.25,1.25,1.25,0.7666666666666666,0.5800000000000004,0.8660254037844386,0.5000000000000001,0.7354170229639855,0.6776147890466889
TGLX032022,105.13,10.27,1.24,2022-03-04,0.0,0.0,0.0,58.64297221764388,76.23586388293705,2,1.43,1.43,1.43,0.9833333333333334,0.6271428571428574,1.0,6.123233995736766e-17,0.8840675099433636,0.4673592171580022
TGLX032022,105.13,10.27,1.24,2022-03-19,0.0,0.0,0.0,58.64297221764388,76.23586388293705,2,1.09,1.09,1.09,0.64,0.3285714285714289,1.0,6.123233995736766e-17,0.9741004551724205,0.22611568550828828
TGLX032022,105.13,10.27,1.24,2022-03-30,0.1,55.354128034098146,,58.64297221764388,76.23586388293705,2,0.30000000000000004,0.30000000000000004,0.30000000000000004,0.05666666666666659,0.07714285714285753,1.0,6.123233995736766e-17,0.9992500112396835,0.03872228089217446
TGLX032022,105.13,10.27,1.24,2022-04-15,0.1,55.354128034098146,,58.64297221764388,76.23586388293705,2,0.35000000000000003,0.35000000000000003,0.35000000000000003,0.12999999999999978,0.16571428571428606,0.8660254037844387,-0.4999999999999998,0.9721181966290613,-0.23449138957040985
TGLX032022,105.13,10.27,1.24,2022-04-26,0.1,55.354128034098146,,58.64297221764388,76.23586388293705,2,0.04,0.04,0.04,-0.04333333333333356,0.38000000000000034,0.8660254037844387,-0.4999999999999998,0.9106046300942162,-0.4132786077829042
TGLX032022,105.13,10.27,1.24,2022-05-16,0.0,0.0,0.0,58.64297221764388,76.23586388293705,2,1.12,1.12,1.12,0.5066666666666665,0.3400000000000003,0.49999999999999994,-0.8660254037844387,0.717676913675962,-0.6963762255968722
TGLX032022,105.13,10.27,1.24,2022-06-01,0.1,55.354128034098146,,58.64297221764388,76.23586388293705,2,1.21,1.21,1.21,1.1866666666666665,0.7457142857142861,1.2246467991473532e-16,-1.0,0.5012418134457758,-0.865307254363206
TGLX032022,105.13,10.27,1.24,2022-06-17,0.0,0.0,0.0,58.64297221764388,76.23586388293705,2,1.22,1.22,1.22,1.413333333333333,0.9628571428571432,1.2246467991473532e-16,-1.0,0.24702218048093552,-0.9690098257244062
TGLX042016,105.06,10.44,1.24,2016-03-04,0.025869796000000004,14.32,0.014320000000000001,41.63042238760365,54.11954910388475,1,0.52,0.52,0.52,0.7716666666666665,0.6635714285714287,1.0,6.123233995736766e-17,0.8919813464595485,0.45207220393230435
TGLX042016,105.06,10.44,1.24,2016-03-17,0.043555920500000005,24.11,0.02411,41.63042238760365,54.11954910388475,1,0.38,0.38,0.38,0.13,0.3642857142857143,1.0,6.123233995736766e-17,0.9700639218515071,0.2428497220959356
TGLX042016,105.06,10.44,1.24,2016-04-02,0.04764775625,26.375,0.026375,41.63042238760365,54.11954910388475,1,0.35000000000000003,0.35000000000000003,0.35000000000000003,0.2866666666666666,0.38,0.8660254037844387,-0.4999999999999998,0.9995462806873573,-0.030120304846908114
TGLX042016,105.06,10.44,1.24,2016-04-16,0.1,21.9,0.0219,41.63042238760365,54.11954910388475,1,0.27,0.27,0.27,0.09333333333333331,0.26857142857142857,0.8660254037844387,-0.4999999999999998,0.9634705485641488,-0.2678143051621742
TGLX042016,105.06,10.44,1.24,2016-04-29,0.052769325500000006,29.21,0.02921,41.63042238760365,54.11954910388475,1,-0.06,-0.06,-0.06,-0.023333333333333334,0.3742857142857143,0.8660254037844387,-0.4999999999999998,0.8800122039735357,-0.47495107206704995
TGLX042016,105.06,10.44,1.24,2016-05-16,0.058929660999999994,32.62,0.032619999999999996,41.63042238760365,54.11954910388475,1,0.30000000000000004,0.30000000000000004,0.30000000000000004,0.11333333333333333,0.16428571428571428,0.49999999999999994,-0.8660254037844387,0.705583610107178,-0.7086266782644596
TGLX042016,105.06,10.44,1.24,2016-06-01,0.1,36.45,0.03645,41.63042238760365,54.11954910388475,1,0.44,0.44,0.44,0.0033333333333332993,0.07142857142857142,1.2246467991473532e-16,-1.0,0.48627270710868997,-0.8738071036110808
TGLX042016,105.06,10.44,1.24,2016-06-15,0.2,86.12,0.08612,41.63042238760365,54.11954910388475,1,0.24,0.24,0.24,0.06666666666666667,0.09,1.2246467991473532e-16,-1.0,0.26366549272800704,-0.9646141756912435
TGLX042017,105.06,10.44,1.24,2017-03-03,0.0,0.0,0.0,41.63042238760365,54.11954910388475,1,0.52,0.52,0.52,1.0099999999999998,1.0,1.0,6.123233995736766e-17,0.8758917051442429,0.48250774176121847
TGLX042017,105.06,10.44,1.24,2017-03-17,0.0,0.0,0.0,41.63042238760365,54.11954910388475,1,0.25,0.25,0.25,0.6466666666666665,0.87,1.0,6.123233995736766e-17,0.9657399376548549,0.2595117970697999
TGLX042017,105.06,10.44,1.24,2017-04-03,0.0,0.0,0.0,41.63042238760365,54.11954910388475,1,0.37,0.37,0.37,0.5266666666666665,0.8700000000000001,0.8660254037844387,-0.4999999999999998,0.9995462806873573,-0.030120304846908114
TGLX042017,105.06,10.44,1.24,2017-04-17,0.1,55.354128034098146,,41.63042238760365,54.11954910388475,1,0.29,0.29,0.29,0.3466666666666665,0.722857142857143,0.8660254037844387,-0.4999999999999998,0.9634705485641488,-0.2678143051621742
TGLX042017,105.06,10.44,1.24,2017-05-05,0.0,0.0,0.0,41.63042238760365,54.11954910388475,1,0.45,0.45,0.45,0.34999999999999987,0.5185714285714286,0.49999999999999994,-0.8660254037844387,0.8359254794186372,-0.548842958284719
TGLX042017,105.06,10.44,1.24,2017-05-18,0.0,0.0,0.0,41.63042238760365,54.11954910388475,1,0.26,0.26,0.26,0.39333333333333315,0.7157142857142856,0.49999999999999994,-0.8660254037844387,0.6932812268869777,-0.7206671495538609
TGLX042017,105.06,10.44,1.24,2017-06-03,0.0,0.0,0.0,41.63042238760365,54.11954910388475,1,0.79,0.79,0.79,0.9199999999999998,0.9628571428571429,1.2246467991473532e-16,-1.0,0.4711595076738638,-0.8820480249558537
TGLX042017,105.06,10.44,1.24,2017-06-19,0.0,0.0,0.0,41.63042238760365,54.11954910388475,1,1.04,1.04,1.04,0.9333333333333331,0.8614285714285714,1.2246467991473532e-16,-1.0,0.21352091543979612,-0.9769384927771817
TGLX042019,105.06,10.44,1.24,2019-01-27,0.03215659,17.8,0.0178,41.63042238760365,54.11954910388475,1,0.62,0.62,0.62,0.9899999999999997,1.2614285714285713,0.49999999999999994,0.8660254037844387,0.4482293417404106,0.893918596519257
TGLX042019,105.06,10.44,1.24,2019-02-16,0.038913087,21.54,0.02154,41.63042238760365,54.11954910388475,1,0.62,0.62,0.62,0.41999999999999965,0.28000000000000014,0.8660254037844386,0.5000000000000001,0.7236440382959124,0.6901733882429719
TGLX042019,105.06,10.44,1.24,2019-02-26,0.0047331610000000005,2.62,0.00262,41.63042238760365,54.11954910388475,1,0.14,0.14,0.14,0.313333333333333,0.7285714285714288,0.8660254037844386,0.5000000000000001,0.8311706263658079,0.5560174366570446
TGLX042019,105.06,10.44,1.24,2019-03-14,0.0328972755,18.21,0.01821,41.63042238760365,54.11954910388475,1,0.15,0.15,0.15,0.14666666666666636,0.4571428571428573,1.0,6.123233995736766e-17,0.9510565162951535,0.30901699437494745
TGLX042019,105.06,10.44,1.24,2019-03-28,0.029284175500000006,16.21,0.016210000000000002,41.63042238760365,54.11954910388475,1,0.42,0.42,0.42,0.3099999999999998,0.7257142857142858,1.0,6.123233995736766e-17,0.9973249731081555,0.07309512989807777
TGLX042019,105.06,10.44,1.24,2019-04-11,0.0329334065,18.23,0.01823,41.63042238760365,54.11954910388475,1,-0.03,-0.03,-0.03,0.5666666666666665,0.8257142857142858,0.8660254037844387,-0.4999999999999998,0.9859481499638304,-0.16705162550211924
TGLX042019,105.06,10.44,1.24,2019-04-26,0.027965394000000005,15.48,0.01548,41.63042238760365,54.11954910388475,1,0.25,0.25,0.25,0.29333333333333317,0.7314285714285715,0.8660254037844387,-0.4999999999999998,0.9106046300942162,-0.4132786077829042
TGLX042019,105.06,10.44,1.24,2019-05-12,0.027857001,15.42,0.01542,41.63042238760365,54.11954910388475,1,0.29,0.29,0.29,0.09333333333333316,0.46714285714285725,0.49999999999999994,-0.8660254037844387,0.7638886127905428,-0.6453481132295501
TGLX042019,105.06,10.44,1.24,2019-05-26,0.027315036,15.12,0.01512,41.63042238760365,54.11954910388475,1,0.17,0.17,0.17,0.14999999999999986,0.5285714285714287,0.49999999999999994,-0.8660254037844387,0.5877852522924732,-0.8090169943749473
TGLX042019,105.06,10.44,1.24,2019-06-11,0.1,3.14,0.00314,41.63042238760365,54.11954910388475,1,0.4,0.4,0.4,0.2833333333333332,0.6200000000000001,1.2246467991473532e-16,-1.0,0.3456123126707335,-0.9383773917408641
TGLX042019,105.06,10.44,1.24,2019-06-24,0.0423635975,23.45,0.02345,41.63042238760365,54.11954910388475,1,0.31,0.31,0.31,0.3066666666666666,0.6285714285714288,1.2246467991473532e-16,-1.0,0.12874817745258132,-0.99167731989929
TGLX042019,105.06,10.44,1.24,2019-07-09,0.032734686000000006,18.12,0.01812,41.63042238760365,54.11954910388475,1,0.43,0.43,0.43,0.4499999999999999,0.6942857142857145,-0.4999999999999997,-0.8660254037844388,-0.12874817745258066,-0.99167731989929
TGLX042020,105.06,10.44,1.92,2020-01-11,0.065252586,36.12,0.03612,41.63042238760365,54.11954910388475,1,1.32,1.32,1.32,0.973333333333333,0.8257142857142858,0.49999999999999994,0.8660254037844387,0.1882267098432442,0.9821256058680006
TGLX042020,105.06,10.44,1.92,2020-02-13,0.053546142000000005,29.64,0.02964,41.63042238760365,54.11954910388475,1,0.93,0.93,0.93,1.333333333333333,1.06,0.8660254037844386,0.5000000000000001,0.6870527672236669,0.7266075247685656
TGLX042020,105.06,10.44,1.92,2020-02-27,0.035878083,19.86,0.01986,41.63042238760365,54.11954910388475,1,0.81,0.81,0.81,1.1899999999999997,1.0885714285714287,0.8660254037844386,0.5000000000000001,0.8406184056344782,0.5416278206559814
TGLX042020,105.06,10.44,1.92,2020-03-12,0.048672070100000006,26.942,0.026942,41.63042238760365,54.11954910388475,1,0.9,0.9,0.9,0.9999999999999999,0.5900000000000001,1.0,6.123233995736766e-17,0.9455963874271426,0.3253420847119801
TGLX042020,105.06,10.44,1.92,2020-03-27,0.048672070100000006,26.942,0.026942,41.63042238760365,54.11954910388475,1,0.53,0.53,0.53,0.7999999999999998,0.5514285714285716,1.0,6.123233995736766e-17,0.9973249731081555,0.07309512989807777
TGLX042020,105.06,10.44,1.92,2020-05-09,0.1,26.942,0.026942,41.63042238760365,54.11954910388475,1,0.7000000000000001,0.7000000000000001,0.7000000000000001,0.9066666666666664,0.4657142857142858,0.49999999999999994,-0.8660254037844387,0.7856498550787147,-0.6186714032625031
TGLX042020,105.06,10.44,1.92,2020-05-23,0.0589188217,32.614,0.032614,41.63042238760365,54.11954910388475,1,0.62,0.62,0.62,0.6833333333333331,0.2842857142857144,0.49999999999999994,-0.8660254037844387,0.6152845999633276,-0.7883050558305255
TGLX042020,105.06,10.44,1.92,2020-06-08,0.1,41.122,0.041122,41.63042238760365,54.11954910388475,1,0.36,0.36,0.36,0.8199999999999998,0.44857142857142873,1.2246467991473532e-16,-1.0,0.3777079652039649,-0.9259247771938498
TGLX042020,105.06,10.44,1.92,2020-06-25,0.1,46.794,0.046793999999999995,41.63042238760365,54.11954910388475,1,-0.15,-0.15,-0.15,0.31333333333333313,0.5557142857142858,1.2246467991473532e-16,-1.0,0.09453674981719912,-0.9955213724144752
TGLX042021,105.06,10.44,1.92,2021-01-29,0.9,12.48,0.01248,41.63042238760365,54.11954910388475,1,1.32,1.32,1.32,0.9366666666666665,0.7028571428571431,0.49999999999999994,0.8660254037844387,0.47873384011578846,0.8779600847008882
TGLX042021,105.06,10.44,1.92,2021-03-01,0.12,2.45,0.0024500000000000004,41.63042238760365,54.11954910388475,1,1.16,1.16,1.16,1.0266666666666666,0.6585714285714287,1.0,6.123233995736766e-17,0.8587639582758029,0.5123714121284237
TGLX042021,105.06,10.44,1.92,2021-03-15,0.8,5.27,0.0052699999999999995,41.63042238760365,54.11954910388475,1,1.16,1.16,1.16,1.17,0.7014285714285717,1.0,6.123233995736766e-17,0.9562348265919056,0.29260033563334836
TGLX042021,105.06,10.44,1.92,2021-03-29,0.024424556,13.52,0.013519999999999999,41.63042238760365,54.11954910388475,1,1.18,1.18,1.18,0.9099999999999998,0.4485714285714288,1.0,6.123233995736766e-17,0.9984354211555643,0.055916990100603484
TGLX042021,105.06,10.44,1.92,2021-04-14,0.1,49.4,0.0494,41.63042238760365,54.11954910388475,1,0.86,0.86,0.86,1.0633333333333335,0.7285714285714288,0.8660254037844387,-0.4999999999999998,0.9760105506323683,-0.21772323039653177
TGLX042021,105.06,10.44,1.92,2021-04-28,0.1,33.72,0.03372,41.63042238760365,54.11954910388475,1,1.05,1.05,1.05,0.8233333333333333,0.3028571428571431,0.8660254037844387,-0.4999999999999998,0.895839290734909,-0.4443781781046132
TGLX042021,105.06,10.44,1.92,2021-05-14,0.1,31.16,0.03116,41.63042238760365,54.11954910388475,1,0.5700000000000001,0.5700000000000001,0.5700000000000001,0.9233333333333332,0.8100000000000003,0.49999999999999994,-0.8660254037844387,0.7412220108485958,-0.6712599575675313
TGLX042021,105.06,10.44,0.33,2021-05-29,0.1,28.42,0.02842,41.63042238760365,54.11954910388475,1,0.55,0.55,0.55,0.96,0.5828571428571431,0.49999999999999994,-0.8660254037844387,0.545240438540651,-0.8382797052177744
TGLX042022,105.06,10.44,1.92,2022-02-17,0.0,0.0,0.0,41.63042238760365,54.11954910388475,1,1.34,1.34,1.34,0.9733333333333333,0.708571428571429,0.8660254037844386,0.5000000000000001,0.7354170229639855,0.6776147890466889
TGLX042022,105.06,10.44,1.92,2022-03-04,0.0,0.0,0.0,41.63042238760365,54.11954910388475,1,1.0,1.0,1.0,1.1966666666666665,0.8071428571428576,1.0,6.123233995736766e-17,0.8840675099433636,0.4673592171580022
TGLX042022,105.06,10.44,1.92,2022-03-19,0.1,55.354128034098146,,41.63042238760365,54.11954910388475,1,1.15,1.15,1.15,0.8633333333333333,0.478571428571429,1.0,6.123233995736766e-17,0.9741004551724205,0.22611568550828828
TGLX042022,105.06,10.44,1.92,2022-03-30,0.1,55.354128034098146,,41.63042238760365,54.11954910388475,1,0.61,0.61,0.61,0.15999999999999995,0.0457142857142861,1.0,6.123233995736766e-17,0.9992500112396835,0.03872228089217446
TGLX042022,105.06,10.44,1.92,2022-04-15,0.1,55.354128034098146,,41.63042238760365,54.11954910388475,1,0.71,0.71,0.71,0.21333333333333315,0.17142857142857176,0.8660254037844387,-0.4999999999999998,0.9721181966290613,-0.23449138957040985
TGLX042022,105.06,10.44,1.92,2022-04-26,0.1,55.354128034098146,,41.63042238760365,54.11954910388475,1,0.1,0.1,0.1,-0.013333333333333558,0.25000000000000033,0.8660254037844387,-0.4999999999999998,0.9106046300942162,-0.4132786077829042
TGLX042022,105.06,10.44,1.92,2022-05-16,0.1,55.354128034098146,,41.63042238760365,54.11954910388475,1,1.18,1.18,1.18,0.7866666666666665,0.4785714285714289,0.49999999999999994,-0.8660254037844387,0.717676913675962,-0.6963762255968722
TGLX042022,105.06,10.44,1.92,2022-06-01,0.1,55.354128034098146,,41.63042238760365,54.11954910388475,1,1.09,1.09,1.09,1.223333333333333,0.8842857142857146,1.2246467991473532e-16,-1.0,0.5012418134457758,-0.865307254363206
TGLX042022,105.06,10.44,1.92,2022-06-17,0.0,0.0,0.0,41.63042238760365,54.11954910388475,1,0.77,0.77,0.77,1.373333333333333,1.0828571428571432,1.2246467991473532e-16,-1.0,0.24702218048093552,-0.9690098257244062
TGLX052016,104.87,10.51,1.92,2016-03-04,0.0043537855,2.41,0.0024100000000000002,46.46841166860547,60.40893516918711,1,0.52,0.52,0.52,0.7516666666666665,0.7235714285714288,1.0,6.123233995736766e-17,0.8919813464595485,0.45207220393230435
TGLX052016,104.87,10.51,1.92,2016-03-17,0.03586001750000001,19.85,0.019850000000000003,46.46841166860547,60.40893516918711,1,0.38,0.38,0.38,0.13,0.3642857142857143,1.0,6.123233995736766e-17,0.9700639218515071,0.2428497220959356
TGLX052016,104.87,10.51,1.92,2016-04-02,0.5,212.7,0.2127,46.46841166860547,60.40893516918711,1,0.35000000000000003,0.35000000000000003,0.35000000000000003,0.2866666666666666,0.38,0.8660254037844387,-0.4999999999999998,0.9995462806873573,-0.030120304846908114
TGLX052016,104.87,10.51,1.92,2016-04-16,0.0352096595,19.49,0.019489999999999997,46.46841166860547,60.40893516918711,1,0.27,0.27,0.27,0.09333333333333331,0.26857142857142857,0.8660254037844387,-0.4999999999999998,0.9634705485641488,-0.2678143051621742
TGLX052016,104.87,10.51,1.92,2016-04-29,0.2,56.32,0.05632,46.46841166860547,60.40893516918711,1,-0.06,-0.06,-0.06,-0.023333333333333334,0.3742857142857143,0.8660254037844387,-0.4999999999999998,0.8800122039735357,-0.47495107206704995
TGLX052016,104.87,10.51,1.92,2016-05-16,0.038515646,21.32,0.02132,46.46841166860547,60.40893516918711,1,0.30000000000000004,0.30000000000000004,0.30000000000000004,0.11333333333333333,0.16428571428571428,0.49999999999999994,-0.8660254037844387,0.705583610107178,-0.7086266782644596
TGLX052016,104.87,10.51,1.92,2016-06-01,0.1,26.54,0.026539999999999998,46.46841166860547,60.40893516918711,1,0.44,0.44,0.44,0.0033333333333332993,0.07142857142857142,1.2246467991473532e-16,-1.0,0.48627270710868997,-0.8738071036110808
TGLX052016,104.87,10.51,1.92,2016-06-15,2.5,124.5,0.1245,46.46841166860547,60.40893516918711,1,0.24,0.24,0.24,0.06666666666666667,0.09,1.2246467991473532e-16,-1.0,0.26366549272800704,-0.9646141756912435
TGLX052017,104.87,10.51,1.92,2017-03-03,0.0,0.0,0.0,46.46841166860547,60.40893516918711,1,0.52,0.52,0.52,1.0099999999999998,1.0,1.0,6.123233995736766e-17,0.8758917051442429,0.48250774176121847
TGLX052017,104.87,10.51,1.92,2017-03-17,0.0,0.0,0.0,46.46841166860547,60.40893516918711,1,0.25,0.25,0.25,0.6466666666666665,0.87,1.0,6.123233995736766e-17,0.9657399376548549,0.2595117970697999
TGLX052017,104.87,10.51,1.92,2017-04-03,0.0,0.0,0.0,46.46841166860547,60.40893516918711,1,0.37,0.37,0.37,0.5266666666666665,0.8700000000000001,0.8660254037844387,-0.4999999999999998,0.9995462806873573,-0.030120304846908114
TGLX052017,104.87,10.51,1.92,2017-04-17,0.0,0.0,0.0,46.46841166860547,60.40893516918711,1,0.29,0.29,0.29,0.3466666666666665,0.722857142857143,0.8660254037844387,-0.4999999999999998,0.9634705485641488,-0.2678143051621742
TGLX052017,104.87,10.51,1.92,2017-05-05,0.0,0.0,0.0,46.46841166860547,60.40893516918711,1,0.45,0.45,0.45,0.34999999999999987,0.5185714285714286,0.49999999999999994,-0.8660254037844387,0.8359254794186372,-0.548842958284719
TGLX052017,104.87,10.51,1.92,2017-05-18,0.0,0.0,0.0,46.46841166860547,60.40893516918711,1,0.26,0.26,0.26,0.39333333333333315,0.7157142857142856,0.49999999999999994,-0.8660254037844387,0.6932812268869777,-0.7206671495538609
TGLX052017,104.87,10.51,1.92,2017-06-03,0.0,0.0,0.0,46.46841166860547,60.40893516918711,1,0.79,0.79,0.79,0.9199999999999998,0.9628571428571429,1.2246467991473532e-16,-1.0,0.4711595076738638,-0.8820480249558537
TGLX052017,104.87,10.51,1.92,2017-06-19,0.0,0.0,0.0,46.46841166860547,60.40893516918711,1,1.04,1.04,1.04,0.9333333333333331,0.8614285714285714,1.2246467991473532e-16,-1.0,0.21352091543979612,-0.9769384927771817
TGLX052019,104.87,10.51,1.92,2019-01-27,0.049969173000000006,27.66,0.02766,46.46841166860547,60.40893516918711,1,0.62,0.62,0.62,0.9899999999999997,1.2614285714285713,0.49999999999999994,0.8660254037844387,0.4482293417404106,0.893918596519257
TGLX052019,104.87,10.51,1.92,2019-02-16,0.050800186000000004,28.12,0.028120000000000003,46.46841166860547,60.40893516918711,1,0.62,0.62,0.62,0.41999999999999965,0.28000000000000014,0.8660254037844386,0.5000000000000001,0.7236440382959124,0.6901733882429719
TGLX052019,104.87,10.51,1.92,2019-02-26,0.033023734000000006,18.28,0.01828,46.46841166860547,60.40893516918711,1,0.14,0.14,0.14,0.313333333333333,0.7285714285714288,0.8660254037844386,0.5000000000000001,0.8311706263658079,0.5560174366570446
TGLX052019,104.87,10.51,1.92,2019-03-14,0.0419300255,23.21,0.02321,46.46841166860547,60.40893516918711,1,0.15,0.15,0.15,0.14666666666666636,0.4571428571428573,1.0,6.123233995736766e-17,0.9510565162951535,0.30901699437494745
TGLX052019,104.87,10.51,1.92,2019-03-28,0.045543125500000003,25.21,0.02521,46.46841166860547,60.40893516918711,1,0.42,0.42,0.42,0.3099999999999998,0.7257142857142858,1.0,6.123233995736766e-17,0.9973249731081555,0.07309512989807777
TGLX052019,104.87,10.51,1.92,2019-04-11,0.0403041305,22.31,0.02231,46.46841166860547,60.40893516918711,1,-0.03,-0.03,-0.03,0.5666666666666665,0.8257142857142858,0.8660254037844387,-0.4999999999999998,0.9859481499638304,-0.16705162550211924
TGLX052019,104.87,10.51,1.92,2019-04-26,0.021425683,11.86,0.011859999999999999,46.46841166860547,60.40893516918711,1,0.25,0.25,0.25,0.29333333333333317,0.7314285714285715,0.8660254037844387,-0.4999999999999998,0.9106046300942162,-0.4132786077829042
TGLX052019,104.87,10.51,1.92,2019-05-12,0.032951472,18.24,0.01824,46.46841166860547,60.40893516918711,1,0.29,0.29,0.29,0.09333333333333316,0.46714285714285725,0.49999999999999994,-0.8660254037844387,0.7638886127905428,-0.6453481132295501
TGLX052019,104.87,10.51,1.92,2019-05-26,0.022256696000000003,12.32,0.012320000000000001,46.46841166860547,60.40893516918711,1,0.17,0.17,0.17,0.14999999999999986,0.5285714285714287,0.49999999999999994,-0.8660254037844387,0.5877852522924732,-0.8090169943749473
TGLX052019,104.87,10.51,1.92,2019-06-11,0.038696301,21.42,0.02142,46.46841166860547,60.40893516918711,1,0.4,0.4,0.4,0.2833333333333332,0.6200000000000001,1.2246467991473532e-16,-1.0,0.3456123126707335,-0.9383773917408641
TGLX052019,104.87,10.51,1.92,2019-06-24,0.030422302000000002,16.84,0.01684,46.46841166860547,60.40893516918711,1,0.31,0.31,0.31,0.3066666666666666,0.6285714285714288,1.2246467991473532e-16,-1.0,0.12874817745258132,-0.99167731989929
TGLX052019,104.87,10.51,1.92,2019-07-09,0.0224915475,12.45,0.01245,46.46841166860547,60.40893516918711,1,0.43,0.43,0.43,0.4499999999999999,0.6942857142857145,-0.4999999999999997,-0.8660254037844388,-0.12874817745258066,-0.99167731989929
TGLX052020,104.87,10.51,0.33,2020-01-11,0.007442986000000001,4.12,0.00412,46.46841166860547,60.40893516918711,1,1.32,1.32,1.32,0.973333333333333,0.8257142857142858,0.49999999999999994,0.8660254037844387,0.1882267098432442,0.9821256058680006
TGLX052020,104.87,10.51,0.33,2020-02-13,0.044585654,24.68,0.02468,46.46841166860547,60.40893516918711,1,0.93,0.93,0.93,1.333333333333333,1.06,0.8660254037844386,0.5000000000000001,0.6870527672236669,0.7266075247685656
TGLX052020,104.87,10.51,0.33,2020-02-27,0.1,24.11,0.02411,46.46841166860547,60.40893516918711,1,0.81,0.81,0.81,1.1899999999999997,1.0885714285714287,0.8660254037844386,0.5000000000000001,0.8406184056344782,0.5416278206559814
TGLX052020,104.87,10.51,0.33,2020-03-12,0.048672070100000006,26.942,0.026942,46.46841166860547,60.40893516918711,1,0.9,0.9,0.9,0.9999999999999999,0.5900000000000001,1.0,6.123233995736766e-17,0.9455963874271426,0.3253420847119801
TGLX052020,104.87,10.51,0.33,2020-03-27,0.048672070100000006,26.942,0.026942,46.46841166860547,60.40893516918711,1,0.53,0.53,0.53,0.7999999999999998,0.5514285714285716,1.0,6.123233995736766e-17,0.9973249731081555,0.07309512989807777
TGLX052020,104.87,10.51,0.33,2020-05-09,0.1,28.36,0.02836,46.46841166860547,60.40893516918711,1,0.7000000000000001,0.7000000000000001,0.7000000000000001,0.9066666666666664,0.4657142857142858,0.49999999999999994,-0.8660254037844387,0.7856498550787147,-0.6186714032625031
TGLX052020,104.87,10.51,0.33,2020-05-23,0.0794123249,43.958,0.043958,46.46841166860547,60.40893516918711,1,0.62,0.62,0.62,0.6833333333333331,0.2842857142857144,0.49999999999999994,-0.8660254037844387,0.6152845999633276,-0.7883050558305255
TGLX052020,104.87,10.51,0.33,2020-06-08,0.1,55.32,0.05532,46.46841166860547,60.40893516918711,1,0.36,0.36,0.36,0.8199999999999998,0.44857142857142873,1.2246467991473532e-16,-1.0,0.3777079652039649,-0.9259247771938498
TGLX052020,104.87,10.51,0.33,2020-06-25,0.1,46.85,0.04685,46.46841166860547,60.40893516918711,1,-0.15,-0.15,-0.15,0.31333333333333313,0.5557142857142858,1.2246467991473532e-16,-1.0,0.09453674981719912,-0.9955213724144752
TGLX052021,104.87,10.51,0.33,2021-01-29,0.9,13.33,0.01333,46.46841166860547,60.40893516918711,1,1.32,1.32,1.32,0.9366666666666665,0.7028571428571431,0.49999999999999994,0.8660254037844387,0.47873384011578846,0.8779600847008882
TGLX052021,104.87,10.51,0.33,2021-03-01,0.11,15.85,0.01585,46.46841166860547,60.40893516918711,1,1.16,1.16,1.16,1.0266666666666666,0.6585714285714287,1.0,6.123233995736766e-17,0.8587639582758029,0.5123714121284237
TGLX052021,104.87,10.51,0.33,2021-03-15,0.8,52.2,0.0522,46.46841166860547,60.40893516918711,1,1.16,1.16,1.16,1.17,0.7014285714285717,1.0,6.123233995736766e-17,0.9562348265919056,0.29260033563334836
TGLX052021,104.87,10.51,0.33,2021-03-29,0.0330417995,18.29,0.01829,46.46841166860547,60.40893516918711,1,1.18,1.18,1.18,0.9099999999999998,0.4485714285714288,1.0,6.123233995736766e-17,0.9984354211555643,0.055916990100603484
TGLX052021,104.87,10.51,0.33,2021-04-14,0.077067423,42.66,0.04266,46.46841166860547,60.40893516918711,1,0.86,0.86,0.86,1.0633333333333335,0.7285714285714288,0.8660254037844387,-0.4999999999999998,0.9760105506323683,-0.21772323039653177
TGLX052021,104.87,10.51,0.33,2021-04-28,0.1,31.18,0.03118,46.46841166860547,60.40893516918711,1,1.05,1.05,1.05,0.8233333333333333,0.3028571428571431,0.8660254037844387,-0.4999999999999998,0.895839290734909,-0.4443781781046132
TGLX052021,104.87,10.51,0.33,2021-05-14,0.1,32.91,0.032909999999999995,46.46841166860547,60.40893516918711,1,0.5700000000000001,0.5700000000000001,0.5700000000000001,0.9233333333333332,0.8100000000000003,0.49999999999999994,-0.8660254037844387,0.7412220108485958,-0.6712599575675313
TGLX052021,104.87,10.51,0.38,2021-05-29,0.021570207,11.94,0.01194,46.46841166860547,60.40893516918711,1,0.55,0.55,0.55,0.96,0.5828571428571431,0.49999999999999994,-0.8660254037844387,0.545240438540651,-0.8382797052177744
TGLX052022,104.87,10.51,0.33,2022-02-17,0.0,0.0,0.0,46.46841166860547,60.40893516918711,1,1.34,1.34,1.34,0.9733333333333333,0.708571428571429,0.8660254037844386,0.5000000000000001,0.7354170229639855,0.6776147890466889
TGLX052022,104.87,10.51,0.33,2022-03-04,0.0,0.0,0.0,46.46841166860547,60.40893516918711,1,1.0,1.0,1.0,1.1966666666666665,0.8071428571428576,1.0,6.123233995736766e-17,0.8840675099433636,0.4673592171580022
TGLX052022,104.87,10.51,0.33,2022-03-19,0.0,0.0,0.0,46.46841166860547,60.40893516918711,1,1.15,1.15,1.15,0.8633333333333333,0.478571428571429,1.0,6.123233995736766e-17,0.9741004551724205,0.22611568550828828
TGLX052022,104.87,10.51,0.33,2022-03-30,0.1,55.354128034098146,,46.46841166860547,60.40893516918711,1,0.61,0.61,0.61,0.15999999999999995,0.0457142857142861,1.0,6.123233995736766e-17,0.9992500112396835,0.03872228089217446
TGLX052022,104.87,10.51,0.33,2022-04-15,0.1,55.354128034098146,,46.46841166860547,60.40893516918711,1,0.71,0.71,0.71,0.21333333333333315,0.17142857142857176,0.8660254037844387,-0.4999999999999998,0.9721181966290613,-0.23449138957040985
TGLX052022,104.87,10.51,0.33,2022-04-26,0.1,55.354128034098146,,46.46841166860547,60.40893516918711,1,0.1,0.1,0.1,-0.013333333333333558,0.25000000000000033,0.8660254037844387,-0.4999999999999998,0.9106046300942162,-0.4132786077829042
TGLX052022,104.87,10.51,0.33,2022-05-16,0.0,0.0,0.0,46.46841166860547,60.40893516918711,1,1.18,1.18,1.18,0.7866666666666665,0.4785714285714289,0.49999999999999994,-0.8660254037844387,0.717676913675962,-0.6963762255968722
TGLX052022,104.87,10.51,0.33,2022-06-01,0.0,0.0,0.0,46.46841166860547,60.40893516918711,1,1.09,1.09,1.09,1.223333333333333,0.8842857142857146,1.2246467991473532e-16,-1.0,0.5012418134457758,-0.865307254363206
TGLX052022,104.87,10.51,0.33,2022-06-17,0.0,0.0,0.0,46.46841166860547,60.40893516918711,1,0.77,0.77,0.77,1.373333333333333,1.0828571428571432,1.2246467991473532e-16,-1.0,0.24702218048093552,-0.9690098257244062
TGLX062016,104.64,10.53,0.33,2016-03-04,0.042526187,23.54,0.02354,66.05444961972766,85.87078450564597,2,0.5,0.5,0.5,0.7549999999999999,0.7714285714285716,1.0,6.123233995736766e-17,0.8919813464595485,0.45207220393230435
TGLX062016,104.64,10.53,0.33,2016-03-17,0.039707969,21.98,0.02198,66.05444961972766,85.87078450564597,2,0.23,0.23,0.23,0.1366666666666667,0.46,1.0,6.123233995736766e-17,0.9700639218515071,0.2428497220959356
TGLX062016,104.64,10.53,0.33,2016-04-02,1.3,829.53,0.82953,66.05444961972766,85.87078450564597,2,0.26,0.26,0.26,0.3433333333333333,0.41571428571428576,0.8660254037844387,-0.4999999999999998,0.9995462806873573,-0.030120304846908114
TGLX062016,104.64,10.53,0.33,2016-04-16,0.1,42.54,0.04254,66.05444961972766,85.87078450564597,2,0.18,0.18,0.18,0.0233333333333333,0.3728571428571429,0.8660254037844387,-0.4999999999999998,0.9634705485641488,-0.2678143051621742
TGLX062016,104.64,10.53,0.33,2016-04-29,0.2,98.21,0.09820999999999999,66.05444961972766,85.87078450564597,2,-0.08,-0.08,-0.08,0.14333333333333334,0.5171428571428571,0.8660254037844387,-0.4999999999999998,0.8800122039735357,-0.47495107206704995
TGLX062016,104.64,10.53,0.33,2016-05-16,0.2,79.21,0.07920999999999999,66.05444961972766,85.87078450564597,2,0.17,0.17,0.17,0.049999999999999996,0.26857142857142857,0.49999999999999994,-0.8660254037844387,0.705583610107178,-0.7086266782644596
TGLX062016,104.64,10.53,0.33,2016-06-01,0.3,156.4,0.1564,66.05444961972766,85.87078450564597,2,-0.09,-0.09,-0.09,0.02999999999999996,0.12,1.2246467991473532e-16,-1.0,0.48627270710868997,-0.8738071036110808
TGLX062016,104.64,10.53,0.33,2016-06-15,0.1,2.8,0.0028,66.05444961972766,85.87078450564597,2,0.1,0.1,0.1,0.02666666666666667,0.17857142857142858,1.2246467991473532e-16,-1.0,0.26366549272800704,-0.9646141756912435
TGLX062017,104.64,10.53,0.33,2017-03-03,0.0,0.0,0.0,66.05444961972766,85.87078450564597,2,0.86,0.86,0.86,1.0999999999999999,0.9828571428571429,1.0,6.123233995736766e-17,0.8758917051442429,0.48250774176121847
TGLX062017,104.64,10.53,0.33,2017-03-17,0.0,0.0,0.0,66.05444961972766,85.87078450564597,2,0.41000000000000003,0.41000000000000003,0.41000000000000003,0.8566666666666665,0.9357142857142857,1.0,6.123233995736766e-17,0.9657399376548549,0.2595117970697999
TGLX062017,104.64,10.53,0.33,2017-04-03,0.0,0.0,0.0,66.05444961972766,85.87078450564597,2,0.25,0.25,0.25,0.7999999999999998,0.9571428571428572,0.8660254037844387,-0.4999999999999998,0.9995462806873573,-0.030120304846908114
TGLX062017,104.64,10.53,0.33,2017-04-17,0.0,0.0,0.0,66.05444961972766,85.87078450564597,2,0.29,0.29,0.29,0.5133333333333332,0.8400000000000001,0.8660254037844387,-0.4999999999999998,0.9634705485641488,-0.2678143051621742
TGLX062017,104.64,10.53,0.33,2017-05-05,0.0,0.0,0.0,66.05444961972766,85.87078450564597,2,0.39,0.39,0.39,0.31333333333333324,0.6157142857142858,0.49999999999999994,-0.8660254037844387,0.8359254794186372,-0.548842958284719
TGLX062017,104.64,10.53,0.33,2017-05-18,0.0,0.0,0.0,66.05444961972766,85.87078450564597,2,0.31,0.31,0.31,0.5299999999999998,0.8342857142857144,0.49999999999999994,-0.8660254037844387,0.6932812268869777,-0.7206671495538609
TGLX062017,104.64,10.53,0.33,2017-06-03,0.0,0.0,0.0,66.05444961972766,85.87078450564597,2,0.85,0.85,0.85,0.8999999999999998,1.0314285714285716,1.2246467991473532e-16,-1.0,0.4711595076738638,-0.8820480249558537
TGLX062017,104.64,10.53,0.33,2017-06-19,0.0,0.0,0.0,66.05444961972766,85.87078450564597,2,0.99,0.99,0.99,0.8766666666666665,0.8671428571428572,1.2246467991473532e-16,-1.0,0.21352091543979612,-0.9769384927771817
TGLX062019,104.64,10.53,0.33,2019-01-27,0.0712322665,39.43,0.03943,66.05444961972766,85.87078450564597,2,0.74,0.74,0.74,1.223333333333333,1.3414285714285714,0.49999999999999994,0.8660254037844387,0.4482293417404106,0.893918596519257
TGLX062019,104.64,10.53,0.33,2019-02-16,0.052769325500000006,29.21,0.02921,66.05444961972766,85.87078450564597,2,0.58,0.58,0.58,0.26333333333333303,0.29142857142857154,0.8660254037844386,0.5000000000000001,0.7236440382959124,0.6901733882429719
TGLX062019,104.64,10.53,0.33,2019-02-26,0.005690632500000001,3.15,0.00315,66.05444961972766,85.87078450564597,2,0.09,0.09,0.09,0.5699999999999997,0.8614285714285715,0.8660254037844386,0.5000000000000001,0.8311706263658079,0.5560174366570446
TGLX062019,104.64,10.53,0.33,2019-03-14,0.02926611,16.2,0.0162,66.05444961972766,85.87078450564597,2,0.07,0.07,0.07,0.2499999999999997,0.5857142857142857,1.0,6.123233995736766e-17,0.9510565162951535,0.30901699437494745
TGLX062019,104.64,10.53,0.33,2019-03-28,0.045380536,25.12,0.02512,66.05444961972766,85.87078450564597,2,0.28,0.28,0.28,0.45999999999999974,0.8585714285714288,1.0,6.123233995736766e-17,0.9973249731081555,0.07309512989807777
TGLX062019,104.64,10.53,0.33,2019-04-11,0.046247680000000006,25.6,0.0256,66.05444961972766,85.87078450564597,2,0.33,0.33,0.33,0.7866666666666665,0.9157142857142858,0.8660254037844387,-0.4999999999999998,0.9859481499638304,-0.16705162550211924
TGLX062019,104.64,10.53,0.33,2019-04-26,0.0513963475,28.45,0.02845,66.05444961972766,85.87078450564597,2,0.23,0.23,0.23,0.4933333333333332,0.8485714285714286,0.8660254037844387,-0.4999999999999998,0.9106046300942162,-0.4132786077829042
TGLX062019,104.64,10.53,0.33,2019-05-12,0.0047512265000000005,2.63,0.00263,66.05444961972766,85.87078450564597,2,0.18,0.18,0.18,0.21666666666666648,0.5771428571428573,0.49999999999999994,-0.8660254037844387,0.7638886127905428,-0.6453481132295501
TGLX062019,104.64,10.53,0.33,2019-05-26,0.0033421175000000005,1.85,0.00185,66.05444961972766,85.87078450564597,2,0.12,0.12,0.12,0.26666666666666655,0.6814285714285715,0.49999999999999994,-0.8660254037844387,0.5877852522924732,-0.8090169943749473
TGLX062019,104.64,10.53,0.33,2019-06-11,0.1,3.86,0.0038599999999999997,66.05444961972766,85.87078450564597,2,0.27,0.27,0.27,0.38333333333333325,0.7357142857142859,1.2246467991473532e-16,-1.0,0.3456123126707335,-0.9383773917408641
TGLX062019,104.64,10.53,0.33,2019-06-24,0.0227083335,12.57,0.01257,66.05444961972766,85.87078450564597,2,0.28,0.28,0.28,0.40666666666666657,0.7485714285714286,1.2246467991473532e-16,-1.0,0.12874817745258132,-0.99167731989929
TGLX062019,104.64,10.53,0.33,2019-07-09,0.042815235,23.7,0.0237,66.05444961972766,85.87078450564597,2,0.38,0.38,0.38,0.5866666666666666,0.7671428571428572,-0.4999999999999997,-0.8660254037844388,-0.12874817745258066,-0.99167731989929
TGLX062020,104.64,10.53,0.38,2020-01-11,2.8,1652.0,1.652,66.05444961972766,85.87078450564597,2,1.18,1.18,1.18,0.8099999999999997,0.7571428571428572,0.49999999999999994,0.8660254037844387,0.1882267098432442,0.9821256058680006
TGLX062020,104.64,10.53,0.38,2020-02-13,26.5,1879.5,1.8795,66.05444961972766,85.87078450564597,2,1.26,1.26,1.26,1.2999999999999998,0.9242857142857145,0.8660254037844386,0.5000000000000001,0.6870527672236669,0.7266075247685656
TGLX062020,104.64,10.53,0.38,2020-02-27,29.0,2758.0,2.758,66.05444961972766,85.87078450564597,2,1.1,1.1,1.1,1.2433333333333332,0.992857142857143,0.8660254037844386,0.5000000000000001,0.8406184056344782,0.5416278206559814
TGLX062020,104.64,10.53,0.38,2020-03-12,3.1,25878.5,25.8785,66.05444961972766,85.87078450564597,2,1.03,1.03,1.03,0.8599999999999998,0.4400000000000001,1.0,6.123233995736766e-17,0.9455963874271426,0.3253420847119801
TGLX062020,104.64,10.53,0.38,2020-03-27,32.0,22156.25,22.15625,66.05444961972766,85.87078450564597,2,0.73,0.73,0.73,0.8433333333333332,0.46142857142857163,1.0,6.123233995736766e-17,0.9973249731081555,0.07309512989807777
TGLX062020,104.64,10.53,0.38,2020-05-09,24.1,15324.0,15.324,66.05444961972766,85.87078450564597,2,0.85,0.85,0.85,0.7599999999999998,0.34000000000000014,0.49999999999999994,-0.8660254037844387,0.7856498550787147,-0.6186714032625031
TGLX062020,104.64,10.53,0.38,2020-05-23,25.6,1563.0,1.563,66.05444961972766,85.87078450564597,2,0.68,0.68,0.68,0.5699999999999997,0.14714285714285727,0.49999999999999994,-0.8660254037844387,0.6152845999633276,-0.7883050558305255
TGLX062020,104.64,10.53,0.38,2020-06-08,3.76,2641.25,2.64125,66.05444961972766,85.87078450564597,2,0.6900000000000001,0.6900000000000001,0.6900000000000001,0.8399999999999999,0.30000000000000016,1.2246467991473532e-16,-1.0,0.3777079652039649,-0.9259247771938498
TGLX062020,104.64,10.53,0.38,2020-06-25,11.7,11485.8,11.4858,66.05444961972766,85.87078450564597,2,0.2,0.2,0.2,0.49666666666666653,0.5571428571428573,1.2246467991473532e-16,-1.0,0.09453674981719912,-0.9955213724144752
TGLX062021,104.64,10.53,0.38,2021-01-29,0.1,2.56,0.00256,66.05444961972766,85.87078450564597,2,1.13,1.13,1.13,0.8099999999999999,0.6028571428571431,0.49999999999999994,0.8660254037844387,0.47873384011578846,0.8779600847008882
TGLX062021,104.64,10.53,0.38,2021-03-01,0.1,28.0,0.028,66.05444961972766,85.87078450564597,2,1.17,1.17,1.17,0.8399999999999999,0.5214285714285716,1.0,6.123233995736766e-17,0.8587639582758029,0.5123714121284237
TGLX062021,104.64,10.53,0.38,2021-03-15,0.4,68.37,0.06837,66.05444961972766,85.87078450564597,2,1.25,1.25,1.25,1.0,0.5185714285714288,1.0,6.123233995736766e-17,0.9562348265919056,0.29260033563334836
TGLX062021,104.64,10.53,0.38,2021-03-29,0.1,34.6,0.0346,66.05444961972766,85.87078450564597,2,1.23,1.23,1.23,0.6433333333333332,0.24428571428571447,1.0,6.123233995736766e-17,0.9984354211555643,0.055916990100603484
TGLX062021,104.64,10.53,0.38,2021-04-14,0.1,47.5,0.0475,66.05444961972766,85.87078450564597,2,1.01,1.01,1.01,1.04,0.5685714285714288,0.8660254037844387,-0.4999999999999998,0.9760105506323683,-0.21772323039653177
TGLX062021,104.64,10.53,0.38,2021-04-28,0.1,34.29,0.03429,66.05444961972766,85.87078450564597,2,1.1,1.1,1.1,0.5133333333333332,0.10857142857142879,0.8660254037844387,-0.4999999999999998,0.895839290734909,-0.4443781781046132
TGLX062021,104.64,10.53,0.38,2021-05-14,0.1,18.62,0.01862,66.05444961972766,85.87078450564597,2,0.8,0.8,0.8,1.0066666666666666,0.7142857142857145,0.49999999999999994,-0.8660254037844387,0.7412220108485958,-0.6712599575675313
TGLX062021,104.64,10.53,0.58,2021-05-29,0.0332947165,18.43,0.01843,66.05444961972766,85.87078450564597,2,0.81,0.81,0.81,0.9899999999999999,0.43571428571428594,0.49999999999999994,-0.8660254037844387,0.545240438540651,-0.8382797052177744
TGLX062022,104.64,10.53,0.38,2022-02-17,0.1,55.354128034098146,,66.05444961972766,85.87078450564597,2,1.25,1.25,1.25,0.7666666666666666,0.5800000000000004,0.8660254037844386,0.5000000000000001,0.7354170229639855,0.6776147890466889
TGLX062022,104.64,10.53,0.38,2022-03-04,0.1,55.354128034098146,,66.05444961972766,85.87078450564597,2,1.43,1.43,1.43,0.9833333333333334,0.6271428571428574,1.0,6.123233995736766e-17,0.8840675099433636,0.4673592171580022
TGLX062022,104.64,10.53,0.38,2022-03-19,0.2,110.70825606819629,,66.05444961972766,85.87078450564597,2,1.09,1.09,1.09,0.64,0.3285714285714289,1.0,6.123233995736766e-17,0.9741004551724205,0.22611568550828828
TGLX062022,104.64,10.53,0.38,2022-03-30,0.1,55.354128034098146,,66.05444961972766,85.87078450564597,2,0.30000000000000004,0.30000000000000004,0.30000000000000004,0.05666666666666659,0.07714285714285753,1.0,6.123233995736766e-17,0.9992500112396835,0.03872228089217446
TGLX062022,104.64,10.53,0.38,2022-04-15,0.1,55.354128034098146,,66.05444961972766,85.87078450564597,2,0.35000000000000003,0.35000000000000003,0.35000000000000003,0.12999999999999978,0.16571428571428606,0.8660254037844387,-0.4999999999999998,0.9721181966290613,-0.23449138957040985
TGLX062022,104.64,10.53,0.38,2022-04-26,0.2,110.70825606819629,,66.05444961972766,85.87078450564597,2,0.04,0.04,0.04,-0.04333333333333356,0.38000000000000034,0.8660254037844387,-0.4999999999999998,0.9106046300942162,-0.4132786077829042
TGLX062022,104.64,10.53,0.38,2022-05-16,0.0,0.0,0.0,66.05444961972766,85.87078450564597,2,1.12,1.12,1.12,0.5066666666666665,0.3400000000000003,0.49999999999999994,-0.8660254037844387,0.717676913675962,-0.6963762255968722
TGLX062022,104.64,10.53,0.38,2022-06-01,0.1,55.354128034098146,,66.05444961972766,85.87078450564597,2,1.21,1.21,1.21,1.1866666666666665,0.7457142857142861,1.2246467991473532e-16,-1.0,0.5012418134457758,-0.865307254363206
TGLX062022,104.64,10.53,0.38,2022-06-17,0.0,0.0,0.0,66.05444961972766,85.87078450564597,2,1.22,1.22,1.22,1.413333333333333,0.9628571428571432,1.2246467991473532e-16,-1.0,0.24702218048093552,-0.9690098257244062
TGLX072016,105.09,10.02,0.38,2016-03-04,0.0206127355,11.41,0.01141,86.7488363021842,112.77348719283947,2,0.725,0.725,0.725,0.7749999999999999,0.7114285714285716,1.0,6.123233995736766e-17,0.8919813464595485,0.45207220393230435
TGLX072016,105.09,10.02,0.38,2016-03-17,0.1,92.17,0.09217,86.7488363021842,112.77348719283947,2,0.23,0.23,0.23,0.1366666666666667,0.46,1.0,6.123233995736766e-17,0.9700639218515071,0.2428497220959356
TGLX072016,105.09,10.02,0.38,2016-04-02,0.1,168.711,0.168711,86.7488363021842,112.77348719283947,2,0.26,0.26,0.26,0.3433333333333333,0.41571428571428576,0.8660254037844387,-0.4999999999999998,0.9995462806873573,-0.030120304846908114
TGLX072016,105.09,10.02,0.38,2016-04-16,0.3,132.94,0.13294,86.7488363021842,112.77348719283947,2,0.18,0.18,0.18,0.0233333333333333,0.3728571428571429,0.8660254037844387,-0.4999999999999998,0.9634705485641488,-0.2678143051621742
TGLX072016,105.09,10.02,0.38,2016-04-29,0.4,169.57,0.16957,86.7488363021842,112.77348719283947,2,-0.08,-0.08,-0.08,0.14333333333333334,0.5171428571428571,0.8660254037844387,-0.4999999999999998,0.8800122039735357,-0.47495107206704995
TGLX072016,105.09,10.02,0.38,2016-05-16,0.3,174.2,0.1742,86.7488363021842,112.77348719283947,2,0.17,0.17,0.17,0.049999999999999996,0.26857142857142857,0.49999999999999994,-0.8660254037844387,0.705583610107178,-0.7086266782644596
TGLX072016,105.09,10.02,0.38,2016-06-01,0.6,157.9,0.1579,86.7488363021842,112.77348719283947,2,-0.09,-0.09,-0.09,0.02999999999999996,0.12,1.2246467991473532e-16,-1.0,0.48627270710868997,-0.8738071036110808
TGLX072016,105.09,10.02,0.38,2016-06-15,3.9,245.5,0.2455,86.7488363021842,112.77348719283947,2,0.1,0.1,0.1,0.02666666666666667,0.17857142857142858,1.2246467991473532e-16,-1.0,0.26366549272800704,-0.9646141756912435
TGLX072017,105.09,10.02,0.38,2017-03-03,23.8,13174.282472115357,,86.7488363021842,112.77348719283947,2,0.86,0.86,0.86,1.0999999999999999,0.9828571428571429,1.0,6.123233995736766e-17,0.8758917051442429,0.48250774176121847
TGLX072017,105.09,10.02,0.38,2017-03-17,24.4,13506.407240319944,,86.7488363021842,112.77348719283947,2,0.41000000000000003,0.41000000000000003,0.41000000000000003,0.8566666666666665,0.9357142857142857,1.0,6.123233995736766e-17,0.9657399376548549,0.2595117970697999
TGLX072017,105.09,10.02,0.38,2017-04-03,23.1,12786.803575876671,,86.7488363021842,112.77348719283947,2,0.25,0.25,0.25,0.7999999999999998,0.9571428571428572,0.8660254037844387,-0.4999999999999998,0.9995462806873573,-0.030120304846908114
TGLX072017,105.09,10.02,0.38,2017-04-17,7.1,3930.143090420968,,86.7488363021842,112.77348719283947,2,0.29,0.29,0.29,0.5133333333333332,0.8400000000000001,0.8660254037844387,-0.4999999999999998,0.9634705485641488,-0.2678143051621742
TGLX072017,105.09,10.02,0.38,2017-05-05,16.0,8856.660485455703,,86.7488363021842,112.77348719283947,2,0.39,0.39,0.39,0.31333333333333324,0.6157142857142858,0.49999999999999994,-0.8660254037844387,0.8359254794186372,-0.548842958284719
TGLX072017,105.09,10.02,0.38,2017-05-18,1.3,719.6036644432759,,86.7488363021842,112.77348719283947,2,0.31,0.31,0.31,0.5299999999999998,0.8342857142857144,0.49999999999999994,-0.8660254037844387,0.6932812268869777,-0.7206671495538609
TGLX072017,105.09,10.02,0.38,2017-06-03,2.9,1605.269712988846,,86.7488363021842,112.77348719283947,2,0.85,0.85,0.85,0.8999999999999998,1.0314285714285716,1.2246467991473532e-16,-1.0,0.4711595076738638,-0.8820480249558537
TGLX072017,105.09,10.02,0.38,2017-06-19,5.5,3044.4770418753974,,86.7488363021842,112.77348719283947,2,0.99,0.99,0.99,0.8766666666666665,0.8671428571428572,1.2246467991473532e-16,-1.0,0.21352091543979612,-0.9769384927771817
TGLX072019,105.09,10.02,0.38,2019-01-27,15.4,431.34,0.43134,86.7488363021842,112.77348719283947,2,0.74,0.74,0.74,1.223333333333333,1.3414285714285714,0.49999999999999994,0.8660254037844387,0.4482293417404106,0.893918596519257
TGLX072019,105.09,10.02,0.38,2019-02-16,18.5,134.0,0.134,86.7488363021842,112.77348719283947,2,0.58,0.58,0.58,0.26333333333333303,0.29142857142857154,0.8660254037844386,0.5000000000000001,0.7236440382959124,0.6901733882429719
TGLX072019,105.09,10.02,0.38,2019-02-26,19.51,1386.0,1.386,86.7488363021842,112.77348719283947,2,0.09,0.09,0.09,0.5699999999999997,0.8614285714285715,0.8660254037844386,0.5000000000000001,0.8311706263658079,0.5560174366570446
TGLX072019,105.09,10.02,0.38,2019-03-14,21.52,1482.0,1.482,86.7488363021842,112.77348719283947,2,0.07,0.07,0.07,0.2499999999999997,0.5857142857142857,1.0,6.123233995736766e-17,0.9510565162951535,0.30901699437494745
TGLX072019,105.09,10.02,0.38,2019-03-28,22.5,1523.0,1.523,86.7488363021842,112.77348719283947,2,0.28,0.28,0.28,0.45999999999999974,0.8585714285714288,1.0,6.123233995736766e-17,0.9973249731081555,0.07309512989807777
TGLX072019,105.09,10.02,0.38,2019-04-11,26.0,1654.0,1.654,86.7488363021842,112.77348719283947,2,0.33,0.33,0.33,0.7866666666666665,0.9157142857142858,0.8660254037844387,-0.4999999999999998,0.9859481499638304,-0.16705162550211924
TGLX072019,105.09,10.02,0.38,2019-04-26,26.4,168.0,0.168,86.7488363021842,112.77348719283947,2,0.23,0.23,0.23,0.4933333333333332,0.8485714285714286,0.8660254037844387,-0.4999999999999998,0.9106046300942162,-0.4132786077829042
TGLX072019,105.09,10.02,0.38,2019-05-12,25.6,1692.0,1.692,86.7488363021842,112.77348719283947,2,0.18,0.18,0.18,0.21666666666666648,0.5771428571428573,0.49999999999999994,-0.8660254037844387,0.7638886127905428,-0.6453481132295501
TGLX072019,105.09,10.02,0.38,2019-05-26,26.2,1625.0,1.625,86.7488363021842,112.77348719283947,2,0.12,0.12,0.12,0.26666666666666655,0.6814285714285715,0.49999999999999994,-0.8660254037844387,0.5877852522924732,-0.8090169943749473
TGLX072019,105.09,10.02,0.38,2019-06-11,25.0,1524.0,1.524,86.7488363021842,112.77348719283947,2,0.27,0.27,0.27,0.38333333333333325,0.7357142857142859,1.2246467991473532e-16,-1.0,0.3456123126707335,-0.9383773917408641
TGLX072019,105.09,10.02,0.38,2019-06-24,24.3,1456.0,1.456,86.7488363021842,112.77348719283947,2,0.28,0.28,0.28,0.40666666666666657,0.7485714285714286,1.2246467991473532e-16,-1.0,0.12874817745258132,-0.99167731989929
TGLX072019,105.09,10.02,0.38,2019-07-09,2.15,1256.0,1.256,86.7488363021842,112.77348719283947,2,0.38,0.38,0.38,0.5866666666666666,0.7671428571428572,-0.4999999999999997,-0.8660254037844388,-0.12874817745258066,-0.99167731989929
TGLX072020,105.09,10.02,0.58,2020-01-11,0.8,55.0,0.055,86.7488363021842,112.77348719283947,2,1.18,1.18,1.18,0.8099999999999997,0.7571428571428572,0.49999999999999994,0.8660254037844387,0.1882267098432442,0.9821256058680006
TGLX072020,105.09,10.02,0.58,2020-02-13,1.0,531.75,0.53175,86.7488363021842,112.77348719283947,2,1.26,1.26,1.26,1.2999999999999998,0.9242857142857145,0.8660254037844386,0.5000000000000001,0.6870527672236669,0.7266075247685656
TGLX072020,105.09,10.02,0.58,2020-02-27,0.5,137.55,0.13755,86.7488363021842,112.77348719283947,2,1.1,1.1,1.1,1.2433333333333332,0.992857142857143,0.8660254037844386,0.5000000000000001,0.8406184056344782,0.5416278206559814
TGLX072020,105.09,10.02,0.58,2020-03-12,0.3,123.366,0.123366,86.7488363021842,112.77348719283947,2,1.03,1.03,1.03,0.8599999999999998,0.4400000000000001,1.0,6.123233995736766e-17,0.9455963874271426,0.3253420847119801
TGLX072020,105.09,10.02,0.58,2020-03-27,0.5,211.282,0.211282,86.7488363021842,112.77348719283947,2,0.73,0.73,0.73,0.8433333333333332,0.46142857142857163,1.0,6.123233995736766e-17,0.9973249731081555,0.07309512989807777
TGLX072020,105.09,10.02,0.58,2020-05-09,1.19,673.55,0.67355,86.7488363021842,112.77348719283947,2,0.85,0.85,0.85,0.7599999999999998,0.34000000000000014,0.49999999999999994,-0.8660254037844387,0.7856498550787147,-0.6186714032625031
TGLX072020,105.09,10.02,0.58,2020-05-23,0.8,421.855,0.42185500000000004,86.7488363021842,112.77348719283947,2,0.68,0.68,0.68,0.5699999999999997,0.14714285714285727,0.49999999999999994,-0.8660254037844387,0.6152845999633276,-0.7883050558305255
TGLX072020,105.09,10.02,0.58,2020-06-08,0.45,16.234,0.016234000000000002,86.7488363021842,112.77348719283947,2,0.6900000000000001,0.6900000000000001,0.6900000000000001,0.8399999999999999,0.30000000000000016,1.2246467991473532e-16,-1.0,0.3777079652039649,-0.9259247771938498
TGLX072020,105.09,10.02,0.58,2020-06-25,0.2,81.535,0.081535,86.7488363021842,112.77348719283947,2,0.2,0.2,0.2,0.49666666666666653,0.5571428571428573,1.2246467991473532e-16,-1.0,0.09453674981719912,-0.9955213724144752
TGLX072021,105.09,10.02,0.58,2021-01-29,0.42,45.31,0.04531,86.7488363021842,112.77348719283947,2,1.13,1.13,1.13,0.8099999999999999,0.6028571428571431,0.49999999999999994,0.8660254037844387,0.47873384011578846,0.8779600847008882
TGLX072021,105.09,10.02,0.58,2021-03-01,0.24,4.67,0.00467,86.7488363021842,112.77348719283947,2,1.17,1.17,1.17,0.8399999999999999,0.5214285714285716,1.0,6.123233995736766e-17,0.8587639582758029,0.5123714121284237
TGLX072021,105.09,10.02,0.58,2021-03-15,0.24,57.15,0.05715,86.7488363021842,112.77348719283947,2,1.25,1.25,1.25,1.0,0.5185714285714288,1.0,6.123233995736766e-17,0.9562348265919056,0.29260033563334836
TGLX072021,105.09,10.02,0.58,2021-03-29,0.1,26.94,0.026940000000000002,86.7488363021842,112.77348719283947,2,1.23,1.23,1.23,0.6433333333333332,0.24428571428571447,1.0,6.123233995736766e-17,0.9984354211555643,0.055916990100603484
TGLX072021,105.09,10.02,0.58,2021-04-14,0.1,36.0,0.036,86.7488363021842,112.77348719283947,2,1.01,1.01,1.01,1.04,0.5685714285714288,0.8660254037844387,-0.4999999999999998,0.9760105506323683,-0.21772323039653177
TGLX072021,105.09,10.02,0.58,2021-04-28,0.1,36.22,0.03622,86.7488363021842,112.77348719283947,2,1.1,1.1,1.1,0.5133333333333332,0.10857142857142879,0.8660254037844387,-0.4999999999999998,0.895839290734909,-0.4443781781046132
TGLX072021,105.09,10.02,0.58,2021-05-14,0.1,2.1,0.0021000000000000003,86.7488363021842,112.77348719283947,2,0.8,0.8,0.8,1.0066666666666666,0.7142857142857145,0.49999999999999994,-0.8660254037844387,0.7412220108485958,-0.6712599575675313
TGLX072021,105.09,10.02,0.57,2021-05-29,0.0526609325,29.15,0.02915,86.7488363021842,112.77348719283947,2,0.81,0.81,0.81,0.9899999999999999,0.43571428571428594,0.49999999999999994,-0.8660254037844387,0.545240438540651,-0.8382797052177744
TGLX072022,105.09,10.02,0.58,2022-02-17,0.0,0.0,0.0,86.7488363021842,112.77348719283947,2,1.25,1.25,1.25,0.7666666666666666,0.5800000000000004,0.8660254037844386,0.5000000000000001,0.7354170229639855,0.6776147890466889
TGLX072022,105.09,10.02,0.58,2022-03-04,0.0,0.0,0.0,86.7488363021842,112.77348719283947,2,1.43,1.43,1.43,0.9833333333333334,0.6271428571428574,1.0,6.123233995736766e-17,0.8840675099433636,0.4673592171580022
TGLX072022,105.09,10.02,0.58,2022-03-19,0.1,55.354128034098146,,86.7488363021842,112.77348719283947,2,1.09,1.09,1.09,0.64,0.3285714285714289,1.0,6.123233995736766e-17,0.9741004551724205,0.22611568550828828
TGLX072022,105.09,10.02,0.58,2022-03-30,0.1,55.354128034098146,,86.7488363021842,112.77348719283947,2,0.30000000000000004,0.30000000000000004,0.30000000000000004,0.05666666666666659,0.07714285714285753,1.0,6.123233995736766e-17,0.9992500112396835,0.03872228089217446
TGLX072022,105.09,10.02,0.58,2022-04-15,0.1,55.354128034098146,,86.7488363021842,112.77348719283947,2,0.35000000000000003,0.35000000000000003,0.35000000000000003,0.12999999999999978,0.16571428571428606,0.8660254037844387,-0.4999999999999998,0.9721181966290613,-0.23449138957040985
TGLX072022,105.09,10.02,0.58,2022-04-26,0.1,55.354128034098146,,86.7488363021842,112.77348719283947,2,0.04,0.04,0.04,-0.04333333333333356,0.38000000000000034,0.8660254037844387,-0.4999999999999998,0.9106046300942162,-0.4132786077829042
TGLX072022,105.09,10.02,0.58,2022-05-16,0.0,0.0,0.0,86.7488363021842,112.77348719283947,2,1.12,1.12,1.12,0.5066666666666665,0.3400000000000003,0.49999999999999994,-0.8660254037844387,0.717676913675962,-0.6963762255968722
TGLX072022,105.09,10.02,0.58,2022-06-01,0.0,0.0,0.0,86.7488363021842,112.77348719283947,2,1.21,1.21,1.21,1.1866666666666665,0.7457142857142861,1.2246467991473532e-16,-1.0,0.5012418134457758,-0.865307254363206
TGLX072022,105.09,10.02,0.58,2022-06-17,0.0,0.0,0.0,86.7488363021842,112.77348719283947,2,1.22,1.22,1.22,1.413333333333333,0.9628571428571432,1.2246467991473532e-16,-1.0,0.24702218048093552,-0.9690098257244062
TGLX082016,104.93,10.19,0.58,2016-03-04,5.9,3241.0,3.241,72.65514943307943,94.45169426300326,2,0.725,0.725,0.725,0.7749999999999999,0.7114285714285716,1.0,6.123233995736766e-17,0.8919813464595485,0.45207220393230435
TGLX082016,104.93,10.19,0.58,2016-03-17,9.1,6451.9,6.451899999999999,72.65514943307943,94.45169426300326,2,0.23,0.23,0.23,0.1366666666666667,0.46,1.0,6.123233995736766e-17,0.9700639218515071,0.2428497220959356
TGLX082016,104.93,10.19,0.58,2016-04-02,1.8,163.5,0.1635,72.65514943307943,94.45169426300326,2,0.26,0.26,0.26,0.3433333333333333,0.41571428571428576,0.8660254037844387,-0.4999999999999998,0.9995462806873573,-0.030120304846908114
TGLX082016,104.93,10.19,0.58,2016-04-16,1.8,82.21,0.08220999999999999,72.65514943307943,94.45169426300326,2,0.18,0.18,0.18,0.0233333333333333,0.3728571428571429,0.8660254037844387,-0.4999999999999998,0.9634705485641488,-0.2678143051621742
TGLX082016,104.93,10.19,0.58,2016-04-29,6.1,3456.4,3.4564,72.65514943307943,94.45169426300326,2,-0.08,-0.08,-0.08,0.14333333333333334,0.5171428571428571,0.8660254037844387,-0.4999999999999998,0.8800122039735357,-0.47495107206704995
TGLX082016,104.93,10.19,0.58,2016-05-16,2.2,1242.2,1.2422,72.65514943307943,94.45169426300326,2,0.17,0.17,0.17,0.049999999999999996,0.26857142857142857,0.49999999999999994,-0.8660254037844387,0.705583610107178,-0.7086266782644596
TGLX082016,104.93,10.19,0.58,2016-06-01,0.6,169.4,0.1694,72.65514943307943,94.45169426300326,2,-0.09,-0.09,-0.09,0.02999999999999996,0.12,1.2246467991473532e-16,-1.0,0.48627270710868997,-0.8738071036110808
TGLX082016,104.93,10.19,0.58,2016-06-15,0.7,156.31,0.15631,72.65514943307943,94.45169426300326,2,0.1,0.1,0.1,0.02666666666666667,0.17857142857142858,1.2246467991473532e-16,-1.0,0.26366549272800704,-0.9646141756912435
TGLX082017,104.93,10.19,0.58,2017-03-03,1.1,608.8954083750796,,72.65514943307943,94.45169426300326,2,0.86,0.86,0.86,1.0999999999999999,0.9828571428571429,1.0,6.123233995736766e-17,0.8758917051442429,0.48250774176121847
TGLX082017,104.93,10.19,0.58,2017-03-17,0.1,55.354128034098146,,72.65514943307943,94.45169426300326,2,0.41000000000000003,0.41000000000000003,0.41000000000000003,0.8566666666666665,0.9357142857142857,1.0,6.123233995736766e-17,0.9657399376548549,0.2595117970697999
TGLX082017,104.93,10.19,0.58,2017-04-03,0.1,55.354128034098146,,72.65514943307943,94.45169426300326,2,0.25,0.25,0.25,0.7999999999999998,0.9571428571428572,0.8660254037844387,-0.4999999999999998,0.9995462806873573,-0.030120304846908114
TGLX082017,104.93,10.19,0.58,2017-04-17,0.1,55.354128034098146,,72.65514943307943,94.45169426300326,2,0.29,0.29,0.29,0.5133333333333332,0.8400000000000001,0.8660254037844387,-0.4999999999999998,0.9634705485641488,-0.2678143051621742
TGLX082017,104.93,10.19,0.58,2017-05-05,0.3,166.0623841022944,,72.65514943307943,94.45169426300326,2,0.39,0.39,0.39,0.31333333333333324,0.6157142857142858,0.49999999999999994,-0.8660254037844387,0.8359254794186372,-0.548842958284719
TGLX082017,104.93,10.19,0.58,2017-05-18,0.2,110.70825606819629,,72.65514943307943,94.45169426300326,2,0.31,0.31,0.31,0.5299999999999998,0.8342857142857144,0.49999999999999994,-0.8660254037844387,0.6932812268869777,-0.7206671495538609
TGLX082017,104.93,10.19,0.58,2017-06-03,0.1,55.354128034098146,,72.65514943307943,94.45169426300326,2,0.85,0.85,0.85,0.8999999999999998,1.0314285714285716,1.2246467991473532e-16,-1.0,0.4711595076738638,-0.8820480249558537
TGLX082017,104.93,10.19,0.58,2017-06-19,0.0,0.0,0.0,72.65514943307943,94.45169426300326,2,0.99,0.99,0.99,0.8766666666666665,0.8671428571428572,1.2246467991473532e-16,-1.0,0.21352091543979612,-0.9769384927771817
TGLX082019,104.93,10.19,0.58,2019-01-27,1.9,72.59,0.07259,72.65514943307943,94.45169426300326,2,0.74,0.74,0.74,1.223333333333333,1.3414285714285714,0.49999999999999994,0.8660254037844387,0.4482293417404106,0.893918596519257
TGLX082019,104.93,10.19,0.58,2019-02-16,0.0062687285,3.47,0.00347,72.65514943307943,94.45169426300326,2,0.58,0.58,0.58,0.26333333333333303,0.29142857142857154,0.8660254037844386,0.5000000000000001,0.7236440382959124,0.6901733882429719
TGLX082019,104.93,10.19,0.58,2019-02-26,0.2,52.17,0.05217,72.65514943307943,94.45169426300326,2,0.09,0.09,0.09,0.5699999999999997,0.8614285714285715,0.8660254037844386,0.5000000000000001,0.8311706263658079,0.5560174366570446
TGLX082019,104.93,10.19,0.58,2019-03-14,0.2,46.51,0.046509999999999996,72.65514943307943,94.45169426300326,2,0.07,0.07,0.07,0.2499999999999997,0.5857142857142857,1.0,6.123233995736766e-17,0.9510565162951535,0.30901699437494745
TGLX082019,104.93,10.19,0.58,2019-03-28,0.1,35.21,0.03521,72.65514943307943,94.45169426300326,2,0.28,0.28,0.28,0.45999999999999974,0.8585714285714288,1.0,6.123233995736766e-17,0.9973249731081555,0.07309512989807777
TGLX082019,104.93,10.19,0.58,2019-04-11,0.3,54.21,0.05421,72.65514943307943,94.45169426300326,2,0.33,0.33,0.33,0.7866666666666665,0.9157142857142858,0.8660254037844387,-0.4999999999999998,0.9859481499638304,-0.16705162550211924
TGLX082019,104.93,10.19,0.58,2019-04-26,0.2,47.96,0.04796,72.65514943307943,94.45169426300326,2,0.23,0.23,0.23,0.4933333333333332,0.8485714285714286,0.8660254037844387,-0.4999999999999998,0.9106046300942162,-0.4132786077829042
TGLX082019,104.93,10.19,0.58,2019-05-12,0.3,45.21,0.04521,72.65514943307943,94.45169426300326,2,0.18,0.18,0.18,0.21666666666666648,0.5771428571428573,0.49999999999999994,-0.8660254037844387,0.7638886127905428,-0.6453481132295501
TGLX082019,104.93,10.19,0.58,2019-05-26,0.3,52.12,0.05212,72.65514943307943,94.45169426300326,2,0.12,0.12,0.12,0.26666666666666655,0.6814285714285715,0.49999999999999994,-0.8660254037844387,0.5877852522924732,-0.8090169943749473
TGLX082019,104.93,10.19,0.58,2019-06-11,0.3,5.57,0.00557,72.65514943307943,94.45169426300326,2,0.27,0.27,0.27,0.38333333333333325,0.7357142857142859,1.2246467991473532e-16,-1.0,0.3456123126707335,-0.9383773917408641
TGLX082019,104.93,10.19,0.58,2019-06-24,0.6,95.32,0.09531999999999999,72.65514943307943,94.45169426300326,2,0.28,0.28,0.28,0.40666666666666657,0.7485714285714286,1.2246467991473532e-16,-1.0,0.12874817745258132,-0.99167731989929
TGLX082019,104.93,10.19,0.58,2019-07-09,0.4,75.24,0.07524,72.65514943307943,94.45169426300326,2,0.38,0.38,0.38,0.5866666666666666,0.7671428571428572,-0.4999999999999997,-0.8660254037844388,-0.12874817745258066,-0.99167731989929
TGLX082020,104.93,10.19,0.57,2020-01-11,0.0427249075,23.65,0.023649999999999997,72.65514943307943,94.45169426300326,2,1.18,1.18,1.18,0.8099999999999997,0.7571428571428572,0.49999999999999994,0.8660254037844387,0.1882267098432442,0.9821256058680006
TGLX082020,104.93,10.19,0.57,2020-02-13,0.1,52.18,0.05218,72.65514943307943,94.45169426300326,2,1.26,1.26,1.26,1.2999999999999998,0.9242857142857145,0.8660254037844386,0.5000000000000001,0.6870527672236669,0.7266075247685656
TGLX082020,104.93,10.19,0.57,2020-02-27,0.1,98.7,0.0987,72.65514943307943,94.45169426300326,2,1.1,1.1,1.1,1.2433333333333332,0.992857142857143,0.8660254037844386,0.5000000000000001,0.8406184056344782,0.5416278206559814
TGLX082020,104.93,10.19,0.57,2020-03-12,0.1,21.27,0.02127,72.65514943307943,94.45169426300326,2,1.03,1.03,1.03,0.8599999999999998,0.4400000000000001,1.0,6.123233995736766e-17,0.9455963874271426,0.3253420847119801
TGLX082020,104.93,10.19,0.57,2020-03-27,0.1,35.45,0.03545,72.65514943307943,94.45169426300326,2,0.73,0.73,0.73,0.8433333333333332,0.46142857142857163,1.0,6.123233995736766e-17,0.9973249731081555,0.07309512989807777
TGLX082020,104.93,10.19,0.57,2020-05-09,0.24,53.64,0.05364,72.65514943307943,94.45169426300326,2,0.85,0.85,0.85,0.7599999999999998,0.34000000000000014,0.49999999999999994,-0.8660254037844387,0.7856498550787147,-0.6186714032625031
TGLX082020,104.93,10.19,0.57,2020-05-23,0.3,29.155,0.029155,72.65514943307943,94.45169426300326,2,0.68,0.68,0.68,0.5699999999999997,0.14714285714285727,0.49999999999999994,-0.8660254037844387,0.6152845999633276,-0.7883050558305255
TGLX082020,104.93,10.19,0.57,2020-06-08,0.36,97.842,0.097842,72.65514943307943,94.45169426300326,2,0.6900000000000001,0.6900000000000001,0.6900000000000001,0.8399999999999999,0.30000000000000016,1.2246467991473532e-16,-1.0,0.3777079652039649,-0.9259247771938498
TGLX082020,104.93,10.19,0.57,2020-06-25,0.1,53.175,0.053175,72.65514943307943,94.45169426300326,2,0.2,0.2,0.2,0.49666666666666653,0.5571428571428573,1.2246467991473532e-16,-1.0,0.09453674981719912,-0.9955213724144752
TGLX082021,104.93,10.19,0.57,2021-01-29,0.1,2.97,0.00297,72.65514943307943,94.45169426300326,2,1.13,1.13,1.13,0.8099999999999999,0.6028571428571431,0.49999999999999994,0.8660254037844387,0.47873384011578846,0.8779600847008882
TGLX082021,104.93,10.19,0.57,2021-03-01,0.8,1.94,0.0019399999999999999,72.65514943307943,94.45169426300326,2,1.17,1.17,1.17,0.8399999999999999,0.5214285714285716,1.0,6.123233995736766e-17,0.8587639582758029,0.5123714121284237
TGLX082021,104.93,10.19,0.57,2021-03-15,0.8,47.29,0.04729,72.65514943307943,94.45169426300326,2,1.25,1.25,1.25,1.0,0.5185714285714288,1.0,6.123233995736766e-17,0.9562348265919056,0.29260033563334836
TGLX082021,104.93,10.19,0.57,2021-03-29,0.0385337115,21.33,0.02133,72.65514943307943,94.45169426300326,2,1.23,1.23,1.23,0.6433333333333332,0.24428571428571447,1.0,6.123233995736766e-17,0.9984354211555643,0.055916990100603484
TGLX082021,104.93,10.19,0.57,2021-04-14,0.1,29.14,0.02914,72.65514943307943,94.45169426300326,2,1.01,1.01,1.01,1.04,0.5685714285714288,0.8660254037844387,-0.4999999999999998,0.9760105506323683,-0.21772323039653177
TGLX082021,104.93,10.19,0.57,2021-04-28,0.1,34.19,0.03419,72.65514943307943,94.45169426300326,2,1.1,1.1,1.1,0.5133333333333332,0.10857142857142879,0.8660254037844387,-0.4999999999999998,0.895839290734909,-0.4443781781046132
TGLX082021,104.93,10.19,0.57,2021-05-14,0.1,25.16,0.025160000000000002,72.65514943307943,94.45169426300326,2,0.8,0.8,0.8,1.0066666666666666,0.7142857142857145,0.49999999999999994,-0.8660254037844387,0.7412220108485958,-0.6712599575675313
TGLX082021,104.93,10.19,0.25,2021-05-29,0.1,33.62,0.03362,72.65514943307943,94.45169426300326,2,0.81,0.81,0.81,0.9899999999999999,0.43571428571428594,0.49999999999999994,-0.8660254037844387,0.545240438540651,-0.8382797052177744
TGLX082022,104.93,10.19,0.57,2022-02-17,0.0,0.0,0.0,72.65514943307943,94.45169426300326,2,1.25,1.25,1.25,0.7666666666666666,0.5800000000000004,0.8660254037844386,0.5000000000000001,0.7354170229639855,0.6776147890466889
TGLX082022,104.93,10.19,0.57,2022-03-04,0.0,0.0,0.0,72.65514943307943,94.45169426300326,2,1.43,1.43,1.43,0.9833333333333334,0.6271428571428574,1.0,6.123233995736766e-17,0.8840675099433636,0.4673592171580022
TGLX082022,104.93,10.19,0.57,2022-03-19,0.1,55.354128034098146,,72.65514943307943,94.45169426300326,2,1.09,1.09,1.09,0.64,0.3285714285714289,1.0,6.123233995736766e-17,0.9741004551724205,0.22611568550828828
TGLX082022,104.93,10.19,0.57,2022-03-30,0.1,55.354128034098146,,72.65514943307943,94.45169426300326,2,0.30000000000000004,0.30000000000000004,0.30000000000000004,0.05666666666666659,0.07714285714285753,1.0,6.123233995736766e-17,0.9992500112396835,0.03872228089217446
TGLX082022,104.93,10.19,0.57,2022-04-15,0.1,55.354128034098146,,72.65514943307943,94.45169426300326,2,0.35000000000000003,0.35000000000000003,0.35000000000000003,0.12999999999999978,0.16571428571428606,0.8660254037844387,-0.4999999999999998,0.9721181966290613,-0.23449138957040985
TGLX082022,104.93,10.19,0.57,2022-04-26,0.1,55.354128034098146,,72.65514943307943,94.45169426300326,2,0.04,0.04,0.04,-0.04333333333333356,0.38000000000000034,0.8660254037844387,-0.4999999999999998,0.9106046300942162,-0.4132786077829042
TGLX082022,104.93,10.19,0.57,2022-05-16,0.1,55.354128034098146,,72.65514943307943,94.45169426300326,2,1.12,1.12,1.12,0.5066666666666665,0.3400000000000003,0.49999999999999994,-0.8660254037844387,0.717676913675962,-0.6963762255968722
TGLX082022,104.93,10.19,0.57,2022-06-01,0.1,55.354128034098146,,72.65514943307943,94.45169426300326,2,1.21,1.21,1.21,1.1866666666666665,0.7457142857142861,1.2246467991473532e-16,-1.0,0.5012418134457758,-0.865307254363206
TGLX082022,104.93,10.19,0.57,2022-06-17,0.1,55.354128034098146,,72.65514943307943,94.45169426300326,2,1.22,1.22,1.22,1.413333333333333,0.9628571428571432,1.2246467991473532e-16,-1.0,0.24702218048093552,-0.9690098257244062
TGLX092016,104.74,10.28,0.57,2016-03-04,0.044477261000000004,24.62,0.02462,74.85658697688464,97.31356306995004,2,0.725,0.725,0.725,0.7749999999999999,0.7114285714285716,1.0,6.123233995736766e-17,0.8919813464595485,0.45207220393230435
TGLX092016,104.74,10.28,0.57,2016-03-17,0.1,79.41,0.07941,74.85658697688464,97.31356306995004,2,0.23,0.23,0.23,0.1366666666666667,0.46,1.0,6.123233995736766e-17,0.9700639218515071,0.2428497220959356
TGLX092016,104.74,10.28,0.57,2016-04-02,0.1,121.17,0.12117,74.85658697688464,97.31356306995004,2,0.26,0.26,0.26,0.3433333333333333,0.41571428571428576,0.8660254037844387,-0.4999999999999998,0.9995462806873573,-0.030120304846908114
TGLX092016,104.74,10.28,0.57,2016-04-16,0.1,3.13,0.00313,74.85658697688464,97.31356306995004,2,0.18,0.18,0.18,0.0233333333333333,0.3728571428571429,0.8660254037844387,-0.4999999999999998,0.9634705485641488,-0.2678143051621742
TGLX092016,104.74,10.28,0.57,2016-04-29,1.0,416.5,0.4165,74.85658697688464,97.31356306995004,2,-0.08,-0.08,-0.08,0.14333333333333334,0.5171428571428571,0.8660254037844387,-0.4999999999999998,0.8800122039735357,-0.47495107206704995
TGLX092016,104.74,10.28,0.57,2016-05-16,0.8,425.2,0.42519999999999997,74.85658697688464,97.31356306995004,2,0.17,0.17,0.17,0.049999999999999996,0.26857142857142857,0.49999999999999994,-0.8660254037844387,0.705583610107178,-0.7086266782644596
TGLX092016,104.74,10.28,0.57,2016-06-01,0.4,48.65,0.04865,74.85658697688464,97.31356306995004,2,-0.09,-0.09,-0.09,0.02999999999999996,0.12,1.2246467991473532e-16,-1.0,0.48627270710868997,-0.8738071036110808
TGLX092016,104.74,10.28,0.57,2016-06-15,0.2,5.64,0.00564,74.85658697688464,97.31356306995004,2,0.1,0.1,0.1,0.02666666666666667,0.17857142857142858,1.2246467991473532e-16,-1.0,0.26366549272800704,-0.9646141756912435
TGLX092017,104.74,10.28,0.57,2017-03-03,0.0,0.0,0.0,74.85658697688464,97.31356306995004,2,0.86,0.86,0.86,1.0999999999999999,0.9828571428571429,1.0,6.123233995736766e-17,0.8758917051442429,0.48250774176121847
TGLX092017,104.74,10.28,0.57,2017-03-17,0.0,0.0,0.0,74.85658697688464,97.31356306995004,2,0.41000000000000003,0.41000000000000003,0.41000000000000003,0.8566666666666665,0.9357142857142857,1.0,6.123233995736766e-17,0.9657399376548549,0.2595117970697999
TGLX092017,104.74,10.28,0.57,2017-04-03,0.0,0.0,0.0,74.85658697688464,97.31356306995004,2,0.25,0.25,0.25,0.7999999999999998,0.9571428571428572,0.8660254037844387,-0.4999999999999998,0.9995462806873573,-0.030120304846908114
TGLX092017,104.74,10.28,0.57,2017-04-17,0.1,55.354128034098146,,74.85658697688464,97.31356306995004,2,0.29,0.29,0.29,0.5133333333333332,0.8400000000000001,0.8660254037844387,-0.4999999999999998,0.9634705485641488,-0.2678143051621742
TGLX092017,104.74,10.28,0.57,2017-05-05,0.1,55.354128034098146,,74.85658697688464,97.31356306995004,2,0.39,0.39,0.39,0.31333333333333324,0.6157142857142858,0.49999999999999994,-0.8660254037844387,0.8359254794186372,-0.548842958284719
TGLX092017,104.74,10.28,0.57,2017-05-18,0.2,110.70825606819629,,74.85658697688464,97.31356306995004,2,0.31,0.31,0.31,0.5299999999999998,0.8342857142857144,0.49999999999999994,-0.8660254037844387,0.6932812268869777,-0.7206671495538609
TGLX092017,104.74,10.28,0.57,2017-06-03,0.1,55.354128034098146,,74.85658697688464,97.31356306995004,2,0.85,0.85,0.85,0.8999999999999998,1.0314285714285716,1.2246467991473532e-16,-1.0,0.4711595076738638,-0.8820480249558537
TGLX092017,104.74,10.28,0.57,2017-06-19,0.0,0.0,0.0,74.85658697688464,97.31356306995004,2,0.99,0.99,0.99,0.8766666666666665,0.8671428571428572,1.2246467991473532e-16,-1.0,0.21352091543979612,-0.9769384927771817
TGLX092019,104.74,10.28,0.57,2019-01-27,0.03540838000000001,19.6,0.019600000000000003,74.85658697688464,97.31356306995004,2,0.74,0.74,0.74,1.223333333333333,1.3414285714285714,0.49999999999999994,0.8660254037844387,0.4482293417404106,0.893918596519257
TGLX092019,104.74,10.28,0.57,2019-02-16,0.033366978500000005,18.47,0.01847,74.85658697688464,97.31356306995004,2,0.58,0.58,0.58,0.26333333333333303,0.29142857142857154,0.8660254037844386,0.5000000000000001,0.7236440382959124,0.6901733882429719
TGLX092019,104.74,10.28,0.57,2019-02-26,0.029284175500000006,16.21,0.016210000000000002,74.85658697688464,97.31356306995004,2,0.09,0.09,0.09,0.5699999999999997,0.8614285714285715,0.8660254037844386,0.5000000000000001,0.8311706263658079,0.5560174366570446
TGLX092019,104.74,10.28,0.57,2019-03-14,0.02637563,14.6,0.0146,74.85658697688464,97.31356306995004,2,0.07,0.07,0.07,0.2499999999999997,0.5857142857142857,1.0,6.123233995736766e-17,0.9510565162951535,0.30901699437494745
TGLX092019,104.74,10.28,0.57,2019-03-28,0.0383169255,21.21,0.02121,74.85658697688464,97.31356306995004,2,0.28,0.28,0.28,0.45999999999999974,0.8585714285714288,1.0,6.123233995736766e-17,0.9973249731081555,0.07309512989807777
TGLX092019,104.74,10.28,0.57,2019-04-11,0.0047150955000000005,2.61,0.00261,74.85658697688464,97.31356306995004,2,0.33,0.33,0.33,0.7866666666666665,0.9157142857142858,0.8660254037844387,-0.4999999999999998,0.9859481499638304,-0.16705162550211924
TGLX092019,104.74,10.28,0.57,2019-04-26,0.005690632500000001,3.15,0.00315,74.85658697688464,97.31356306995004,2,0.23,0.23,0.23,0.4933333333333332,0.8485714285714286,0.8660254037844387,-0.4999999999999998,0.9106046300942162,-0.4132786077829042
TGLX092019,104.74,10.28,0.57,2019-05-12,0.2,26.15,0.02615,74.85658697688464,97.31356306995004,2,0.18,0.18,0.18,0.21666666666666648,0.5771428571428573,0.49999999999999994,-0.8660254037844387,0.7638886127905428,-0.6453481132295501
TGLX092019,104.74,10.28,0.57,2019-05-26,0.2,25.12,0.02512,74.85658697688464,97.31356306995004,2,0.12,0.12,0.12,0.26666666666666655,0.6814285714285715,0.49999999999999994,-0.8660254037844387,0.5877852522924732,-0.8090169943749473
TGLX092019,104.74,10.28,0.57,2019-06-11,0.1,26.32,0.02632,74.85658697688464,97.31356306995004,2,0.27,0.27,0.27,0.38333333333333325,0.7357142857142859,1.2246467991473532e-16,-1.0,0.3456123126707335,-0.9383773917408641
TGLX092019,104.74,10.28,0.57,2019-06-24,0.1,21.15,0.02115,74.85658697688464,97.31356306995004,2,0.28,0.28,0.28,0.40666666666666657,0.7485714285714286,1.2246467991473532e-16,-1.0,0.12874817745258132,-0.99167731989929
TGLX092019,104.74,10.28,0.57,2019-07-09,0.02926611,16.2,0.0162,74.85658697688464,97.31356306995004,2,0.38,0.38,0.38,0.5866666666666666,0.7671428571428572,-0.4999999999999997,-0.8660254037844388,-0.12874817745258066,-0.99167731989929
TGLX092020,104.74,10.28,0.25,2020-01-11,0.5,215.2,0.2152,74.85658697688464,97.31356306995004,2,1.18,1.18,1.18,0.8099999999999997,0.7571428571428572,0.49999999999999994,0.8660254037844387,0.1882267098432442,0.9821256058680006
TGLX092020,104.74,10.28,0.25,2020-02-13,0.4,29.16,0.02916,74.85658697688464,97.31356306995004,2,1.26,1.26,1.26,1.2999999999999998,0.9242857142857145,0.8660254037844386,0.5000000000000001,0.6870527672236669,0.7266075247685656
TGLX092020,104.74,10.28,0.25,2020-02-27,0.1,114.86,0.11486,74.85658697688464,97.31356306995004,2,1.1,1.1,1.1,1.2433333333333332,0.992857142857143,0.8660254037844386,0.5000000000000001,0.8406184056344782,0.5416278206559814
TGLX092020,104.74,10.28,0.25,2020-03-12,0.1,41.122,0.041122,74.85658697688464,97.31356306995004,2,1.03,1.03,1.03,0.8599999999999998,0.4400000000000001,1.0,6.123233995736766e-17,0.9455963874271426,0.3253420847119801
TGLX092020,104.74,10.28,0.25,2020-03-27,0.1,52.466,0.052466,74.85658697688464,97.31356306995004,2,0.73,0.73,0.73,0.8433333333333332,0.46142857142857163,1.0,6.123233995736766e-17,0.9973249731081555,0.07309512989807777
TGLX092020,104.74,10.28,0.25,2020-05-09,0.44,155.129,0.155129,74.85658697688464,97.31356306995004,2,0.85,0.85,0.85,0.7599999999999998,0.34000000000000014,0.49999999999999994,-0.8660254037844387,0.7856498550787147,-0.6186714032625031
TGLX092020,104.74,10.28,0.25,2020-05-23,0.47,23.483,0.023483,74.85658697688464,97.31356306995004,2,0.68,0.68,0.68,0.5699999999999997,0.14714285714285727,0.49999999999999994,-0.8660254037844387,0.6152845999633276,-0.7883050558305255
TGLX092020,104.74,10.28,0.25,2020-06-08,0.45,112.22,0.11222,74.85658697688464,97.31356306995004,2,0.6900000000000001,0.6900000000000001,0.6900000000000001,0.8399999999999999,0.30000000000000016,1.2246467991473532e-16,-1.0,0.3777079652039649,-0.9259247771938498
TGLX092020,104.74,10.28,0.25,2020-06-25,0.2,67.355,0.067355,74.85658697688464,97.31356306995004,2,0.2,0.2,0.2,0.49666666666666653,0.5571428571428573,1.2246467991473532e-16,-1.0,0.09453674981719912,-0.9955213724144752
TGLX092021,104.74,10.28,0.25,2021-01-29,0.13,19.24,0.01924,74.85658697688464,97.31356306995004,2,1.13,1.13,1.13,0.8099999999999999,0.6028571428571431,0.49999999999999994,0.8660254037844387,0.47873384011578846,0.8779600847008882
TGLX092021,104.74,10.28,0.25,2021-03-01,0.14,24.85,0.02485,74.85658697688464,97.31356306995004,2,1.17,1.17,1.17,0.8399999999999999,0.5214285714285716,1.0,6.123233995736766e-17,0.8587639582758029,0.5123714121284237
TGLX092021,104.74,10.28,0.25,2021-03-15,0.8,41.53,0.041530000000000004,74.85658697688464,97.31356306995004,2,1.25,1.25,1.25,1.0,0.5185714285714288,1.0,6.123233995736766e-17,0.9562348265919056,0.29260033563334836
TGLX092021,104.74,10.28,0.25,2021-03-29,0.1,27.45,0.02745,74.85658697688464,97.31356306995004,2,1.23,1.23,1.23,0.6433333333333332,0.24428571428571447,1.0,6.123233995736766e-17,0.9984354211555643,0.055916990100603484
TGLX092021,104.74,10.28,0.25,2021-04-14,0.1,33.4,0.0334,74.85658697688464,97.31356306995004,2,1.01,1.01,1.01,1.04,0.5685714285714288,0.8660254037844387,-0.4999999999999998,0.9760105506323683,-0.21772323039653177
TGLX092021,104.74,10.28,0.25,2021-04-28,0.1,26.75,0.02675,74.85658697688464,97.31356306995004,2,1.1,1.1,1.1,0.5133333333333332,0.10857142857142879,0.8660254037844387,-0.4999999999999998,0.895839290734909,-0.4443781781046132
TGLX092021,104.74,10.28,0.25,2021-05-14,0.1,29.44,0.02944,74.85658697688464,97.31356306995004,2,0.8,0.8,0.8,1.0066666666666666,0.7142857142857145,0.49999999999999994,-0.8660254037844387,0.7412220108485958,-0.6712599575675313
TGLX092021,104.74,10.28,0.97,2021-05-29,0.1,38.19,0.038189999999999995,74.85658697688464,97.31356306995004,2,0.81,0.81,0.81,0.9899999999999999,0.43571428571428594,0.49999999999999994,-0.8660254037844387,0.545240438540651,-0.8382797052177744
TGLX092022,104.74,10.28,0.25,2022-02-17,0.1,55.354128034098146,,74.85658697688464,97.31356306995004,2,1.25,1.25,1.25,0.7666666666666666,0.5800000000000004,0.8660254037844386,0.5000000000000001,0.7354170229639855,0.6776147890466889
TGLX092022,104.74,10.28,0.25,2022-03-04,0.1,55.354128034098146,,74.85658697688464,97.31356306995004,2,1.43,1.43,1.43,0.9833333333333334,0.6271428571428574,1.0,6.123233995736766e-17,0.8840675099433636,0.4673592171580022
TGLX092022,104.74,10.28,0.25,2022-03-19,0.1,55.354128034098146,,74.85658697688464,97.31356306995004,2,1.09,1.09,1.09,0.64,0.3285714285714289,1.0,6.123233995736766e-17,0.9741004551724205,0.22611568550828828
TGLX092022,104.74,10.28,0.25,2022-03-30,0.1,55.354128034098146,,74.85658697688464,97.31356306995004,2,0.30000000000000004,0.30000000000000004,0.30000000000000004,0.05666666666666659,0.07714285714285753,1.0,6.123233995736766e-17,0.9992500112396835,0.03872228089217446
TGLX092022,104.74,10.28,0.25,2022-04-15,0.1,55.354128034098146,,74.85658697688464,97.31356306995004,2,0.35000000000000003,0.35000000000000003,0.35000000000000003,0.12999999999999978,0.16571428571428606,0.8660254037844387,-0.4999999999999998,0.9721181966290613,-0.23449138957040985
TGLX092022,104.74,10.28,0.25,2022-04-26,0.1,55.354128034098146,,74.85658697688464,97.31356306995004,2,0.04,0.04,0.04,-0.04333333333333356,0.38000000000000034,0.8660254037844387,-0.4999999999999998,0.9106046300942162,-0.4132786077829042
TGLX092022,104.74,10.28,0.25,2022-05-16,0.1,55.354128034098146,,74.85658697688464,97.31356306995004,2,1.12,1.12,1.12,0.5066666666666665,0.3400000000000003,0.49999999999999994,-0.8660254037844387,0.717676913675962,-0.6963762255968722
TGLX092022,104.74,10.28,0.25,2022-06-01,0.1,55.354128034098146,,74.85658697688464,97.31356306995004,2,1.21,1.21,1.21,1.1866666666666665,0.7457142857142861,1.2246467991473532e-16,-1.0,0.5012418134457758,-0.865307254363206
TGLX092022,104.74,10.28,0.25,2022-06-17,0.1,55.354128034098146,,74.85658697688464,97.31356306995004,2,1.22,1.22,1.22,1.413333333333333,0.9628571428571432,1.2246467991473532e-16,-1.0,0.24702218048093552,-0.9690098257244062
TGLX102016,104.52,10.37,0.25,2016-03-04,2.4,135.0,0.135,86.33248493022893,112.23223040929761,2,0.725,0.725,0.725,0.7749999999999999,0.7114285714285716,1.0,6.123233995736766e-17,0.8919813464595485,0.45207220393230435
TGLX102016,104.52,10.37,0.25,2016-03-17,1.1,662.21,0.6622100000000001,86.33248493022893,112.23223040929761,2,0.23,0.23,0.23,0.1366666666666667,0.46,1.0,6.123233995736766e-17,0.9700639218515071,0.2428497220959356
TGLX102016,104.52,10.37,0.25,2016-04-02,4.6,514.8,0.5147999999999999,86.33248493022893,112.23223040929761,2,0.26,0.26,0.26,0.3433333333333333,0.41571428571428576,0.8660254037844387,-0.4999999999999998,0.9995462806873573,-0.030120304846908114
TGLX102016,104.52,10.37,0.25,2016-04-16,0.3,115.21,0.11520999999999999,86.33248493022893,112.23223040929761,2,0.18,0.18,0.18,0.0233333333333333,0.3728571428571429,0.8660254037844387,-0.4999999999999998,0.9634705485641488,-0.2678143051621742
TGLX102016,104.52,10.37,0.25,2016-04-29,0.6,168.32,0.16832,86.33248493022893,112.23223040929761,2,-0.08,-0.08,-0.08,0.14333333333333334,0.5171428571428571,0.8660254037844387,-0.4999999999999998,0.8800122039735357,-0.47495107206704995
TGLX102016,104.52,10.37,0.25,2016-05-16,0.9,415.2,0.4152,86.33248493022893,112.23223040929761,2,0.17,0.17,0.17,0.049999999999999996,0.26857142857142857,0.49999999999999994,-0.8660254037844387,0.705583610107178,-0.7086266782644596
TGLX102016,104.52,10.37,0.25,2016-06-01,0.4,52.21,0.05221,86.33248493022893,112.23223040929761,2,-0.09,-0.09,-0.09,0.02999999999999996,0.12,1.2246467991473532e-16,-1.0,0.48627270710868997,-0.8738071036110808
TGLX102016,104.52,10.37,0.25,2016-06-15,0.2,54.85,0.05485,86.33248493022893,112.23223040929761,2,0.1,0.1,0.1,0.02666666666666667,0.17857142857142858,1.2246467991473532e-16,-1.0,0.26366549272800704,-0.9646141756912435
TGLX102017,104.52,10.37,0.25,2017-03-03,0.3,166.0623841022944,,86.33248493022893,112.23223040929761,2,0.86,0.86,0.86,1.0999999999999999,0.9828571428571429,1.0,6.123233995736766e-17,0.8758917051442429,0.48250774176121847
TGLX102017,104.52,10.37,0.25,2017-03-17,0.1,55.354128034098146,,86.33248493022893,112.23223040929761,2,0.41000000000000003,0.41000000000000003,0.41000000000000003,0.8566666666666665,0.9357142857142857,1.0,6.123233995736766e-17,0.9657399376548549,0.2595117970697999
TGLX102017,104.52,10.37,0.25,2017-04-03,0.3,166.0623841022944,,86.33248493022893,112.23223040929761,2,0.25,0.25,0.25,0.7999999999999998,0.9571428571428572,0.8660254037844387,-0.4999999999999998,0.9995462806873573,-0.030120304846908114
TGLX102017,104.52,10.37,0.25,2017-04-17,0.2,110.70825606819629,,86.33248493022893,112.23223040929761,2,0.29,0.29,0.29,0.5133333333333332,0.8400000000000001,0.8660254037844387,-0.4999999999999998,0.9634705485641488,-0.2678143051621742
TGLX102017,104.52,10.37,0.25,2017-05-05,0.3,166.0623841022944,,86.33248493022893,112.23223040929761,2,0.39,0.39,0.39,0.31333333333333324,0.6157142857142858,0.49999999999999994,-0.8660254037844387,0.8359254794186372,-0.548842958284719
TGLX102017,104.52,10.37,0.25,2017-05-18,0.1,55.354128034098146,,86.33248493022893,112.23223040929761,2,0.31,0.31,0.31,0.5299999999999998,0.8342857142857144,0.49999999999999994,-0.8660254037844387,0.6932812268869777,-0.7206671495538609
TGLX102017,104.52,10.37,0.25,2017-06-03,0.1,55.354128034098146,,86.33248493022893,112.23223040929761,2,0.85,0.85,0.85,0.8999999999999998,1.0314285714285716,1.2246467991473532e-16,-1.0,0.4711595076738638,-0.8820480249558537
TGLX102017,104.52,10.37,0.25,2017-06-19,0.0,0.0,0.0,86.33248493022893,112.23223040929761,2,0.99,0.99,0.99,0.8766666666666665,0.8671428571428572,1.2246467991473532e-16,-1.0,0.21352091543979612,-0.9769384927771817
TGLX102019,104.52,10.37,0.25,2019-01-27,0.050330483,27.86,0.02786,86.33248493022893,112.23223040929761,2,0.74,0.74,0.74,1.223333333333333,1.3414285714285714,0.49999999999999994,0.8660254037844387,0.4482293417404106,0.893918596519257
TGLX102019,104.52,10.37,0.25,2019-02-16,0.0477832475,26.45,0.026449999999999998,86.33248493022893,112.23223040929761,2,0.58,0.58,0.58,0.26333333333333303,0.29142857142857154,0.8660254037844386,0.5000000000000001,0.7236440382959124,0.6901733882429719
TGLX102019,104.52,10.37,0.25,2019-02-26,0.0040647375,2.25,0.00225,86.33248493022893,112.23223040929761,2,0.09,0.09,0.09,0.5699999999999997,0.8614285714285715,0.8660254037844386,0.5000000000000001,0.8311706263658079,0.5560174366570446
TGLX102019,104.52,10.37,0.25,2019-03-14,0.1,35.62,0.03562,86.33248493022893,112.23223040929761,2,0.07,0.07,0.07,0.2499999999999997,0.5857142857142857,1.0,6.123233995736766e-17,0.9510565162951535,0.30901699437494745
TGLX102019,104.52,10.37,0.25,2019-03-28,0.1,42.12,0.04212,86.33248493022893,112.23223040929761,2,0.28,0.28,0.28,0.45999999999999974,0.8585714285714288,1.0,6.123233995736766e-17,0.9973249731081555,0.07309512989807777
TGLX102019,104.52,10.37,0.25,2019-04-11,0.2,53.12,0.05312,86.33248493022893,112.23223040929761,2,0.33,0.33,0.33,0.7866666666666665,0.9157142857142858,0.8660254037844387,-0.4999999999999998,0.9859481499638304,-0.16705162550211924
TGLX102019,104.52,10.37,0.25,2019-04-26,0.1,48.47,0.04847,86.33248493022893,112.23223040929761,2,0.23,0.23,0.23,0.4933333333333332,0.8485714285714286,0.8660254037844387,-0.4999999999999998,0.9106046300942162,-0.4132786077829042
TGLX102019,104.52,10.37,0.25,2019-05-12,0.4,4.63,0.00463,86.33248493022893,112.23223040929761,2,0.18,0.18,0.18,0.21666666666666648,0.5771428571428573,0.49999999999999994,-0.8660254037844387,0.7638886127905428,-0.6453481132295501
TGLX102019,104.52,10.37,0.25,2019-05-26,0.7,92.12,0.09212000000000001,86.33248493022893,112.23223040929761,2,0.12,0.12,0.12,0.26666666666666655,0.6814285714285715,0.49999999999999994,-0.8660254037844387,0.5877852522924732,-0.8090169943749473
TGLX102019,104.52,10.37,0.25,2019-06-11,0.3,41.85,0.04185,86.33248493022893,112.23223040929761,2,0.27,0.27,0.27,0.38333333333333325,0.7357142857142859,1.2246467991473532e-16,-1.0,0.3456123126707335,-0.9383773917408641
TGLX102019,104.52,10.37,0.25,2019-06-24,0.2,28.65,0.02865,86.33248493022893,112.23223040929761,2,0.28,0.28,0.28,0.40666666666666657,0.7485714285714286,1.2246467991473532e-16,-1.0,0.12874817745258132,-0.99167731989929
TGLX102019,104.52,10.37,0.25,2019-07-09,0.2,31.5,0.0315,86.33248493022893,112.23223040929761,2,0.38,0.38,0.38,0.5866666666666666,0.7671428571428572,-0.4999999999999997,-0.8660254037844388,-0.12874817745258066,-0.99167731989929
TGLX102020,104.52,10.37,0.97,2020-01-11,23.4,186.0,0.186,86.33248493022893,112.23223040929761,2,1.18,1.18,1.18,0.8099999999999997,0.7571428571428572,0.49999999999999994,0.8660254037844387,0.1882267098432442,0.9821256058680006
TGLX102020,104.52,10.37,0.97,2020-02-13,29.9,24815.0,24.815,86.33248493022893,112.23223040929761,2,1.26,1.26,1.26,1.2999999999999998,0.9242857142857145,0.8660254037844386,0.5000000000000001,0.6870527672236669,0.7266075247685656
TGLX102020,104.52,10.37,0.97,2020-02-27,28.7,1694.0,1.694,86.33248493022893,112.23223040929761,2,1.1,1.1,1.1,1.2433333333333332,0.992857142857143,0.8660254037844386,0.5000000000000001,0.8406184056344782,0.5416278206559814
TGLX102020,104.52,10.37,0.97,2020-03-12,3.8,2915.5,2.9155,86.33248493022893,112.23223040929761,2,1.03,1.03,1.03,0.8599999999999998,0.4400000000000001,1.0,6.123233995736766e-17,0.9455963874271426,0.3253420847119801
TGLX102020,104.52,10.37,0.97,2020-03-27,31.8,2738.25,2.73825,86.33248493022893,112.23223040929761,2,0.73,0.73,0.73,0.8433333333333332,0.46142857142857163,1.0,6.123233995736766e-17,0.9973249731081555,0.07309512989807777
TGLX102020,104.52,10.37,0.97,2020-05-09,27.3,1625.0,1.625,86.33248493022893,112.23223040929761,2,0.85,0.85,0.85,0.7599999999999998,0.34000000000000014,0.49999999999999994,-0.8660254037844387,0.7856498550787147,-0.6186714032625031
TGLX102020,104.52,10.37,0.97,2020-05-23,23.4,1426.0,1.426,86.33248493022893,112.23223040929761,2,0.68,0.68,0.68,0.5699999999999997,0.14714285714285727,0.49999999999999994,-0.8660254037844387,0.6152845999633276,-0.7883050558305255
TGLX102020,104.52,10.37,0.97,2020-06-08,16.2,24637.75,24.63775,86.33248493022893,112.23223040929761,2,0.6900000000000001,0.6900000000000001,0.6900000000000001,0.8399999999999999,0.30000000000000016,1.2246467991473532e-16,-1.0,0.3777079652039649,-0.9259247771938498
TGLX102020,104.52,10.37,0.97,2020-06-25,17.9,1716.0,1.716,86.33248493022893,112.23223040929761,2,0.2,0.2,0.2,0.49666666666666653,0.5571428571428573,1.2246467991473532e-16,-1.0,0.09453674981719912,-0.9955213724144752
TGLX102021,104.52,10.37,0.97,2021-01-29,24.2,17654.0,17.654,86.33248493022893,112.23223040929761,2,1.13,1.13,1.13,0.8099999999999999,0.6028571428571431,0.49999999999999994,0.8660254037844387,0.47873384011578846,0.8779600847008882
TGLX102021,104.52,10.37,0.97,2021-03-01,25.7,181.0,0.181,86.33248493022893,112.23223040929761,2,1.17,1.17,1.17,0.8399999999999999,0.5214285714285716,1.0,6.123233995736766e-17,0.8587639582758029,0.5123714121284237
TGLX102021,104.52,10.37,0.97,2021-03-15,27.7,16413.0,16.413,86.33248493022893,112.23223040929761,2,1.25,1.25,1.25,1.0,0.5185714285714288,1.0,6.123233995736766e-17,0.9562348265919056,0.29260033563334836
TGLX102021,104.52,10.37,0.97,2021-03-29,28.8,18562.0,18.562,86.33248493022893,112.23223040929761,2,1.23,1.23,1.23,0.6433333333333332,0.24428571428571447,1.0,6.123233995736766e-17,0.9984354211555643,0.055916990100603484
TGLX102021,104.52,10.37,0.97,2021-04-14,3.8,19248.0,19.248,86.33248493022893,112.23223040929761,2,1.01,1.01,1.01,1.04,0.5685714285714288,0.8660254037844387,-0.4999999999999998,0.9760105506323683,-0.21772323039653177
TGLX102021,104.52,10.37,0.97,2021-04-28,22.3,15526.0,15.526,86.33248493022893,112.23223040929761,2,1.1,1.1,1.1,0.5133333333333332,0.10857142857142879,0.8660254037844387,-0.4999999999999998,0.895839290734909,-0.4443781781046132
TGLX102021,104.52,10.37,0.97,2021-05-14,25.7,2145.0,2.145,86.33248493022893,112.23223040929761,2,0.8,0.8,0.8,1.0066666666666666,0.7142857142857145,0.49999999999999994,-0.8660254037844387,0.7412220108485958,-0.6712599575675313
TGLX102021,104.52,10.37,0.99,2021-05-29,14.3,1543.0,1.543,86.33248493022893,112.23223040929761,2,0.81,0.81,0.81,0.9899999999999999,0.43571428571428594,0.49999999999999994,-0.8660254037844387,0.545240438540651,-0.8382797052177744
TGLX102022,104.52,10.37,0.97,2022-02-17,2.7,1494.5614569206498,,86.33248493022893,112.23223040929761,2,1.25,1.25,1.25,0.7666666666666666,0.5800000000000004,0.8660254037844386,0.5000000000000001,0.7354170229639855,0.6776147890466889
TGLX102022,104.52,10.37,0.97,2022-03-04,25.4,14059.948520660926,,86.33248493022893,112.23223040929761,2,1.43,1.43,1.43,0.9833333333333334,0.6271428571428574,1.0,6.123233995736766e-17,0.8840675099433636,0.4673592171580022
TGLX102022,104.52,10.37,0.97,2022-03-19,25.9,14336.719160831419,,86.33248493022893,112.23223040929761,2,1.09,1.09,1.09,0.64,0.3285714285714289,1.0,6.123233995736766e-17,0.9741004551724205,0.22611568550828828
TGLX102022,104.52,10.37,0.97,2022-03-30,19.2,10627.992582546842,,86.33248493022893,112.23223040929761,2,0.30000000000000004,0.30000000000000004,0.30000000000000004,0.05666666666666659,0.07714285714285753,1.0,6.123233995736766e-17,0.9992500112396835,0.03872228089217446
TGLX102022,104.52,10.37,0.97,2022-04-15,15.8,8745.952229387507,,86.33248493022893,112.23223040929761,2,0.35000000000000003,0.35000000000000003,0.35000000000000003,0.12999999999999978,0.16571428571428606,0.8660254037844387,-0.4999999999999998,0.9721181966290613,-0.23449138957040985
TGLX102022,104.52,10.37,0.97,2022-04-26,14.9,8247.765077080623,,86.33248493022893,112.23223040929761,2,0.04,0.04,0.04,-0.04333333333333356,0.38000000000000034,0.8660254037844387,-0.4999999999999998,0.9106046300942162,-0.4132786077829042
TGLX102022,104.52,10.37,0.97,2022-05-16,4.5,2490.935761534416,,86.33248493022893,112.23223040929761,2,1.12,1.12,1.12,0.5066666666666665,0.3400000000000003,0.49999999999999994,-0.8660254037844387,0.717676913675962,-0.6963762255968722
TGLX102022,104.52,10.37,0.97,2022-06-01,8.1,4483.684370761949,,86.33248493022893,112.23223040929761,2,1.21,1.21,1.21,1.1866666666666665,0.7457142857142861,1.2246467991473532e-16,-1.0,0.5012418134457758,-0.865307254363206
TGLX102022,104.52,10.37,0.97,2022-06-17,2.6,1439.2073288865517,,86.33248493022893,112.23223040929761,2,1.22,1.22,1.22,1.413333333333333,0.9628571428571432,1.2246467991473532e-16,-1.0,0.24702218048093552,-0.9690098257244062
TGLX112016,105.11,10.44,0.97,2016-03-04,28.7,1715.0,1.715,40.22964948936957,52.29854433618044,1,0.52,0.52,0.52,0.7716666666666665,0.6635714285714287,1.0,6.123233995736766e-17,0.8919813464595485,0.45207220393230435
TGLX112016,105.11,10.44,0.97,2016-03-17,3.6,21352.0,21.352,40.22964948936957,52.29854433618044,1,0.38,0.38,0.38,0.13,0.3642857142857143,1.0,6.123233995736766e-17,0.9700639218515071,0.2428497220959356
TGLX112016,105.11,10.44,0.97,2016-04-02,28.0,1786.9,1.7869000000000002,40.22964948936957,52.29854433618044,1,0.35000000000000003,0.35000000000000003,0.35000000000000003,0.2866666666666666,0.38,0.8660254037844387,-0.4999999999999998,0.9995462806873573,-0.030120304846908114
TGLX112016,105.11,10.44,0.97,2016-04-16,27.1,16444.5,16.4445,40.22964948936957,52.29854433618044,1,0.27,0.27,0.27,0.09333333333333331,0.26857142857142857,0.8660254037844387,-0.4999999999999998,0.9634705485641488,-0.2678143051621742
TGLX112016,105.11,10.44,0.97,2016-04-29,23.4,1245.4,1.2454,40.22964948936957,52.29854433618044,1,-0.06,-0.06,-0.06,-0.023333333333333334,0.3742857142857143,0.8660254037844387,-0.4999999999999998,0.8800122039735357,-0.47495107206704995
TGLX112016,105.11,10.44,0.97,2016-05-16,11.4,7584.2,7.5842,40.22964948936957,52.29854433618044,1,0.30000000000000004,0.30000000000000004,0.30000000000000004,0.11333333333333333,0.16428571428571428,0.49999999999999994,-0.8660254037844387,0.705583610107178,-0.7086266782644596
TGLX112016,105.11,10.44,0.97,2016-06-01,3.3,1254.0,1.254,40.22964948936957,52.29854433618044,1,0.44,0.44,0.44,0.0033333333333332993,0.07142857142857142,1.2246467991473532e-16,-1.0,0.48627270710868997,-0.8738071036110808
TGLX112016,105.11,10.44,0.97,2016-06-15,13.3,7957.0,7.957,40.22964948936957,52.29854433618044,1,0.24,0.24,0.24,0.06666666666666667,0.09,1.2246467991473532e-16,-1.0,0.26366549272800704,-0.9646141756912435
TGLX112017,105.11,10.44,0.97,2017-03-03,26.0,14392.073288865517,,40.22964948936957,52.29854433618044,1,0.52,0.52,0.52,1.0099999999999998,1.0,1.0,6.123233995736766e-17,0.8758917051442429,0.48250774176121847
TGLX112017,105.11,10.44,0.97,2017-03-17,25.5,14115.302648695026,,40.22964948936957,52.29854433618044,1,0.25,0.25,0.25,0.6466666666666665,0.87,1.0,6.123233995736766e-17,0.9657399376548549,0.2595117970697999
TGLX112017,105.11,10.44,0.97,2017-04-03,23.6,13063.574216047162,,40.22964948936957,52.29854433618044,1,0.37,0.37,0.37,0.5266666666666665,0.8700000000000001,0.8660254037844387,-0.4999999999999998,0.9995462806873573,-0.030120304846908114
TGLX112017,105.11,10.44,0.97,2017-04-17,14.9,8247.765077080623,,40.22964948936957,52.29854433618044,1,0.29,0.29,0.29,0.3466666666666665,0.722857142857143,0.8660254037844387,-0.4999999999999998,0.9634705485641488,-0.2678143051621742
TGLX112017,105.11,10.44,0.97,2017-05-05,22.2,12288.616423569787,,40.22964948936957,52.29854433618044,1,0.45,0.45,0.45,0.34999999999999987,0.5185714285714286,0.49999999999999994,-0.8660254037844387,0.8359254794186372,-0.548842958284719
TGLX112017,105.11,10.44,0.97,2017-05-18,13.0,7196.036644432758,,40.22964948936957,52.29854433618044,1,0.26,0.26,0.26,0.39333333333333315,0.7157142857142856,0.49999999999999994,-0.8660254037844387,0.6932812268869777,-0.7206671495538609
TGLX112017,105.11,10.44,0.97,2017-06-03,8.1,4483.684370761949,,40.22964948936957,52.29854433618044,1,0.79,0.79,0.79,0.9199999999999998,0.9628571428571429,1.2246467991473532e-16,-1.0,0.4711595076738638,-0.8820480249558537
TGLX112017,105.11,10.44,0.97,2017-06-19,11.5,6365.724723921286,,40.22964948936957,52.29854433618044,1,1.04,1.04,1.04,0.9333333333333331,0.8614285714285714,1.2246467991473532e-16,-1.0,0.21352091543979612,-0.9769384927771817
TGLX112019,105.11,10.44,0.97,2019-01-27,16.8,4972.5,4.9725,40.22964948936957,52.29854433618044,1,0.62,0.62,0.62,0.9899999999999997,1.2614285714285713,0.49999999999999994,0.8660254037844387,0.4482293417404106,0.893918596519257
TGLX112019,105.11,10.44,0.97,2019-02-16,21.2,1452.0,1.452,40.22964948936957,52.29854433618044,1,0.62,0.62,0.62,0.41999999999999965,0.28000000000000014,0.8660254037844386,0.5000000000000001,0.7236440382959124,0.6901733882429719
TGLX112019,105.11,10.44,0.97,2019-02-26,21.5,1456.0,1.456,40.22964948936957,52.29854433618044,1,0.14,0.14,0.14,0.313333333333333,0.7285714285714288,0.8660254037844386,0.5000000000000001,0.8311706263658079,0.5560174366570446
TGLX112019,105.11,10.44,0.97,2019-03-14,23.8,1532.0,1.532,40.22964948936957,52.29854433618044,1,0.15,0.15,0.15,0.14666666666666636,0.4571428571428573,1.0,6.123233995736766e-17,0.9510565162951535,0.30901699437494745
TGLX112019,105.11,10.44,0.97,2019-03-28,25.4,165.0,0.165,40.22964948936957,52.29854433618044,1,0.42,0.42,0.42,0.3099999999999998,0.7257142857142858,1.0,6.123233995736766e-17,0.9973249731081555,0.07309512989807777
TGLX112019,105.11,10.44,0.97,2019-04-11,27.3,1686.0,1.686,40.22964948936957,52.29854433618044,1,-0.03,-0.03,-0.03,0.5666666666666665,0.8257142857142858,0.8660254037844387,-0.4999999999999998,0.9859481499638304,-0.16705162550211924
TGLX112019,105.11,10.44,0.97,2019-04-26,26.5,17.0,0.017,40.22964948936957,52.29854433618044,1,0.25,0.25,0.25,0.29333333333333317,0.7314285714285715,0.8660254037844387,-0.4999999999999998,0.9106046300942162,-0.4132786077829042
TGLX112019,105.11,10.44,0.97,2019-05-12,26.4,1685.0,1.685,40.22964948936957,52.29854433618044,1,0.29,0.29,0.29,0.09333333333333316,0.46714285714285725,0.49999999999999994,-0.8660254037844387,0.7638886127905428,-0.6453481132295501
TGLX112019,105.11,10.44,0.97,2019-05-26,28.0,1653.0,1.653,40.22964948936957,52.29854433618044,1,0.17,0.17,0.17,0.14999999999999986,0.5285714285714287,0.49999999999999994,-0.8660254037844387,0.5877852522924732,-0.8090169943749473
TGLX112019,105.11,10.44,0.97,2019-06-11,26.5,1621.0,1.621,40.22964948936957,52.29854433618044,1,0.4,0.4,0.4,0.2833333333333332,0.6200000000000001,1.2246467991473532e-16,-1.0,0.3456123126707335,-0.9383773917408641
TGLX112019,105.11,10.44,0.97,2019-06-24,26.0,15964.0,15.964,40.22964948936957,52.29854433618044,1,0.31,0.31,0.31,0.3066666666666666,0.6285714285714288,1.2246467991473532e-16,-1.0,0.12874817745258132,-0.99167731989929
TGLX112019,105.11,10.44,0.97,2019-07-09,21.6,132.0,0.132,40.22964948936957,52.29854433618044,1,0.43,0.43,0.43,0.4499999999999999,0.6942857142857145,-0.4999999999999997,-0.8660254037844388,-0.12874817745258066,-0.99167731989929
TGLX112020,105.11,10.44,0.99,2020-01-11,0.0058712875,3.25,0.00325,40.22964948936957,52.29854433618044,1,1.32,1.32,1.32,0.973333333333333,0.8257142857142858,0.49999999999999994,0.8660254037844387,0.1882267098432442,0.9821256058680006
TGLX112020,105.11,10.44,0.99,2020-02-13,0.048668457000000005,26.94,0.026940000000000002,40.22964948936957,52.29854433618044,1,0.93,0.93,0.93,1.333333333333333,1.06,0.8660254037844386,0.5000000000000001,0.6870527672236669,0.7266075247685656
TGLX112020,105.11,10.44,0.99,2020-02-27,0.1,53.6,0.0536,40.22964948936957,52.29854433618044,1,0.81,0.81,0.81,1.1899999999999997,1.0885714285714287,0.8660254037844386,0.5000000000000001,0.8406184056344782,0.5416278206559814
TGLX112020,105.11,10.44,0.99,2020-03-12,0.1,26.942,0.026942,40.22964948936957,52.29854433618044,1,0.9,0.9,0.9,0.9999999999999999,0.5900000000000001,1.0,6.123233995736766e-17,0.9455963874271426,0.3253420847119801
TGLX112020,105.11,10.44,0.99,2020-03-27,0.1,32.614,0.032614,40.22964948936957,52.29854433618044,1,0.53,0.53,0.53,0.7999999999999998,0.5514285714285716,1.0,6.123233995736766e-17,0.9973249731081555,0.07309512989807777
TGLX112020,105.11,10.44,0.99,2020-05-09,0.32,27.793,0.027792999999999998,40.22964948936957,52.29854433618044,1,0.7000000000000001,0.7000000000000001,0.7000000000000001,0.9066666666666664,0.4657142857142858,0.49999999999999994,-0.8660254037844387,0.7856498550787147,-0.6186714032625031
TGLX112020,105.11,10.44,0.99,2020-05-23,0.2,71.69,0.07169,40.22964948936957,52.29854433618044,1,0.62,0.62,0.62,0.6833333333333331,0.2842857142857144,0.49999999999999994,-0.8660254037844387,0.6152845999633276,-0.7883050558305255
TGLX112020,105.11,10.44,0.99,2020-06-08,0.1,55.32,0.05532,40.22964948936957,52.29854433618044,1,0.36,0.36,0.36,0.8199999999999998,0.44857142857142873,1.2246467991473532e-16,-1.0,0.3777079652039649,-0.9259247771938498
TGLX112020,105.11,10.44,0.99,2020-06-25,0.1,52.466,0.052466,40.22964948936957,52.29854433618044,1,-0.15,-0.15,-0.15,0.31333333333333313,0.5557142857142858,1.2246467991473532e-16,-1.0,0.09453674981719912,-0.9955213724144752
TGLX112021,105.11,10.44,0.99,2021-01-29,0.14,17.94,0.01794,40.22964948936957,52.29854433618044,1,1.32,1.32,1.32,0.9366666666666665,0.7028571428571431,0.49999999999999994,0.8660254037844387,0.47873384011578846,0.8779600847008882
TGLX112021,105.11,10.44,0.99,2021-03-01,0.12,21.95,0.02195,40.22964948936957,52.29854433618044,1,1.16,1.16,1.16,1.0266666666666666,0.6585714285714287,1.0,6.123233995736766e-17,0.8587639582758029,0.5123714121284237
TGLX112021,105.11,10.44,0.99,2021-03-15,0.1,34.55,0.03455,40.22964948936957,52.29854433618044,1,1.16,1.16,1.16,1.17,0.7014285714285717,1.0,6.123233995736766e-17,0.9562348265919056,0.29260033563334836
TGLX112021,105.11,10.44,0.99,2021-03-29,0.025905927000000002,14.34,0.01434,40.22964948936957,52.29854433618044,1,1.18,1.18,1.18,0.9099999999999998,0.4485714285714288,1.0,6.123233995736766e-17,0.9984354211555643,0.055916990100603484
TGLX112021,105.11,10.44,0.99,2021-04-14,0.0480361645,26.59,0.02659,40.22964948936957,52.29854433618044,1,0.86,0.86,0.86,1.0633333333333335,0.7285714285714288,0.8660254037844387,-0.4999999999999998,0.9760105506323683,-0.21772323039653177
TGLX112021,105.11,10.44,0.99,2021-04-28,0.1,25.63,0.02563,40.22964948936957,52.29854433618044,1,1.05,1.05,1.05,0.8233333333333333,0.3028571428571431,0.8660254037844387,-0.4999999999999998,0.895839290734909,-0.4443781781046132
TGLX112021,105.11,10.44,0.99,2021-05-14,0.1,17.52,0.01752,40.22964948936957,52.29854433618044,1,0.5700000000000001,0.5700000000000001,0.5700000000000001,0.9233333333333332,0.8100000000000003,0.49999999999999994,-0.8660254037844387,0.7412220108485958,-0.6712599575675313
TGLX112021,105.11,10.44,0.8,2021-05-29,0.1,31.5,0.0315,40.22964948936957,52.29854433618044,1,0.55,0.55,0.55,0.96,0.5828571428571431,0.49999999999999994,-0.8660254037844387,0.545240438540651,-0.8382797052177744
TGLX112022,105.26,10.26,0.99,2022-02-17,0.0,0.0,0.0,60.11292910575733,78.14680783748453,2,1.25,1.25,1.25,0.7666666666666666,0.5800000000000004,0.8660254037844386,0.5000000000000001,0.7354170229639855,0.6776147890466889
TGLX112022,105.26,10.26,0.99,2022-03-04,0.0,0.0,0.0,60.11292910575733,78.14680783748453,2,1.43,1.43,1.43,0.9833333333333334,0.6271428571428574,1.0,6.123233995736766e-17,0.8840675099433636,0.4673592171580022
TGLX112022,105.26,10.26,0.99,2022-03-19,0.1,55.354128034098146,,60.11292910575733,78.14680783748453,2,1.09,1.09,1.09,0.64,0.3285714285714289,1.0,6.123233995736766e-17,0.9741004551724205,0.22611568550828828
TGLX112022,105.26,10.26,0.99,2022-03-30,0.1,55.354128034098146,,60.11292910575733,78.14680783748453,2,0.30000000000000004,0.30000000000000004,0.30000000000000004,0.05666666666666659,0.07714285714285753,1.0,6.123233995736766e-17,0.9992500112396835,0.03872228089217446
TGLX112022,105.26,10.26,0.99,2022-04-15,0.1,55.354128034098146,,60.11292910575733,78.14680783748453,2,0.35000000000000003,0.35000000000000003,0.35000000000000003,0.12999999999999978,0.16571428571428606,0.8660254037844387,-0.4999999999999998,0.9721181966290613,-0.23449138957040985
TGLX112022,105.26,10.26,0.99,2022-04-26,0.1,55.354128034098146,,60.11292910575733,78.14680783748453,2,0.04,0.04,0.04,-0.04333333333333356,0.38000000000000034,0.8660254037844387,-0.4999999999999998,0.9106046300942162,-0.4132786077829042
TGLX112022,105.26,10.26,0.99,2022-05-16,0.0,0.0,0.0,60.11292910575733,78.14680783748453,2,1.12,1.12,1.12,0.5066666666666665,0.3400000000000003,0.49999999999999994,-0.8660254037844387,0.717676913675962,-0.6963762255968722
TGLX112022,105.26,10.26,0.99,2022-06-01,0.1,55.354128034098146,,60.11292910575733,78.14680783748453,2,1.21,1.21,1.21,1.1866666666666665,0.7457142857142861,1.2246467991473532e-16,-1.0,0.5012418134457758,-0.865307254363206
TGLX112022,105.26,10.26,0.99,2022-06-17,0.0,0.0,0.0,60.11292910575733,78.14680783748453,2,1.22,1.22,1.22,1.413333333333333,0.9628571428571432,1.2246467991473532e-16,-1.0,0.24702218048093552,-0.9690098257244062
TGLX122017,105.11,10.44,0.97,2017-03-03,0.0,0.0,0.0,40.22964948936957,52.29854433618044,1,0.52,0.52,0.52,1.0099999999999998,1.0,1.0,6.123233995736766e-17,0.8758917051442429,0.48250774176121847
TGLX122017,105.11,10.44,0.97,2017-03-17,0.0,0.0,0.0,40.22964948936957,52.29854433618044,1,0.25,0.25,0.25,0.6466666666666665,0.87,1.0,6.123233995736766e-17,0.9657399376548549,0.2595117970697999
TGLX122017,105.11,10.44,0.97,2017-04-03,0.0,0.0,0.0,40.22964948936957,52.29854433618044,1,0.37,0.37,0.37,0.5266666666666665,0.8700000000000001,0.8660254037844387,-0.4999999999999998,0.9995462806873573,-0.030120304846908114
TGLX122017,105.11,10.44,0.97,2017-04-17,0.0,0.0,0.0,40.22964948936957,52.29854433618044,1,0.29,0.29,0.29,0.3466666666666665,0.722857142857143,0.8660254037844387,-0.4999999999999998,0.9634705485641488,-0.2678143051621742
TGLX122017,105.11,10.44,0.97,2017-05-05,0.0,0.0,0.0,40.22964948936957,52.29854433618044,1,0.45,0.45,0.45,0.34999999999999987,0.5185714285714286,0.49999999999999994,-0.8660254037844387,0.8359254794186372,-0.548842958284719
TGLX122017,105.11,10.44,0.97,2017-05-18,0.0,0.0,0.0,40.22964948936957,52.29854433618044,1,0.26,0.26,0.26,0.39333333333333315,0.7157142857142856,0.49999999999999994,-0.8660254037844387,0.6932812268869777,-0.7206671495538609
TGLX122017,105.11,10.44,0.97,2017-06-03,0.0,0.0,0.0,40.22964948936957,52.29854433618044,1,0.79,0.79,0.79,0.9199999999999998,0.9628571428571429,1.2246467991473532e-16,-1.0,0.4711595076738638,-0.8820480249558537
TGLX122017,105.11,10.44,0.97,2017-06-19,0.0,0.0,0.0,40.22964948936957,52.29854433618044,1,1.04,1.04,1.04,0.9333333333333331,0.8614285714285714,1.2246467991473532e-16,-1.0,0.21352091543979612,-0.9769384927771817
TGLX122019,105.11,10.44,0.97,2019-01-27,0.005148667500000001,2.85,0.00285,40.22964948936957,52.29854433618044,1,0.62,0.62,0.62,0.9899999999999997,1.2614285714285713,0.49999999999999994,0.8660254037844387,0.4482293417404106,0.893918596519257
TGLX122019,105.11,10.44,0.97,2019-02-16,0.05130602,28.4,0.028399999999999998,40.22964948936957,52.29854433618044,1,0.62,0.62,0.62,0.41999999999999965,0.28000000000000014,0.8660254037844386,0.5000000000000001,0.7236440382959124,0.6901733882429719
TGLX122019,105.11,10.44,0.97,2019-02-26,0.1,46.26,0.046259999999999996,40.22964948936957,52.29854433618044,1,0.14,0.14,0.14,0.313333333333333,0.7285714285714288,0.8660254037844386,0.5000000000000001,0.8311706263658079,0.5560174366570446
TGLX122019,105.11,10.44,0.97,2019-03-14,0.2,56.84,0.05684,40.22964948936957,52.29854433618044,1,0.15,0.15,0.15,0.14666666666666636,0.4571428571428573,1.0,6.123233995736766e-17,0.9510565162951535,0.30901699437494745
TGLX122019,105.11,10.44,0.97,2019-03-28,0.1,4.12,0.00412,40.22964948936957,52.29854433618044,1,0.42,0.42,0.42,0.3099999999999998,0.7257142857142858,1.0,6.123233995736766e-17,0.9973249731081555,0.07309512989807777
TGLX122019,105.11,10.44,0.97,2019-04-11,0.1,42.12,0.04212,40.22964948936957,52.29854433618044,1,-0.03,-0.03,-0.03,0.5666666666666665,0.8257142857142858,0.8660254037844387,-0.4999999999999998,0.9859481499638304,-0.16705162550211924
TGLX122019,105.11,10.44,0.97,2019-04-26,0.0680888695,37.69,0.037689999999999994,40.22964948936957,52.29854433618044,1,0.25,0.25,0.25,0.29333333333333317,0.7314285714285715,0.8660254037844387,-0.4999999999999998,0.9106046300942162,-0.4132786077829042
TGLX122019,105.11,10.44,0.97,2019-05-12,0.051486675,28.5,0.0285,40.22964948936957,52.29854433618044,1,0.29,0.29,0.29,0.09333333333333316,0.46714285714285725,0.49999999999999994,-0.8660254037844387,0.7638886127905428,-0.6453481132295501
TGLX122019,105.11,10.44,0.97,2019-05-26,0.027676346,15.32,0.01532,40.22964948936957,52.29854433618044,1,0.17,0.17,0.17,0.14999999999999986,0.5285714285714287,0.49999999999999994,-0.8660254037844387,0.5877852522924732,-0.8090169943749473
TGLX122019,105.11,10.44,0.97,2019-06-11,0.027513756500000004,15.23,0.01523,40.22964948936957,52.29854433618044,1,0.4,0.4,0.4,0.2833333333333332,0.6200000000000001,1.2246467991473532e-16,-1.0,0.3456123126707335,-0.9383773917408641
TGLX122019,105.11,10.44,0.97,2019-06-24,0.0022220565,1.23,0.00123,40.22964948936957,52.29854433618044,1,0.31,0.31,0.31,0.3066666666666666,0.6285714285714288,1.2246467991473532e-16,-1.0,0.12874817745258132,-0.99167731989929
TGLX122019,105.11,10.44,0.97,2019-07-09,0.027477625500000005,15.21,0.015210000000000001,40.22964948936957,52.29854433618044,1,0.43,0.43,0.43,0.4499999999999999,0.6942857142857145,-0.4999999999999997,-0.8660254037844388,-0.12874817745258066,-0.99167731989929
TGLX122020,104.86,10.36,1.24,2020-01-11,0.007442986000000001,4.12,0.00412,59.75559587542813,77.68227463805657,2,1.18,1.18,1.18,0.8099999999999997,0.7571428571428572,0.49999999999999994,0.8660254037844387,0.1882267098432442,0.9821256058680006
TGLX122020,104.86,10.36,1.24,2020-02-13,0.05396164850000001,29.87,0.02987,59.75559587542813,77.68227463805657,2,1.26,1.26,1.26,1.2999999999999998,0.9242857142857145,0.8660254037844386,0.5000000000000001,0.6870527672236669,0.7266075247685656
TGLX122020,104.86,10.36,1.24,2020-02-27,0.1,42.3,0.0423,59.75559587542813,77.68227463805657,2,1.1,1.1,1.1,1.2433333333333332,0.992857142857143,0.8660254037844386,0.5000000000000001,0.8406184056344782,0.5416278206559814
TGLX122020,104.86,10.36,1.24,2020-03-12,0.1,35.45,0.03545,59.75559587542813,77.68227463805657,2,1.03,1.03,1.03,0.8599999999999998,0.4400000000000001,1.0,6.123233995736766e-17,0.9455963874271426,0.3253420847119801
TGLX122020,104.86,10.36,1.24,2020-03-27,0.1,38.286,0.038286,59.75559587542813,77.68227463805657,2,0.73,0.73,0.73,0.8433333333333332,0.46142857142857163,1.0,6.123233995736766e-17,0.9973249731081555,0.07309512989807777
TGLX122020,104.86,10.36,1.24,2020-05-09,0.19,4.271,0.004271,59.75559587542813,77.68227463805657,2,0.85,0.85,0.85,0.7599999999999998,0.34000000000000014,0.49999999999999994,-0.8660254037844387,0.7856498550787147,-0.6186714032625031
TGLX122020,104.86,10.36,1.24,2020-05-23,0.2,67.355,0.067355,59.75559587542813,77.68227463805657,2,0.68,0.68,0.68,0.5699999999999997,0.14714285714285727,0.49999999999999994,-0.8660254037844387,0.6152845999633276,-0.7883050558305255
TGLX122020,104.86,10.36,1.24,2020-06-08,0.1,52.466,0.052466,59.75559587542813,77.68227463805657,2,0.6900000000000001,0.6900000000000001,0.6900000000000001,0.8399999999999999,0.30000000000000016,1.2246467991473532e-16,-1.0,0.3777079652039649,-0.9259247771938498
TGLX122020,104.86,10.36,1.94,2020-06-25,0.1,5.4,0.0054,59.75559587542813,77.68227463805657,2,0.2,0.2,0.2,0.49666666666666653,0.5571428571428573,1.2246467991473532e-16,-1.0,0.09453674981719912,-0.9955213724144752
TGLX122021,104.86,10.36,0.68,2021-01-29,0.11,15.89,0.01589,59.75559587542813,77.68227463805657,2,1.13,1.13,1.13,0.8099999999999999,0.6028571428571431,0.49999999999999994,0.8660254037844387,0.47873384011578846,0.8779600847008882
TGLX122021,104.86,10.36,0.38,2021-03-01,0.12,3.42,0.00342,59.75559587542813,77.68227463805657,2,1.17,1.17,1.17,0.8399999999999999,0.5214285714285716,1.0,6.123233995736766e-17,0.8587639582758029,0.5123714121284237
TGLX122021,104.86,10.36,0.36,2021-03-15,0.8,51.66,0.05166,59.75559587542813,77.68227463805657,2,1.25,1.25,1.25,1.0,0.5185714285714288,1.0,6.123233995736766e-17,0.9562348265919056,0.29260033563334836
TGLX122021,104.86,10.36,0.63,2021-03-29,0.043646248000000006,24.16,0.02416,59.75559587542813,77.68227463805657,2,1.23,1.23,1.23,0.6433333333333332,0.24428571428571447,1.0,6.123233995736766e-17,0.9984354211555643,0.055916990100603484
TGLX122021,104.86,10.36,0.91,2021-04-14,0.1,3.75,0.00375,59.75559587542813,77.68227463805657,2,1.01,1.01,1.01,1.04,0.5685714285714288,0.8660254037844387,-0.4999999999999998,0.9760105506323683,-0.21772323039653177
TGLX122021,104.86,10.36,0.91,2021-04-28,0.1,3.48,0.00348,59.75559587542813,77.68227463805657,2,1.1,1.1,1.1,0.5133333333333332,0.10857142857142879,0.8660254037844387,-0.4999999999999998,0.895839290734909,-0.4443781781046132
TGLX122021,104.86,10.36,0.91,2021-05-14,0.1,22.37,0.02237,59.75559587542813,77.68227463805657,2,0.8,0.8,0.8,1.0066666666666666,0.7142857142857145,0.49999999999999994,-0.8660254037844387,0.7412220108485958,-0.6712599575675313
TGLX122021,104.86,10.36,0.91,2021-05-29,0.0293925685,16.27,0.01627,59.75559587542813,77.68227463805657,2,0.81,0.81,0.81,0.9899999999999999,0.43571428571428594,0.49999999999999994,-0.8660254037844387,0.545240438540651,-0.8382797052177744
TGLX122022,104.86,10.36,1.42,2022-02-17,0.0,0.0,0.0,59.75559587542813,77.68227463805657,2,1.25,1.25,1.25,0.7666666666666666,0.5800000000000004,0.8660254037844386,0.5000000000000001,0.7354170229639855,0.6776147890466889
TGLX122022,104.86,10.36,1.42,2022-03-04,0.1,55.354128034098146,,59.75559587542813,77.68227463805657,2,1.43,1.43,1.43,0.9833333333333334,0.6271428571428574,1.0,6.123233995736766e-17,0.8840675099433636,0.4673592171580022
TGLX122022,104.86,10.36,1.42,2022-03-19,0.1,55.354128034098146,,59.75559587542813,77.68227463805657,2,1.09,1.09,1.09,0.64,0.3285714285714289,1.0,6.123233995736766e-17,0.9741004551724205,0.22611568550828828
TGLX122022,104.86,10.36,1.42,2022-03-30,0.1,55.354128034098146,,59.75559587542813,77.68227463805657,2,0.30000000000000004,0.30000000000000004,0.30000000000000004,0.05666666666666659,0.07714285714285753,1.0,6.123233995736766e-17,0.9992500112396835,0.03872228089217446
TGLX122022,104.86,10.36,1.42,2022-04-15,0.1,55.354128034098146,,59.75559587542813,77.68227463805657,2,0.35000000000000003,0.35000000000000003,0.35000000000000003,0.12999999999999978,0.16571428571428606,0.8660254037844387,-0.4999999999999998,0.9721181966290613,-0.23449138957040985
TGLX122022,104.86,10.36,1.42,2022-04-26,0.0,0.0,0.0,59.75559587542813,77.68227463805657,2,0.04,0.04,0.04,-0.04333333333333356,0.38000000000000034,0.8660254037844387,-0.4999999999999998,0.9106046300942162,-0.4132786077829042
TGLX122022,104.86,10.36,1.42,2022-05-16,0.1,55.354128034098146,,59.75559587542813,77.68227463805657,2,1.12,1.12,1.12,0.5066666666666665,0.3400000000000003,0.49999999999999994,-0.8660254037844387,0.717676913675962,-0.6963762255968722
TGLX122022,104.86,10.36,1.42,2022-06-01,0.1,55.354128034098146,,59.75559587542813,77.68227463805657,2,1.21,1.21,1.21,1.1866666666666665,0.7457142857142861,1.2246467991473532e-16,-1.0,0.5012418134457758,-0.865307254363206
TGLX122022,104.86,10.36,1.42,2022-06-17,0.0,0.0,0.0,59.75559587542813,77.68227463805657,2,1.22,1.22,1.22,1.413333333333333,0.9628571428571432,1.2246467991473532e-16,-1.0,0.24702218048093552,-0.9690098257244062
TGLX132017,105.02,10.32,1.29,2017-03-03,0.0,0.0,0.0,55.6725429705588,72.37430586172644,1,0.52,0.52,0.52,1.0099999999999998,1.0,1.0,6.123233995736766e-17,0.8758917051442429,0.48250774176121847
TGLX132017,105.02,10.32,1.29,2017-03-17,0.0,0.0,0.0,55.6725429705588,72.37430586172644,1,0.25,0.25,0.25,0.6466666666666665,0.87,1.0,6.123233995736766e-17,0.9657399376548549,0.2595117970697999
TGLX132017,105.02,10.32,1.29,2017-04-03,0.1,55.354128034098146,,55.6725429705588,72.37430586172644,1,0.37,0.37,0.37,0.5266666666666665,0.8700000000000001,0.8660254037844387,-0.4999999999999998,0.9995462806873573,-0.030120304846908114
TGLX132017,105.02,10.32,1.29,2017-04-17,0.0,0.0,0.0,55.6725429705588,72.37430586172644,1,0.29,0.29,0.29,0.3466666666666665,0.722857142857143,0.8660254037844387,-0.4999999999999998,0.9634705485641488,-0.2678143051621742
TGLX132017,105.02,10.32,1.29,2017-05-05,0.1,55.354128034098146,,55.6725429705588,72.37430586172644,1,0.45,0.45,0.45,0.34999999999999987,0.5185714285714286,0.49999999999999994,-0.8660254037844387,0.8359254794186372,-0.548842958284719
TGLX132017,105.02,10.32,1.29,2017-05-18,0.2,110.70825606819629,,55.6725429705588,72.37430586172644,1,0.26,0.26,0.26,0.39333333333333315,0.7157142857142856,0.49999999999999994,-0.8660254037844387,0.6932812268869777,-0.7206671495538609
TGLX132017,105.02,10.32,1.29,2017-06-03,0.1,55.354128034098146,,55.6725429705588,72.37430586172644,1,0.79,0.79,0.79,0.9199999999999998,0.9628571428571429,1.2246467991473532e-16,-1.0,0.4711595076738638,-0.8820480249558537
TGLX132017,105.02,10.32,1.29,2017-06-19,0.0,0.0,0.0,55.6725429705588,72.37430586172644,1,1.04,1.04,1.04,0.9333333333333331,0.8614285714285714,1.2246467991473532e-16,-1.0,0.21352091543979612,-0.9769384927771817
TGLX132019,105.02,10.32,1.29,2019-01-27,0.0429416935,23.77,0.02377,55.6725429705588,72.37430586172644,1,0.62,0.62,0.62,0.9899999999999997,1.2614285714285713,0.49999999999999994,0.8660254037844387,0.4482293417404106,0.893918596519257
TGLX132019,105.02,10.32,1.29,2019-02-16,0.005148667500000001,2.85,0.00285,55.6725429705588,72.37430586172644,1,0.62,0.62,0.62,0.41999999999999965,0.28000000000000014,0.8660254037844386,0.5000000000000001,0.7236440382959124,0.6901733882429719
TGLX132019,105.02,10.32,1.29,2019-02-26,0.028651883,15.86,0.01586,55.6725429705588,72.37430586172644,1,0.14,0.14,0.14,0.313333333333333,0.7285714285714288,0.8660254037844386,0.5000000000000001,0.8311706263658079,0.5560174366570446
TGLX132019,105.02,10.32,1.29,2019-03-14,0.0256710755,14.21,0.01421,55.6725429705588,72.37430586172644,1,0.15,0.15,0.15,0.14666666666666636,0.4571428571428573,1.0,6.123233995736766e-17,0.9510565162951535,0.30901699437494745
TGLX132019,105.02,10.32,1.29,2019-03-28,0.0045344404999999996,2.51,0.0025099999999999996,55.6725429705588,72.37430586172644,1,0.42,0.42,0.42,0.3099999999999998,0.7257142857142858,1.0,6.123233995736766e-17,0.9973249731081555,0.07309512989807777
TGLX132019,105.02,10.32,1.29,2019-04-11,0.045543125500000003,25.21,0.02521,55.6725429705588,72.37430586172644,1,-0.03,-0.03,-0.03,0.5666666666666665,0.8257142857142858,0.8660254037844387,-0.4999999999999998,0.9859481499638304,-0.16705162550211924
TGLX132019,105.02,10.32,1.29,2019-04-26,0.1,15.85,0.01585,55.6725429705588,72.37430586172644,1,0.25,0.25,0.25,0.29333333333333317,0.7314285714285715,0.8660254037844387,-0.4999999999999998,0.9106046300942162,-0.4132786077829042
TGLX132019,105.02,10.32,1.29,2019-05-12,0.1,34.21,0.034210000000000004,55.6725429705588,72.37430586172644,1,0.29,0.29,0.29,0.09333333333333316,0.46714285714285725,0.49999999999999994,-0.8660254037844387,0.7638886127905428,-0.6453481132295501
TGLX132019,105.02,10.32,1.29,2019-05-26,0.3,2.23,0.0022299999999999998,55.6725429705588,72.37430586172644,1,0.17,0.17,0.17,0.14999999999999986,0.5285714285714287,0.49999999999999994,-0.8660254037844387,0.5877852522924732,-0.8090169943749473
TGLX132019,105.02,10.32,1.29,2019-06-11,0.2,4.12,0.00412,55.6725429705588,72.37430586172644,1,0.4,0.4,0.4,0.2833333333333332,0.6200000000000001,1.2246467991473532e-16,-1.0,0.3456123126707335,-0.9383773917408641
TGLX132019,105.02,10.32,1.29,2019-06-24,0.1,21.15,0.02115,55.6725429705588,72.37430586172644,1,0.31,0.31,0.31,0.3066666666666666,0.6285714285714288,1.2246467991473532e-16,-1.0,0.12874817745258132,-0.99167731989929
TGLX132019,105.02,10.32,1.29,2019-07-09,0.0038298860000000002,2.12,0.00212,55.6725429705588,72.37430586172644,1,0.43,0.43,0.43,0.4499999999999999,0.6942857142857145,-0.4999999999999997,-0.8660254037844388,-0.12874817745258066,-0.99167731989929
TGLX132021,105.18,10.07,0.91,2021-04-14,0.2,45.12,0.04512,80.61639598788291,104.8013147842478,2,1.01,1.01,1.01,1.04,0.5685714285714288,0.8660254037844387,-0.4999999999999998,0.9760105506323683,-0.21772323039653177
TGLX132022,105.41,10.37,1.53,2022-02-17,0.0,0.0,0.0,53.477364503436206,69.52057385446707,1,1.34,1.34,1.34,0.9733333333333333,0.708571428571429,0.8660254037844386,0.5000000000000001,0.7354170229639855,0.6776147890466889
TGLX132022,105.41,10.37,1.53,2022-03-04,0.0,0.0,0.0,53.477364503436206,69.52057385446707,1,1.0,1.0,1.0,1.1966666666666665,0.8071428571428576,1.0,6.123233995736766e-17,0.8840675099433636,0.4673592171580022
TGLX132022,105.41,10.37,1.53,2022-03-19,0.0,0.0,0.0,53.477364503436206,69.52057385446707,1,1.15,1.15,1.15,0.8633333333333333,0.478571428571429,1.0,6.123233995736766e-17,0.9741004551724205,0.22611568550828828
TGLX132022,105.41,10.37,1.53,2022-03-30,0.1,55.354128034098146,,53.477364503436206,69.52057385446707,1,0.61,0.61,0.61,0.15999999999999995,0.0457142857142861,1.0,6.123233995736766e-17,0.9992500112396835,0.03872228089217446
TGLX132022,105.41,10.37,1.53,2022-04-15,0.1,55.354128034098146,,53.477364503436206,69.52057385446707,1,0.71,0.71,0.71,0.21333333333333315,0.17142857142857176,0.8660254037844387,-0.4999999999999998,0.9721181966290613,-0.23449138957040985
TGLX132022,105.41,10.37,1.53,2022-04-26,0.1,55.354128034098146,,53.477364503436206,69.52057385446707,1,0.1,0.1,0.1,-0.013333333333333558,0.25000000000000033,0.8660254037844387,-0.4999999999999998,0.9106046300942162,-0.4132786077829042
TGLX132022,105.41,10.37,1.53,2022-05-16,0.0,0.0,0.0,53.477364503436206,69.52057385446707,1,1.18,1.18,1.18,0.7866666666666665,0.4785714285714289,0.49999999999999994,-0.8660254037844387,0.717676913675962,-0.6963762255968722
TGLX132022,105.41,10.37,1.53,2022-06-01,0.0,0.0,0.0,53.477364503436206,69.52057385446707,1,1.09,1.09,1.09,1.223333333333333,0.8842857142857146,1.2246467991473532e-16,-1.0,0.5012418134457758,-0.865307254363206
TGLX132022,105.41,10.37,1.53,2022-06-17,0.0,0.0,0.0,53.477364503436206,69.52057385446707,1,0.77,0.77,0.77,1.373333333333333,1.0828571428571432,1.2246467991473532e-16,-1.0,0.24702218048093552,-0.9690098257244062
TGLX142017,104.86,10.36,0.99,2017-03-03,0.0,0.0,0.0,59.75559587542813,77.68227463805657,2,0.86,0.86,0.86,1.0999999999999999,0.9828571428571429,1.0,6.123233995736766e-17,0.8758917051442429,0.48250774176121847
TGLX142017,104.86,10.36,0.99,2017-03-17,0.0,0.0,0.0,59.75559587542813,77.68227463805657,2,0.41000000000000003,0.41000000000000003,0.41000000000000003,0.8566666666666665,0.9357142857142857,1.0,6.123233995736766e-17,0.9657399376548549,0.2595117970697999
TGLX142017,104.86,10.36,0.99,2017-04-03,0.0,0.0,0.0,59.75559587542813,77.68227463805657,2,0.25,0.25,0.25,0.7999999999999998,0.9571428571428572,0.8660254037844387,-0.4999999999999998,0.9995462806873573,-0.030120304846908114
TGLX142017,104.86,10.36,0.99,2017-04-17,0.1,55.354128034098146,,59.75559587542813,77.68227463805657,2,0.29,0.29,0.29,0.5133333333333332,0.8400000000000001,0.8660254037844387,-0.4999999999999998,0.9634705485641488,-0.2678143051621742
TGLX142017,104.86,10.36,0.99,2017-05-05,0.0,0.0,0.0,59.75559587542813,77.68227463805657,2,0.39,0.39,0.39,0.31333333333333324,0.6157142857142858,0.49999999999999994,-0.8660254037844387,0.8359254794186372,-0.548842958284719
TGLX142017,104.86,10.36,0.99,2017-05-18,0.1,55.354128034098146,,59.75559587542813,77.68227463805657,2,0.31,0.31,0.31,0.5299999999999998,0.8342857142857144,0.49999999999999994,-0.8660254037844387,0.6932812268869777,-0.7206671495538609
TGLX142017,104.86,10.36,0.99,2017-06-03,0.0,0.0,0.0,59.75559587542813,77.68227463805657,2,0.85,0.85,0.85,0.8999999999999998,1.0314285714285716,1.2246467991473532e-16,-1.0,0.4711595076738638,-0.8820480249558537
TGLX142017,104.86,10.36,0.99,2017-06-19,0.0,0.0,0.0,59.75559587542813,77.68227463805657,2,0.99,0.99,0.99,0.8766666666666665,0.8671428571428572,1.2246467991473532e-16,-1.0,0.21352091543979612,-0.9769384927771817
TGLX142019,104.86,10.36,0.99,2019-01-27,0.0064132525,3.55,0.0035499999999999998,59.75559587542813,77.68227463805657,2,0.74,0.74,0.74,1.223333333333333,1.3414285714285714,0.49999999999999994,0.8660254037844387,0.4482293417404106,0.893918596519257
TGLX142019,104.86,10.36,0.99,2019-02-16,0.044043689,24.38,0.02438,59.75559587542813,77.68227463805657,2,0.58,0.58,0.58,0.26333333333333303,0.29142857142857154,0.8660254037844386,0.5000000000000001,0.7236440382959124,0.6901733882429719
TGLX142019,104.86,10.36,0.99,2019-02-26,0.0047512265000000005,2.63,0.00263,59.75559587542813,77.68227463805657,2,0.09,0.09,0.09,0.5699999999999997,0.8614285714285715,0.8660254037844386,0.5000000000000001,0.8311706263658079,0.5560174366570446
TGLX142019,104.86,10.36,0.99,2019-03-14,0.1,3.15,0.00315,59.75559587542813,77.68227463805657,2,0.07,0.07,0.07,0.2499999999999997,0.5857142857142857,1.0,6.123233995736766e-17,0.9510565162951535,0.30901699437494745
TGLX142019,104.86,10.36,0.99,2019-03-28,0.1,32.15,0.03215,59.75559587542813,77.68227463805657,2,0.28,0.28,0.28,0.45999999999999974,0.8585714285714288,1.0,6.123233995736766e-17,0.9973249731081555,0.07309512989807777
TGLX142019,104.86,10.36,0.99,2019-04-11,0.00614227,3.4,0.0034,59.75559587542813,77.68227463805657,2,0.33,0.33,0.33,0.7866666666666665,0.9157142857142858,0.8660254037844387,-0.4999999999999998,0.9859481499638304,-0.16705162550211924
TGLX142019,104.86,10.36,0.99,2019-04-26,0.1,2.47,0.0024700000000000004,59.75559587542813,77.68227463805657,2,0.23,0.23,0.23,0.4933333333333332,0.8485714285714286,0.8660254037844387,-0.4999999999999998,0.9106046300942162,-0.4132786077829042
TGLX142019,104.86,10.36,0.99,2019-05-12,0.1,25.42,0.02542,59.75559587542813,77.68227463805657,2,0.18,0.18,0.18,0.21666666666666648,0.5771428571428573,0.49999999999999994,-0.8660254037844387,0.7638886127905428,-0.6453481132295501
TGLX142019,104.86,10.36,0.99,2019-05-26,0.1,23.15,0.023149999999999997,59.75559587542813,77.68227463805657,2,0.12,0.12,0.12,0.26666666666666655,0.6814285714285715,0.49999999999999994,-0.8660254037844387,0.5877852522924732,-0.8090169943749473
TGLX142019,104.86,10.36,0.99,2019-06-11,0.1,25.23,0.02523,59.75559587542813,77.68227463805657,2,0.27,0.27,0.27,0.38333333333333325,0.7357142857142859,1.2246467991473532e-16,-1.0,0.3456123126707335,-0.9383773917408641
TGLX142019,104.86,10.36,0.99,2019-06-24,0.1,16.21,0.016210000000000002,59.75559587542813,77.68227463805657,2,0.28,0.28,0.28,0.40666666666666657,0.7485714285714286,1.2246467991473532e-16,-1.0,0.12874817745258132,-0.99167731989929
TGLX142019,104.86,10.36,0.99,2019-07-09,0.2,3.45,0.0034500000000000004,59.75559587542813,77.68227463805657,2,0.38,0.38,0.38,0.5866666666666666,0.7671428571428572,-0.4999999999999997,-0.8660254037844388,-0.12874817745258066,-0.99167731989929
TGLX142021,104.84,10.24,0.91,2021-04-14,0.1,4.9,0.004900000000000001,72.09948102785252,93.72932533620828,2,1.01,1.01,1.01,1.04,0.5685714285714288,0.8660254037844387,-0.4999999999999998,0.9760105506323683,-0.21772323039653177
TGLX142022,105.21,10.62,-1.23,2022-02-17,0.0,0.0,0.0,19.71538669981894,25.63000270976462,1,1.34,1.34,1.34,0.9733333333333333,0.708571428571429,0.8660254037844386,0.5000000000000001,0.7354170229639855,0.6776147890466889
TGLX142022,105.21,10.62,-1.23,2022-03-04,0.0,0.0,0.0,19.71538669981894,25.63000270976462,1,1.0,1.0,1.0,1.1966666666666665,0.8071428571428576,1.0,6.123233995736766e-17,0.8840675099433636,0.4673592171580022
TGLX142022,105.21,10.62,-1.23,2022-03-19,0.0,0.0,0.0,19.71538669981894,25.63000270976462,1,1.15,1.15,1.15,0.8633333333333333,0.478571428571429,1.0,6.123233995736766e-17,0.9741004551724205,0.22611568550828828
TGLX142022,105.21,10.62,-1.23,2022-03-30,0.1,55.354128034098146,,19.71538669981894,25.63000270976462,1,0.61,0.61,0.61,0.15999999999999995,0.0457142857142861,1.0,6.123233995736766e-17,0.9992500112396835,0.03872228089217446
TGLX142022,105.21,10.62,-1.23,2022-04-15,0.1,55.354128034098146,,19.71538669981894,25.63000270976462,1,0.71,0.71,0.71,0.21333333333333315,0.17142857142857176,0.8660254037844387,-0.4999999999999998,0.9721181966290613,-0.23449138957040985
TGLX142022,105.21,10.62,-1.23,2022-04-26,0.1,55.354128034098146,,19.71538669981894,25.63000270976462,1,0.1,0.1,0.1,-0.013333333333333558,0.25000000000000033,0.8660254037844387,-0.4999999999999998,0.9106046300942162,-0.4132786077829042
TGLX142022,105.21,10.62,-1.23,2022-05-16,0.0,0.0,0.0,19.71538669981894,25.63000270976462,1,1.18,1.18,1.18,0.7866666666666665,0.4785714285714289,0.49999999999999994,-0.8660254037844387,0.717676913675962,-0.6963762255968722
TGLX142022,105.21,10.62,-1.23,2022-06-01,0.0,0.0,0.0,19.71538669981894,25.63000270976462,1,1.09,1.09,1.09,1.223333333333333,0.8842857142857146,1.2246467991473532e-16,-1.0,0.5012418134457758,-0.865307254363206
TGLX142022,105.21,10.62,-1.23,2022-06-17,0.0,0.0,0.0,19.71538669981894,25.63000270976462,1,0.77,0.77,0.77,1.373333333333333,1.0828571428571432,1.2246467991473532e-16,-1.0,0.24702218048093552,-0.9690098257244062
TGLX152017,104.79,10.47,1.39,2017-03-03,0.0,0.0,0.0,55.963306839491764,72.7522988913393,1,0.52,0.52,0.52,1.0099999999999998,1.0,1.0,6.123233995736766e-17,0.8758917051442429,0.48250774176121847
TGLX152017,104.79,10.47,1.39,2017-03-17,0.0,0.0,0.0,55.963306839491764,72.7522988913393,1,0.25,0.25,0.25,0.6466666666666665,0.87,1.0,6.123233995736766e-17,0.9657399376548549,0.2595117970697999
TGLX152017,104.79,10.47,1.39,2017-04-03,0.0,0.0,0.0,55.963306839491764,72.7522988913393,1,0.37,0.37,0.37,0.5266666666666665,0.8700000000000001,0.8660254037844387,-0.4999999999999998,0.9995462806873573,-0.030120304846908114
TGLX152017,104.79,10.47,1.39,2017-04-17,0.1,55.354128034098146,,55.963306839491764,72.7522988913393,1,0.29,0.29,0.29,0.3466666666666665,0.722857142857143,0.8660254037844387,-0.4999999999999998,0.9634705485641488,-0.2678143051621742
TGLX152017,104.79,10.47,1.39,2017-05-05,0.0,0.0,0.0,55.963306839491764,72.7522988913393,1,0.45,0.45,0.45,0.34999999999999987,0.5185714285714286,0.49999999999999994,-0.8660254037844387,0.8359254794186372,-0.548842958284719
TGLX152017,104.79,10.47,1.39,2017-05-18,0.0,0.0,0.0,55.963306839491764,72.7522988913393,1,0.26,0.26,0.26,0.39333333333333315,0.7157142857142856,0.49999999999999994,-0.8660254037844387,0.6932812268869777,-0.7206671495538609
TGLX152017,104.79,10.47,1.39,2017-06-03,0.0,0.0,0.0,55.963306839491764,72.7522988913393,1,0.79,0.79,0.79,0.9199999999999998,0.9628571428571429,1.2246467991473532e-16,-1.0,0.4711595076738638,-0.8820480249558537
TGLX152017,104.79,10.47,1.39,2017-06-19,0.0,0.0,0.0,55.963306839491764,72.7522988913393,1,1.04,1.04,1.04,0.9333333333333331,0.8614285714285714,1.2246467991473532e-16,-1.0,0.21352091543979612,-0.9769384927771817
TGLX152019,104.79,10.47,1.39,2019-01-27,0.04637413850000001,25.67,0.025670000000000002,55.963306839491764,72.7522988913393,1,0.62,0.62,0.62,0.9899999999999997,1.2614285714285713,0.49999999999999994,0.8660254037844387,0.4482293417404106,0.893918596519257
TGLX152019,104.79,10.47,1.39,2019-02-16,0.033637961,18.62,0.01862,55.963306839491764,72.7522988913393,1,0.62,0.62,0.62,0.41999999999999965,0.28000000000000014,0.8660254037844386,0.5000000000000001,0.7236440382959124,0.6901733882429719
TGLX152019,104.79,10.47,1.39,2019-02-26,0.005148667500000001,2.85,0.00285,55.963306839491764,72.7522988913393,1,0.14,0.14,0.14,0.313333333333333,0.7285714285714288,0.8660254037844386,0.5000000000000001,0.8311706263658079,0.5560174366570446
TGLX152019,104.79,10.47,1.39,2019-03-14,0.1,29.51,0.02951,55.963306839491764,72.7522988913393,1,0.15,0.15,0.15,0.14666666666666636,0.4571428571428573,1.0,6.123233995736766e-17,0.9510565162951535,0.30901699437494745
TGLX152019,104.79,10.47,1.39,2019-03-28,0.1,36.15,0.03615,55.963306839491764,72.7522988913393,1,0.42,0.42,0.42,0.3099999999999998,0.7257142857142858,1.0,6.123233995736766e-17,0.9973249731081555,0.07309512989807777
TGLX152019,104.79,10.47,1.39,2019-04-11,0.063482167,35.14,0.03514,55.963306839491764,72.7522988913393,1,-0.03,-0.03,-0.03,0.5666666666666665,0.8257142857142858,0.8660254037844387,-0.4999999999999998,0.9859481499638304,-0.16705162550211924
TGLX152019,104.79,10.47,1.39,2019-04-26,0.005347388,2.96,0.00296,55.963306839491764,72.7522988913393,1,0.25,0.25,0.25,0.29333333333333317,0.7314285714285715,0.8660254037844387,-0.4999999999999998,0.9106046300942162,-0.4132786077829042
TGLX152019,104.79,10.47,1.39,2019-05-12,0.029627419999999998,16.4,0.016399999999999998,55.963306839491764,72.7522988913393,1,0.29,0.29,0.29,0.09333333333333316,0.46714285714285725,0.49999999999999994,-0.8660254037844387,0.7638886127905428,-0.6453481132295501
TGLX152019,104.79,10.47,1.39,2019-05-26,0.026429826500000003,14.63,0.01463,55.963306839491764,72.7522988913393,1,0.17,0.17,0.17,0.14999999999999986,0.5285714285714287,0.49999999999999994,-0.8660254037844387,0.5877852522924732,-0.8090169943749473
TGLX152019,104.79,10.47,1.39,2019-06-11,0.002818218,1.56,0.00156,55.963306839491764,72.7522988913393,1,0.4,0.4,0.4,0.2833333333333332,0.6200000000000001,1.2246467991473532e-16,-1.0,0.3456123126707335,-0.9383773917408641
TGLX152019,104.79,10.47,1.39,2019-06-24,0.0259239925,14.35,0.01435,55.963306839491764,72.7522988913393,1,0.31,0.31,0.31,0.3066666666666666,0.6285714285714288,1.2246467991473532e-16,-1.0,0.12874817745258132,-0.99167731989929
TGLX152019,104.79,10.47,1.39,2019-07-09,0.026231106,14.52,0.01452,55.963306839491764,72.7522988913393,1,0.43,0.43,0.43,0.4499999999999999,0.6942857142857145,-0.4999999999999997,-0.8660254037844388,-0.12874817745258066,-0.99167731989929
TGLX152021,104.73,10.28,0.91,2021-04-14,0.1,24.18,0.02418,75.56526210689054,98.23484073895771,2,1.01,1.01,1.01,1.04,0.5685714285714288,0.8660254037844387,-0.4999999999999998,0.9760105506323683,-0.21772323039653177
TGLX162021,104.61,10.27,0.91,2021-04-14,1.2,54.0,0.054,85.46611270769237,111.10594652000009,2,1.01,1.01,1.01,1.04,0.5685714285714288,0.8660254037844387,-0.4999999999999998,0.9760105506323683,-0.21772323039653177
TGLX172021,105.47,10.36,0.91,2021-04-14,0.07804296000000001,43.2,0.0432,57.77121930886571,75.10258510152542,2,1.01,1.01,1.01,1.04,0.5685714285714288,0.8660254037844387,-0.4999999999999998,0.9760105506323683,-0.21772323039653177
VC00012021,106.56,10.5,-1.23,2021-01-26,0.4,172.0,0.172,154.22617038445685,200.49402149979392,4,0.44,0.44,0.44,0.48333333333333317,0.8600000000000002,0.49999999999999994,0.8660254037844387,0.4327755925504312,0.901501684131884
VC00012021,106.56,10.5,-1.23,2021-02-10,0.3,163.0,0.163,154.22617038445685,200.49402149979392,4,0.38,0.38,0.38,0.3233333333333332,0.7714285714285716,0.8660254037844386,0.5000000000000001,0.6486295610349814,0.7611042586607747
VC00012021,106.56,10.5,-1.23,2021-02-26,0.4,163.0,0.163,154.22617038445685,200.49402149979392,4,0.29,0.29,0.29,0.17666666666666653,0.2700000000000002,0.8660254037844386,0.5000000000000001,0.8311706263658079,0.5560174366570446
VC00012021,106.56,10.5,0.02,2021-03-12,0.6,294.0,0.294,154.22617038445685,200.49402149979392,4,0.19,0.19,0.19,-0.023333333333333484,0.24285714285714305,1.0,6.123233995736766e-17,0.9398560579418954,0.3415707691678556
VC00012021,106.56,10.5,0.02,2021-03-27,0.7,358.0,0.358,154.22617038445685,200.49402149979392,4,0.24,0.24,0.24,-0.1533333333333335,0.02285714285714305,1.0,6.123233995736766e-17,0.995918996147179,0.09025161003104117
VC00012021,106.56,10.5,0.02,2021-04-11,0.8,44.0,0.044,154.22617038445685,200.49402149979392,4,0.30000000000000004,0.30000000000000004,0.30000000000000004,-0.05000000000000008,-0.022857142857142663,0.8660254037844387,-0.4999999999999998,0.9859481499638304,-0.16705162550211924
VC00012021,106.56,10.5,0.02,2021-04-26,0.9,438.0,0.438,154.22617038445685,200.49402149979392,4,-0.08,-0.08,-0.08,-0.2333333333333334,-0.12857142857142834,0.8660254037844387,-0.4999999999999998,0.9106046300942162,-0.4132786077829042
VC00012021,106.56,10.5,0.02,2021-05-11,0.8,369.0,0.369,154.22617038445685,200.49402149979392,4,0.49,0.49,0.49,0.1433333333333332,0.07000000000000021,0.49999999999999994,-0.8660254037844387,0.7748840413670407,-0.6321034111873487
VC00012021,106.56,10.5,0.02,2021-05-26,0.8,371.0,0.371,154.22617038445685,200.49402149979392,4,0.07,0.07,0.07,-0.1966666666666668,-0.21714285714285692,0.49999999999999994,-0.8660254037844387,0.5877852522924732,-0.8090169943749473
VC00012021,106.56,10.5,0.02,2021-06-10,0.6,243.0,0.243,154.22617038445685,200.49402149979392,4,0.49,0.49,0.49,-0.02666666666666682,-0.12142857142857119,1.2246467991473532e-16,-1.0,0.36171373072976765,-0.9322892131745133
VC00012021,106.56,10.5,0.02,2021-06-24,0.4,156.0,0.156,154.22617038445685,200.49402149979392,4,0.43,0.43,0.43,0.1466666666666665,-0.08285714285714262,1.2246467991473532e-16,-1.0,0.12874817745258132,-0.99167731989929
VC00012021,106.56,10.5,0.02,2021-07-09,0.2,78.0,0.078,154.22617038445685,200.49402149979392,4,0.6000000000000001,0.6000000000000001,0.6000000000000001,0.1266666666666665,0.08857142857142884,-0.4999999999999997,-0.8660254037844388,-0.12874817745258066,-0.99167731989929
VC00022021,106.41,10.54,0.02,2021-01-27,0.5,22.0,0.022,137.25731318086923,178.43450713513002,4,0.48,0.48,0.48,0.43666666666666654,0.7014285714285716,0.49999999999999994,0.8660254037844387,0.4482293417404106,0.893918596519257
VC00022021,106.41,10.54,0.02,2021-02-10,0.6,284.0,0.284,137.25731318086923,178.43450713513002,4,0.38,0.38,0.38,0.3233333333333332,0.7714285714285716,0.8660254037844386,0.5000000000000001,0.6486295610349814,0.7611042586607747
VC00022021,106.41,10.54,0.02,2021-02-26,0.6,286.0,0.286,137.25731318086923,178.43450713513002,4,0.29,0.29,0.29,0.17666666666666653,0.2700000000000002,0.8660254037844386,0.5000000000000001,0.8311706263658079,0.5560174366570446
VC00022021,106.41,10.54,0.7,2021-03-12,0.6,286.0,0.286,137.25731318086923,178.43450713513002,4,0.19,0.19,0.19,-0.023333333333333484,0.24285714285714305,1.0,6.123233995736766e-17,0.9398560579418954,0.3415707691678556
VC00022021,106.41,10.54,0.7,2021-03-27,0.6,267.0,0.267,137.25731318086923,178.43450713513002,4,0.24,0.24,0.24,-0.1533333333333335,0.02285714285714305,1.0,6.123233995736766e-17,0.995918996147179,0.09025161003104117
VC00022021,106.41,10.54,0.7,2021-04-11,0.6,284.0,0.284,137.25731318086923,178.43450713513002,4,0.30000000000000004,0.30000000000000004,0.30000000000000004,-0.05000000000000008,-0.022857142857142663,0.8660254037844387,-0.4999999999999998,0.9859481499638304,-0.16705162550211924
VC00022021,106.41,10.54,0.7,2021-04-26,0.7,319.0,0.319,137.25731318086923,178.43450713513002,4,-0.08,-0.08,-0.08,-0.2333333333333334,-0.12857142857142834,0.8660254037844387,-0.4999999999999998,0.9106046300942162,-0.4132786077829042
VC00022021,106.41,10.54,0.7,2021-05-11,0.7,34.0,0.034,137.25731318086923,178.43450713513002,4,0.49,0.49,0.49,0.1433333333333332,0.07000000000000021,0.49999999999999994,-0.8660254037844387,0.7748840413670407,-0.6321034111873487
VC00022021,106.41,10.54,0.7,2021-05-26,0.6,284.0,0.284,137.25731318086923,178.43450713513002,4,0.07,0.07,0.07,-0.1966666666666668,-0.21714285714285692,0.49999999999999994,-0.8660254037844387,0.5877852522924732,-0.8090169943749473
VC00022021,106.41,10.54,0.7,2021-06-10,0.3,85.1,0.0851,137.25731318086923,178.43450713513002,4,0.49,0.49,0.49,-0.02666666666666682,-0.12142857142857119,1.2246467991473532e-16,-1.0,0.36171373072976765,-0.9322892131745133
VC00022021,106.41,10.54,0.7,2021-06-24,0.3,19.0,0.019,137.25731318086923,178.43450713513002,4,0.43,0.43,0.43,0.1466666666666665,-0.08285714285714262,1.2246467991473532e-16,-1.0,0.12874817745258132,-0.99167731989929
VC00022021,106.41,10.54,0.7,2021-07-09,0.2,51.0,0.051,137.25731318086923,178.43450713513002,4,0.6000000000000001,0.6000000000000001,0.6000000000000001,0.1266666666666665,0.08857142857142884,-0.4999999999999997,-0.8660254037844388,-0.12874817745258066,-0.99167731989929
VC00032021,106.38,10.64,0.7,2021-01-27,0.4,185.0,0.185,132.12586475828004,171.76362418576406,3,0.75,0.75,0.75,0.4533333333333332,0.5814285714285716,0.49999999999999994,0.8660254037844387,0.4482293417404106,0.893918596519257
VC00032021,106.38,10.64,0.7,2021-02-10,0.3,163.0,0.163,132.12586475828004,171.76362418576406,3,0.46,0.46,0.46,0.32999999999999985,0.6157142857142859,0.8660254037844386,0.5000000000000001,0.6486295610349814,0.7611042586607747
VC00032021,106.38,10.64,0.7,2021-02-26,0.5,238.0,0.238,132.12586475828004,171.76362418576406,3,0.4,0.4,0.4,0.24333333333333318,0.2100000000000002,0.8660254037844386,0.5000000000000001,0.8311706263658079,0.5560174366570446
VC00032021,106.38,10.64,0.82,2021-03-12,0.9,418.0,0.418,132.12586475828004,171.76362418576406,3,0.46,0.46,0.46,0.05666666666666651,0.1257142857142859,1.0,6.123233995736766e-17,0.9398560579418954,0.3415707691678556
VC00032021,106.38,10.64,0.82,2021-03-27,1.0,55.0,0.055,132.12586475828004,171.76362418576406,3,0.43,0.43,0.43,-0.006666666666666821,-0.041428571428571245,1.0,6.123233995736766e-17,0.995918996147179,0.09025161003104117
VC00032021,106.38,10.64,0.82,2021-04-11,0.9,481.0,0.481,132.12586475828004,171.76362418576406,3,0.52,0.52,0.52,0.11333333333333327,-0.05857142857142837,0.8660254037844387,-0.4999999999999998,0.9859481499638304,-0.16705162550211924
VC00032021,106.38,10.64,0.82,2021-04-26,0.9,447.0,0.447,132.12586475828004,171.76362418576406,3,0.17,0.17,0.17,-0.17333333333333342,-0.17857142857142835,0.8660254037844387,-0.4999999999999998,0.9106046300942162,-0.4132786077829042
VC00032021,106.38,10.64,0.82,2021-05-11,0.8,374.0,0.374,132.12586475828004,171.76362418576406,3,1.09,1.09,1.09,0.2966666666666665,0.10714285714285736,0.49999999999999994,-0.8660254037844387,0.7748840413670407,-0.6321034111873487
VC00032021,106.38,10.64,0.82,2021-05-26,0.7,318.0,0.318,132.12586475828004,171.76362418576406,3,0.35000000000000003,0.35000000000000003,0.35000000000000003,-0.09000000000000015,-0.2014285714285712,0.49999999999999994,-0.8660254037844387,0.5877852522924732,-0.8090169943749473
VC00032021,106.38,10.64,0.82,2021-06-10,0.4,128.0,0.128,132.12586475828004,171.76362418576406,3,0.78,0.78,0.78,0.19666666666666652,-0.03285714285714259,1.2246467991473532e-16,-1.0,0.36171373072976765,-0.9322892131745133
VC00032021,106.38,10.64,0.82,2021-06-24,0.3,96.5,0.0965,132.12586475828004,171.76362418576406,3,0.75,0.75,0.75,0.2733333333333332,0.007142857142857387,1.2246467991473532e-16,-1.0,0.12874817745258132,-0.99167731989929
VC00032021,106.38,10.64,0.82,2021-07-09,0.15,58.1,0.0581,132.12586475828004,171.76362418576406,3,0.9,0.9,0.9,0.3199999999999999,0.155714285714286,-0.4999999999999997,-0.8660254037844388,-0.12874817745258066,-0.99167731989929
VC00042021,106.27,10.66,0.82,2021-01-27,0.2,86.0,0.086,119.91820452812675,155.89366588656478,3,0.75,0.75,0.75,0.4533333333333332,0.5814285714285716,0.49999999999999994,0.8660254037844387,0.4482293417404106,0.893918596519257
VC00042021,106.27,10.66,0.82,2021-02-10,0.2,113.0,0.113,119.91820452812675,155.89366588656478,3,0.46,0.46,0.46,0.32999999999999985,0.6157142857142859,0.8660254037844386,0.5000000000000001,0.6486295610349814,0.7611042586607747
VC00042021,106.27,10.66,0.82,2021-02-26,0.3,17.0,0.017,119.91820452812675,155.89366588656478,3,0.4,0.4,0.4,0.24333333333333318,0.2100000000000002,0.8660254037844386,0.5000000000000001,0.8311706263658079,0.5560174366570446
VC00042021,106.27,10.66,0.01,2021-03-12,0.4,98.0,0.098,119.91820452812675,155.89366588656478,3,0.46,0.46,0.46,0.05666666666666651,0.1257142857142859,1.0,6.123233995736766e-17,0.9398560579418954,0.3415707691678556
VC00042021,106.27,10.66,0.01,2021-03-27,0.6,275.0,0.275,119.91820452812675,155.89366588656478,3,0.43,0.43,0.43,-0.006666666666666821,-0.041428571428571245,1.0,6.123233995736766e-17,0.995918996147179,0.09025161003104117
VC00042021,106.27,10.66,0.01,2021-04-11,0.7,34.0,0.034,119.91820452812675,155.89366588656478,3,0.52,0.52,0.52,0.11333333333333327,-0.05857142857142837,0.8660254037844387,-0.4999999999999998,0.9859481499638304,-0.16705162550211924
VC00042021,106.27,10.66,0.01,2021-04-26,0.5,29.0,0.029,119.91820452812675,155.89366588656478,3,0.17,0.17,0.17,-0.17333333333333342,-0.17857142857142835,0.8660254037844387,-0.4999999999999998,0.9106046300942162,-0.4132786077829042
VC00042021,106.27,10.66,0.01,2021-05-11,0.4,165.0,0.165,119.91820452812675,155.89366588656478,3,1.09,1.09,1.09,0.2966666666666665,0.10714285714285736,0.49999999999999994,-0.8660254037844387,0.7748840413670407,-0.6321034111873487
VC00042021,106.27,10.66,0.01,2021-05-26,0.3,13.0,0.013,119.91820452812675,155.89366588656478,3,0.35000000000000003,0.35000000000000003,0.35000000000000003,-0.09000000000000015,-0.2014285714285712,0.49999999999999994,-0.8660254037844387,0.5877852522924732,-0.8090169943749473
VC00042021,106.27,10.66,0.01,2021-06-10,0.05636436,31.2,0.0312,119.91820452812675,155.89366588656478,3,0.78,0.78,0.78,0.19666666666666652,-0.03285714285714259,1.2246467991473532e-16,-1.0,0.36171373072976765,-0.9322892131745133
VC00042021,106.27,10.66,0.01,2021-06-24,0.1,39.7,0.039700000000000006,119.91820452812675,155.89366588656478,3,0.75,0.75,0.75,0.2733333333333332,0.007142857142857387,1.2246467991473532e-16,-1.0,0.12874817745258132,-0.99167731989929
VC00042021,106.27,10.66,0.01,2021-07-09,0.038479515,21.3,0.0213,119.91820452812675,155.89366588656478,3,0.9,0.9,0.9,0.3199999999999999,0.155714285714286,-0.4999999999999997,-0.8660254037844388,-0.12874817745258066,-0.99167731989929
VC00052021,105.93,10.78,0.01,2021-01-27,0.023123840000000003,12.8,0.0128,81.8301760340168,106.37922884422184,2,0.81,0.81,0.81,0.5566666666666665,0.5485714285714287,0.49999999999999994,0.8660254037844387,0.4482293417404106,0.893918596519257
VC00052021,105.93,10.78,0.01,2021-02-10,0.02818218,15.6,0.0156,81.8301760340168,106.37922884422184,2,0.65,0.65,0.65,0.3799999999999999,0.4942857142857145,0.8660254037844386,0.5000000000000001,0.6486295610349814,0.7611042586607747
VC00052021,105.93,10.78,1.0,2021-02-12,0.041008684999999996,22.7,0.022699999999999998,81.8301760340168,106.37922884422184,2,1.17,1.17,1.17,0.6799999999999998,0.4842857142857145,0.8660254037844386,0.5000000000000001,0.6744436188329455,0.7383263540031065
VC00052021,105.93,10.78,0.01,2021-02-26,0.02818218,15.6,0.0156,81.8301760340168,106.37922884422184,2,0.61,0.61,0.61,0.30666666666666653,0.21000000000000016,0.8660254037844386,0.5000000000000001,0.8311706263658079,0.5560174366570446
VC00052021,105.93,10.78,1.0,2021-03-27,0.020414015000000004,11.3,0.011300000000000001,81.8301760340168,106.37922884422184,2,0.5700000000000001,0.5700000000000001,0.5700000000000001,0.20333333333333317,-0.01714285714285696,1.0,6.123233995736766e-17,0.995918996147179,0.09025161003104117
VC00052021,105.93,10.78,1.0,2021-04-11,0.1,34.0,0.034,81.8301760340168,106.37922884422184,2,0.9400000000000001,0.9400000000000001,0.9400000000000001,0.32333333333333325,0.01571428571428592,0.8660254037844387,-0.4999999999999998,0.9859481499638304,-0.16705162550211924
VC00052021,105.93,10.78,1.0,2021-04-26,0.012826505,7.1,0.0070999999999999995,81.8301760340168,106.37922884422184,2,0.48,0.48,0.48,-0.0333333333333334,-0.14285714285714263,0.8660254037844387,-0.4999999999999998,0.9106046300942162,-0.4132786077829042
VC00052021,105.93,10.78,1.0,2021-05-11,0.1,28.4,0.028399999999999998,81.8301760340168,106.37922884422184,2,1.05,1.05,1.05,0.6166666666666666,0.2785714285714288,0.49999999999999994,-0.8660254037844387,0.7748840413670407,-0.6321034111873487
VC00052021,105.93,10.78,1.0,2021-05-26,0.041008684999999996,22.7,0.022699999999999998,81.8301760340168,106.37922884422184,2,0.9,0.9,0.9,0.09999999999999987,-0.1114285714285712,0.49999999999999994,-0.8660254037844387,0.5877852522924732,-0.8090169943749473
VC00052021,105.93,10.78,1.0,2021-06-10,0.06142270000000001,34.0,0.034,81.8301760340168,106.37922884422184,2,0.78,0.78,0.78,0.48333333333333317,0.10857142857142883,1.2246467991473532e-16,-1.0,0.36171373072976765,-0.9322892131745133
VC00052021,105.93,10.78,1.0,2021-06-24,0.023123840000000003,12.8,0.0128,81.8301760340168,106.37922884422184,2,1.1,1.1,1.1,0.47333333333333316,0.1671428571428574,1.2246467991473532e-16,-1.0,0.12874817745258132,-0.99167731989929
VC00052021,105.93,10.78,1.0,2021-07-09,0.023123840000000003,12.8,0.0128,81.8301760340168,106.37922884422184,2,0.99,0.99,0.99,0.6,0.2742857142857146,-0.4999999999999997,-0.8660254037844388,-0.12874817745258066,-0.99167731989929
VC00062021,106.27,10.78,1.0,2021-01-27,0.4,121.0,0.121,118.9629931921143,154.6518911497486,3,0.75,0.75,0.75,0.4533333333333332,0.5814285714285716,0.49999999999999994,0.8660254037844387,0.4482293417404106,0.893918596519257
VC00062021,106.27,10.78,1.0,2021-02-10,0.3,121.0,0.121,118.9629931921143,154.6518911497486,3,0.46,0.46,0.46,0.32999999999999985,0.6157142857142859,0.8660254037844386,0.5000000000000001,0.6486295610349814,0.7611042586607747
VC00062021,106.27,10.78,1.0,2021-02-26,0.5,26.0,0.026,118.9629931921143,154.6518911497486,3,0.4,0.4,0.4,0.24333333333333318,0.2100000000000002,0.8660254037844386,0.5000000000000001,0.8311706263658079,0.5560174366570446
VC00062021,106.27,10.78,0.07,2021-03-12,0.6,278.0,0.278,118.9629931921143,154.6518911497486,3,0.46,0.46,0.46,0.05666666666666651,0.1257142857142859,1.0,6.123233995736766e-17,0.9398560579418954,0.3415707691678556
VC00062021,106.27,10.78,0.07,2021-03-27,0.6,284.0,0.284,118.9629931921143,154.6518911497486,3,0.43,0.43,0.43,-0.006666666666666821,-0.041428571428571245,1.0,6.123233995736766e-17,0.995918996147179,0.09025161003104117
VC00062021,106.27,10.78,0.07,2021-04-11,0.9,475.0,0.475,118.9629931921143,154.6518911497486,3,0.52,0.52,0.52,0.11333333333333327,-0.05857142857142837,0.8660254037844387,-0.4999999999999998,0.9859481499638304,-0.16705162550211924
VC00062021,106.27,10.78,0.07,2021-04-26,0.7,316.0,0.316,118.9629931921143,154.6518911497486,3,0.17,0.17,0.17,-0.17333333333333342,-0.17857142857142835,0.8660254037844387,-0.4999999999999998,0.9106046300942162,-0.4132786077829042
VC00062021,106.27,10.78,0.07,2021-05-11,0.7,262.0,0.262,118.9629931921143,154.6518911497486,3,1.09,1.09,1.09,0.2966666666666665,0.10714285714285736,0.49999999999999994,-0.8660254037844387,0.7748840413670407,-0.6321034111873487
VC00062021,106.27,10.78,0.07,2021-05-26,0.6,279.0,0.279,118.9629931921143,154.6518911497486,3,0.35000000000000003,0.35000000000000003,0.35000000000000003,-0.09000000000000015,-0.2014285714285712,0.49999999999999994,-0.8660254037844387,0.5877852522924732,-0.8090169943749473
VC00062021,106.27,10.78,0.07,2021-06-10,0.6,256.0,0.256,118.9629931921143,154.6518911497486,3,0.78,0.78,0.78,0.19666666666666652,-0.03285714285714259,1.2246467991473532e-16,-1.0,0.36171373072976765,-0.9322892131745133
VC00062021,106.27,10.78,0.07,2021-06-24,0.5,213.0,0.213,118.9629931921143,154.6518911497486,3,0.75,0.75,0.75,0.2733333333333332,0.007142857142857387,1.2246467991473532e-16,-1.0,0.12874817745258132,-0.99167731989929
VC00062021,106.27,10.78,0.07,2021-07-09,0.1,49.3,0.0493,118.9629931921143,154.6518911497486,3,0.9,0.9,0.9,0.3199999999999999,0.155714285714286,-0.4999999999999997,-0.8660254037844388,-0.12874817745258066,-0.99167731989929
VC00072021,106.47,10.64,0.07,2021-01-27,0.4,193.0,0.193,141.8805939510755,184.44477213639814,4,0.48,0.48,0.48,0.43666666666666654,0.7014285714285716,0.49999999999999994,0.8660254037844387,0.4482293417404106,0.893918596519257
VC00072021,106.47,10.64,0.07,2021-02-10,0.2,128.0,0.128,141.8805939510755,184.44477213639814,4,0.38,0.38,0.38,0.3233333333333332,0.7714285714285716,0.8660254037844386,0.5000000000000001,0.6486295610349814,0.7611042586607747
VC00072021,106.47,10.64,0.07,2021-02-26,0.5,17.0,0.017,141.8805939510755,184.44477213639814,4,0.29,0.29,0.29,0.17666666666666653,0.2700000000000002,0.8660254037844386,0.5000000000000001,0.8311706263658079,0.5560174366570446
VC00072021,106.47,10.64,-0.43,2021-03-12,0.4,17.0,0.017,141.8805939510755,184.44477213639814,4,0.19,0.19,0.19,-0.023333333333333484,0.24285714285714305,1.0,6.123233995736766e-17,0.9398560579418954,0.3415707691678556
VC00072021,106.47,10.64,-0.43,2021-03-27,0.5,244.0,0.244,141.8805939510755,184.44477213639814,4,0.24,0.24,0.24,-0.1533333333333335,0.02285714285714305,1.0,6.123233995736766e-17,0.995918996147179,0.09025161003104117
VC00072021,106.47,10.64,-0.43,2021-04-11,0.5,248.0,0.248,141.8805939510755,184.44477213639814,4,0.30000000000000004,0.30000000000000004,0.30000000000000004,-0.05000000000000008,-0.022857142857142663,0.8660254037844387,-0.4999999999999998,0.9859481499638304,-0.16705162550211924
VC00072021,106.47,10.64,-0.43,2021-04-26,0.5,26.0,0.026,141.8805939510755,184.44477213639814,4,-0.08,-0.08,-0.08,-0.2333333333333334,-0.12857142857142834,0.8660254037844387,-0.4999999999999998,0.9106046300942162,-0.4132786077829042
VC00072021,106.47,10.64,-0.43,2021-05-11,0.4,154.0,0.154,141.8805939510755,184.44477213639814,4,0.49,0.49,0.49,0.1433333333333332,0.07000000000000021,0.49999999999999994,-0.8660254037844387,0.7748840413670407,-0.6321034111873487
VC00072021,106.47,10.64,-0.43,2021-05-26,0.3,116.0,0.116,141.8805939510755,184.44477213639814,4,0.07,0.07,0.07,-0.1966666666666668,-0.21714285714285692,0.49999999999999994,-0.8660254037844387,0.5877852522924732,-0.8090169943749473
VC00072021,106.47,10.64,-0.43,2021-06-10,0.2,65.2,0.06520000000000001,141.8805939510755,184.44477213639814,4,0.49,0.49,0.49,-0.02666666666666682,-0.12142857142857119,1.2246467991473532e-16,-1.0,0.36171373072976765,-0.9322892131745133
VC00072021,106.47,10.64,-0.43,2021-06-24,0.2,79.4,0.07940000000000001,141.8805939510755,184.44477213639814,4,0.43,0.43,0.43,0.1466666666666665,-0.08285714285714262,1.2246467991473532e-16,-1.0,0.12874817745258132,-0.99167731989929
VC00072021,106.47,10.64,-0.43,2021-07-09,0.1,62.4,0.0624,141.8805939510755,184.44477213639814,4,0.6000000000000001,0.6000000000000001,0.6000000000000001,0.1266666666666665,0.08857142857142884,-0.4999999999999997,-0.8660254037844388,-0.12874817745258066,-0.99167731989929
VC00082021,106.41,10.77,-0.43,2021-01-27,0.3,113.0,0.113,134.27446854759035,174.55680911186747,3,0.75,0.75,0.75,0.4533333333333332,0.5814285714285716,0.49999999999999994,0.8660254037844387,0.4482293417404106,0.893918596519257
VC00082021,106.41,10.77,-0.43,2021-02-10,0.2,113.0,0.113,134.27446854759035,174.55680911186747,3,0.46,0.46,0.46,0.32999999999999985,0.6157142857142859,0.8660254037844386,0.5000000000000001,0.6486295610349814,0.7611042586607747
VC00082021,106.41,10.77,-0.43,2021-02-26,0.4,174.0,0.174,134.27446854759035,174.55680911186747,3,0.4,0.4,0.4,0.24333333333333318,0.2100000000000002,0.8660254037844386,0.5000000000000001,0.8311706263658079,0.5560174366570446
VC00082021,106.41,10.77,-0.65,2021-03-12,0.6,37.0,0.037,134.27446854759035,174.55680911186747,3,0.46,0.46,0.46,0.05666666666666651,0.1257142857142859,1.0,6.123233995736766e-17,0.9398560579418954,0.3415707691678556
VC00082021,106.41,10.77,-0.65,2021-03-27,0.7,377.0,0.377,134.27446854759035,174.55680911186747,3,0.43,0.43,0.43,-0.006666666666666821,-0.041428571428571245,1.0,6.123233995736766e-17,0.995918996147179,0.09025161003104117
VC00082021,106.41,10.77,-0.65,2021-04-11,0.7,319.0,0.319,134.27446854759035,174.55680911186747,3,0.52,0.52,0.52,0.11333333333333327,-0.05857142857142837,0.8660254037844387,-0.4999999999999998,0.9859481499638304,-0.16705162550211924
VC00082021,106.41,10.77,-0.65,2021-04-26,0.7,325.0,0.325,134.27446854759035,174.55680911186747,3,0.17,0.17,0.17,-0.17333333333333342,-0.17857142857142835,0.8660254037844387,-0.4999999999999998,0.9106046300942162,-0.4132786077829042
VC00082021,106.41,10.77,-0.65,2021-05-11,0.5,22.0,0.022,134.27446854759035,174.55680911186747,3,1.09,1.09,1.09,0.2966666666666665,0.10714285714285736,0.49999999999999994,-0.8660254037844387,0.7748840413670407,-0.6321034111873487
VC00082021,106.41,10.77,-0.65,2021-05-26,0.4,159.0,0.159,134.27446854759035,174.55680911186747,3,0.35000000000000003,0.35000000000000003,0.35000000000000003,-0.09000000000000015,-0.2014285714285712,0.49999999999999994,-0.8660254037844387,0.5877852522924732,-0.8090169943749473
VC00082021,106.41,10.77,-0.65,2021-06-10,0.05636436,31.2,0.0312,134.27446854759035,174.55680911186747,3,0.78,0.78,0.78,0.19666666666666652,-0.03285714285714259,1.2246467991473532e-16,-1.0,0.36171373072976765,-0.9322892131745133
VC00082021,106.41,10.77,-0.65,2021-06-24,0.1,35.5,0.0355,134.27446854759035,174.55680911186747,3,0.75,0.75,0.75,0.2733333333333332,0.007142857142857387,1.2246467991473532e-16,-1.0,0.12874817745258132,-0.99167731989929
VC00082021,106.41,10.77,-0.65,2021-07-09,0.048596195,26.9,0.0269,134.27446854759035,174.55680911186747,3,0.9,0.9,0.9,0.3199999999999999,0.155714285714286,-0.4999999999999997,-0.8660254037844388,-0.12874817745258066,-0.99167731989929
VC00092021,106.31,10.89,-0.65,2021-01-27,0.1,17.0,0.017,123.74954707894713,160.87441120263128,3,0.75,0.75,0.75,0.4533333333333332,0.5814285714285716,0.49999999999999994,0.8660254037844387,0.4482293417404106,0.893918596519257
VC00092021,106.31,10.89,-0.65,2021-02-10,0.1,25.5,0.0255,123.74954707894713,160.87441120263128,3,0.46,0.46,0.46,0.32999999999999985,0.6157142857142859,0.8660254037844386,0.5000000000000001,0.6486295610349814,0.7611042586607747
VC00092021,106.31,10.89,-0.65,2021-02-26,0.1,17.0,0.017,123.74954707894713,160.87441120263128,3,0.4,0.4,0.4,0.24333333333333318,0.2100000000000002,0.8660254037844386,0.5000000000000001,0.8311706263658079,0.5560174366570446
VC00092021,106.31,10.89,0.63,2021-03-12,0.1,42.5,0.0425,123.74954707894713,160.87441120263128,3,0.46,0.46,0.46,0.05666666666666651,0.1257142857142859,1.0,6.123233995736766e-17,0.9398560579418954,0.3415707691678556
VC00092021,106.31,10.89,0.63,2021-03-27,0.020414015000000004,11.3,0.011300000000000001,123.74954707894713,160.87441120263128,3,0.43,0.43,0.43,-0.006666666666666821,-0.041428571428571245,1.0,6.123233995736766e-17,0.995918996147179,0.09025161003104117
VC00092021,106.31,10.89,0.63,2021-04-11,0.1,36.9,0.036899999999999995,123.74954707894713,160.87441120263128,3,0.52,0.52,0.52,0.11333333333333327,-0.05857142857142837,0.8660254037844387,-0.4999999999999998,0.9859481499638304,-0.16705162550211924
VC00092021,106.31,10.89,0.63,2021-04-26,0.1,31.2,0.0312,123.74954707894713,160.87441120263128,3,0.17,0.17,0.17,-0.17333333333333342,-0.17857142857142835,0.8660254037844387,-0.4999999999999998,0.9106046300942162,-0.4132786077829042
VC00092021,106.31,10.89,0.63,2021-05-11,0.1,45.4,0.045399999999999996,123.74954707894713,160.87441120263128,3,1.09,1.09,1.09,0.2966666666666665,0.10714285714285736,0.49999999999999994,-0.8660254037844387,0.7748840413670407,-0.6321034111873487
VC00092021,106.31,10.89,0.63,2021-05-26,0.1,36.9,0.036899999999999995,123.74954707894713,160.87441120263128,3,0.35000000000000003,0.35000000000000003,0.35000000000000003,-0.09000000000000015,-0.2014285714285712,0.49999999999999994,-0.8660254037844387,0.5877852522924732,-0.8090169943749473
VC00092021,106.31,10.89,0.63,2021-06-10,0.05636436,31.2,0.0312,123.74954707894713,160.87441120263128,3,0.78,0.78,0.78,0.19666666666666652,-0.03285714285714259,1.2246467991473532e-16,-1.0,0.36171373072976765,-0.9322892131745133
VC00092021,106.31,10.89,0.63,2021-06-24,0.038479515,21.3,0.0213,123.74954707894713,160.87441120263128,3,0.75,0.75,0.75,0.2733333333333332,0.007142857142857387,1.2246467991473532e-16,-1.0,0.12874817745258132,-0.99167731989929
VC00092021,106.31,10.89,0.72,2021-07-09,0.030711350000000005,17.0,0.017,123.74954707894713,160.87441120263128,3,0.9,0.9,0.9,0.3199999999999999,0.155714285714286,-0.4999999999999997,-0.8660254037844388,-0.12874817745258066,-0.99167731989929
VC00102021,106.26,11.08,0.72,2021-01-27,0.02818218,15.6,0.0156,121.98792582392113,158.58430357109748,3,0.75,0.75,0.75,0.4533333333333332,0.5814285714285716,0.49999999999999994,0.8660254037844387,0.4482293417404106,0.893918596519257
VC00102021,106.26,11.08,0.72,2021-02-10,0.020414015000000004,11.3,0.011300000000000001,121.98792582392113,158.58430357109748,3,0.46,0.46,0.46,0.32999999999999985,0.6157142857142859,0.8660254037844386,0.5000000000000001,0.6486295610349814,0.7611042586607747
VC00102021,106.26,11.08,0.72,2021-02-26,0.023123840000000003,12.8,0.0128,121.98792582392113,158.58430357109748,3,0.4,0.4,0.4,0.24333333333333318,0.2100000000000002,0.8660254037844386,0.5000000000000001,0.8311706263658079,0.5560174366570446
VC00102021,106.26,11.08,0.72,2021-03-12,0.041008684999999996,22.7,0.022699999999999998,121.98792582392113,158.58430357109748,3,0.46,0.46,0.46,0.05666666666666651,0.1257142857142859,1.0,6.123233995736766e-17,0.9398560579418954,0.3415707691678556
VC00102021,106.26,11.08,0.72,2021-03-27,0.020414015000000004,11.3,0.011300000000000001,121.98792582392113,158.58430357109748,3,0.43,0.43,0.43,-0.006666666666666821,-0.041428571428571245,1.0,6.123233995736766e-17,0.995918996147179,0.09025161003104117
VC00102021,106.26,11.08,0.72,2021-04-11,0.1,14.2,0.014199999999999999,121.98792582392113,158.58430357109748,3,0.52,0.52,0.52,0.11333333333333327,-0.05857142857142837,0.8660254037844387,-0.4999999999999998,0.9859481499638304,-0.16705162550211924
VC00102021,106.26,11.08,0.72,2021-04-26,0.012826505,7.1,0.0070999999999999995,121.98792582392113,158.58430357109748,3,0.17,0.17,0.17,-0.17333333333333342,-0.17857142857142835,0.8660254037844387,-0.4999999999999998,0.9106046300942162,-0.4132786077829042
VC00102021,106.26,11.08,0.72,2021-05-11,0.1,19.9,0.019899999999999998,121.98792582392113,158.58430357109748,3,1.09,1.09,1.09,0.2966666666666665,0.10714285714285736,0.49999999999999994,-0.8660254037844387,0.7748840413670407,-0.6321034111873487
VC00102021,106.26,11.08,0.72,2021-05-26,0.035950344999999995,19.9,0.019899999999999998,121.98792582392113,158.58430357109748,3,0.35000000000000003,0.35000000000000003,0.35000000000000003,-0.09000000000000015,-0.2014285714285712,0.49999999999999994,-0.8660254037844387,0.5877852522924732,-0.8090169943749473
VC00102021,106.26,11.08,0.72,2021-06-10,0.05130602,28.4,0.028399999999999998,121.98792582392113,158.58430357109748,3,0.78,0.78,0.78,0.19666666666666652,-0.03285714285714259,1.2246467991473532e-16,-1.0,0.36171373072976765,-0.9322892131745133
VC00102021,106.26,11.08,0.72,2021-06-23,0.023123840000000003,12.8,0.0128,121.98792582392113,158.58430357109748,3,0.43,0.43,0.43,0.1466666666666665,-0.08285714285714262,1.2246467991473532e-16,-1.0,0.1457991969198751,-0.9893142039703663
VC00102021,106.26,11.08,1.36,2021-07-09,0.023123840000000003,12.8,0.0128,121.98792582392113,158.58430357109748,3,0.9,0.9,0.9,0.3199999999999999,0.155714285714286,-0.4999999999999997,-0.8660254037844388,-0.12874817745258066,-0.99167731989929
